t,Bowker,Stuart,QS,mut_sum
0.1434919368467925,226.63389961103573,223.455534570286,-0.24464339172368074,1299.0
0.3695551001127899,579.0245135011487,574.6002414061188,-0.2602681586309713,2954.0
0.5722233352836659,708.481996857777,706.4339111510525,-0.17042810023913918,3949.0
0.9038160602176755,923.7215143223292,922.2149245161255,1.619013510393044,5129.0
0.08198465142508327,193.61907273318414,192.50163365957124,-0.3948449099248713,792.0
0.47382461492437344,665.5974800911667,662.4605253992848,0.784074185004586,3497.0
0.508003225350643,698.8838405637044,698.0184619983935,0.9726765133370111,3624.0
0.5723126556213904,791.9138737889209,789.0577030440166,0.8785129357851216,3983.0
0.8307616212084823,964.987007892306,959.5026593286872,-1.00428823865474,4956.0
0.032809288708196105,57.52043774690964,57.114384153037534,-0.27745496679635473,326.0
0.552402537825649,760.7578085730929,759.0081628043649,0.057707687382613095,3887.0
0.6261791973868263,811.4257408523908,806.3924329311326,-0.07424340932642198,4259.0
0.8709558418864553,989.3952020348909,988.8663597281059,1.163865403709128,5152.0
0.8021155076532708,887.6083178166012,883.5456590069457,-0.8616737412686044,4859.0
0.6505762652804868,820.0010639486217,812.0022923303097,0.1849811146590235,4339.0
0.36238495439158824,573.4242278650197,567.0860504359667,0.9017392301781837,2924.0
0.22426182233973846,317.26086197424763,314.09250951410286,1.2578981956620727,1960.0
0.8945901144033649,1011.9808178629801,998.4307080320664,-3.047363035809882,5050.0
0.339051702552188,551.5020249919892,546.7499878754005,-0.6585386262859438,2730.0
0.7948345592873062,970.9766328662273,967.490700665684,0.7089201945546508,4902.0
0.6162844039587819,807.4453439192744,806.8061775273018,0.47249293553649085,4134.0
0.8448978146796026,952.572522812876,950.8182534253946,0.41318215100848643,4976.0
0.30459685903414324,462.7323997010849,461.8924883341705,-0.359763613754632,2454.0
0.06149824288983208,120.02921679568833,118.6936631030608,-0.19603042074424543,581.0
0.08263233204291065,161.03199300105652,158.25075618314452,0.1401950562939279,794.0
0.7499588046396589,892.4077201900683,890.7449620203498,0.7516670678580448,4691.0
0.4864205262488096,688.2759971997968,684.0199779025013,0.48923440385977573,3554.0
0.3651608915072575,512.794929265132,509.9448120935618,0.8932243285114051,2877.0
0.44117953251016384,678.264236313016,677.5801037938962,-0.21525348326325436,3256.0
0.9240530150368663,969.6234505726768,969.6113755528496,0.47576494337816366,5189.0
0.06663133882586048,130.81010647401442,130.03299507936117,-0.18196483099755661,644.0
0.11753473844018858,186.39913173277282,184.1778296201483,1.0583172872087514,1106.0
0.9229471986475011,1033.98830349079,1031.1251546171886,-0.15520848726738254,5230.0
0.5078724951185213,652.3179381375138,649.0899375349195,0.4505134566880057,3619.0
0.04131654608284763,83.63210478926946,82.17042887884517,1.300332878684489,390.0
0.6799455723789631,866.7092750149977,861.9328013466653,-0.5006086926994688,4358.0
0.5766356823075982,796.8951754913664,793.4502871905821,-0.2586856870325279,3987.0
0.8853177201745801,967.1641039075283,963.2643769544138,-1.081207693267959,5100.0
0.36752396762208295,540.6629872584036,538.892785384092,1.0683905885743292,2919.0
0.905240094563121,946.334996115477,944.6546784713587,0.856626129375331,5146.0
0.47004285309627436,701.4514561246114,699.5841883835201,0.15574223978763654,3399.0
0.46078974533384365,666.8113292346665,664.5084523941988,-0.9057594709337006,3418.0
0.7182621882072489,915.942907434588,909.2819186090485,-2.0444944160632628,4528.0
0.27972501688968987,451.6749175013893,450.5578222862159,0.3775337866376515,2276.0
0.5018316320994324,678.0131421289594,676.6554028098941,0.21023676799357896,3641.0
0.3690680463836091,580.2409764281624,578.7081853588521,0.3498882039064785,2924.0
0.982291195773029,1045.167393203432,1044.1531749296269,0.03787497207939395,5442.0
0.5193968444048931,679.895654332638,676.5353530848446,-1.184947078855983,3703.0
0.6203190390513096,801.057891688631,797.6363028975885,0.13767216642660995,4241.0
0.8195321345361007,950.6411824889577,950.2063806028353,1.0445502180666473,4885.0
0.4149915535944767,549.4888558025759,543.2257018513388,-1.7447232859194257,3138.0
0.6973506616296196,788.7128181201005,788.4371112061662,0.302053931524228,4445.0
0.7069128868141705,921.5919270109714,921.074087604593,0.6250317941986148,4555.0
0.185451794000706,380.467985573684,378.2713345726549,0.0720819261174645,1577.0
0.808844027530769,822.1005457404806,819.4149219156233,1.5885117327648004,4806.0
0.9729326985758557,1037.5990229305476,1031.7187683768366,1.1181620368012153,5374.0
0.26686029252843846,416.46127118291236,414.71206561132146,0.305712698197019,2217.0
0.12297335604297144,229.11919103502706,228.35529383393262,-0.11053511390827744,1122.0
0.26262397004336036,425.55107296705575,421.78266253768277,0.5591522379092994,2106.0
0.14254934084111315,196.13544094202442,190.76065774302356,0.3889466887638036,1300.0
0.06817784912634228,97.29709027115176,96.33777153017418,0.9785037380555217,636.0
0.7051715016167586,804.63206813588,802.0721391279887,-0.9917016104593875,4470.0
0.382331254825503,568.4920813746837,566.1627624685411,-0.37706175893476357,2992.0
0.23109926209388,372.8652948172805,372.7109177322023,0.4554164401325535,2003.0
0.22685715224854408,370.5223781245323,367.5287356901371,1.5826735594432146,2007.0
0.04336045245963993,106.48875877754276,105.67213812684791,0.045809478032585,437.0
0.895793302426317,971.3013426377981,966.2029419558625,-0.5805565892408565,5128.0
0.6006369449428475,739.1577364268364,738.1751823463284,0.6304108313956432,4117.0
0.2783322480160242,444.41417110148296,443.79516877199296,0.28242321817995497,2393.0
0.36920105689971816,546.6074349551866,539.8709368858537,-0.3211313717329112,2938.0
0.46263451300515024,643.2520601420443,643.1939664602672,0.5440044936647135,3513.0
0.477601836026584,596.7332577621804,595.5773712372228,-0.7339157207980164,3458.0
0.42326324553984496,587.0846291477272,582.4588024646908,-0.5136243120569076,3219.0
0.2143316999807212,384.67708624564716,384.5732191699365,0.6928563277886627,1839.0
0.14983234039881155,227.9649740233592,225.8508614327838,0.6136443817803628,1332.0
0.14149004436183932,216.3305121977417,214.41846863654285,-0.7566955008044374,1297.0
0.18677550844615898,316.54277223835663,315.7015767352015,0.4092994102035999,1656.0
0.21468321694159143,343.6953974004296,342.84592341130286,1.01554257768806,1854.0
0.321364579144948,471.95926666199375,461.05307293119245,-2.094502719004059,2571.0
0.5966285330700704,754.8843202207172,752.4526915510338,1.3878000481580572,4064.0
0.2622422575033374,429.60550601995044,427.76756601306306,1.2696480930122365,2234.0
0.20305651016640291,355.4626544482808,342.7401677331113,-2.597848607289026,1778.0
0.26443104280161556,436.11119964635355,435.138561662982,-0.12937925992718358,2219.0
0.2114731157098314,386.58444860164076,386.1352958148674,-0.35143864384029627,1816.0
0.027278597909991653,50.84087729377441,48.28919386768395,0.8902680914539973,291.0
0.36178357444910825,563.0883248133244,559.9363806494384,-0.856499773010943,2836.0
0.723638155904065,944.7300886987359,943.5118769230278,-0.3774323689891133,4617.0
0.8651035337844375,925.1027445809849,924.4405300329672,-0.013126720995041146,5079.0
0.05031404290307151,92.33025232218637,89.61810818824749,1.3799101194905754,500.0
0.2663728790976917,387.5864318190207,387.23661579251154,0.020858247029327988,2237.0
0.6658344525087918,773.0498923608136,767.7296756641509,0.569883455426916,4288.0
0.1597564615600392,221.4760878986045,220.79830464344226,0.38663285823066074,1383.0
0.9258857247005353,1101.7936444212862,1097.0398691244754,-0.752331389263587,5225.0
0.721611739753715,851.8315841379427,849.6086860882247,0.6799048471586608,4506.0
0.4431734645934414,635.7349522628323,634.0027039323221,-0.3268541625530965,3368.0
0.120516247605853,196.47479444571348,191.89116184941628,-1.7881297351983676,1102.0
0.3400079552131796,523.7326185219903,523.044741821265,0.2629687633493377,2710.0
0.2356855175838749,400.72745342787385,397.8336011759413,-0.3056091994615951,1970.0
0.205302111276925,348.44891265948104,347.7657978668028,-0.5243778462187162,1766.0
0.09256823936053593,142.56308539231654,141.83973621671063,-0.5294439258984037,848.0
0.9182832069222664,910.3976287257713,910.0292237194114,1.0189976350267425,5148.0
0.207258759750357,374.45391261294736,374.4100870604404,0.3867237054978826,1725.0
0.18273041173496296,335.80713365127497,334.88624558079607,0.588391191743688,1633.0
0.6225982031748745,818.9552363144362,816.1256646126965,1.9402318529819045,4228.0
0.14815228035857986,283.9232061275412,281.8819689789214,-0.8035339584265917,1367.0
0.7178342278356132,832.6763803034096,830.5346515942844,0.5325371540179265,4557.0
0.39310177329036833,498.99265049557977,498.33186235293033,1.2319709712724884,2997.0
0.3296684022793024,540.501423309525,535.4728540275756,-1.1610360279672487,2708.0
0.28930694541540714,527.4239180766019,524.0852675794025,-0.9471940172011919,2463.0
0.8172165971909782,895.1442040695525,892.9211835371065,0.6327686785081139,4927.0
0.9399805278913955,910.201658105794,909.3095184960858,0.6252240321405038,5292.0
0.5755969671155858,761.4901838498178,751.6823411405201,-1.077154547332955,3965.0
0.8052158600354136,1019.297889196807,1017.518717032793,1.3126503783779984,4947.0
0.5130870595251855,736.8310818121696,730.0570863585799,-2.055220288916058,3684.0
0.5937854252447992,716.4188376299334,714.0092512293245,1.736031777086324,3963.0
0.47281807048701985,565.8609153822404,564.1059316029672,0.485592211129142,3328.0
0.18779462753620946,325.83223181609594,320.84483236170894,1.0278471821741058,1627.0
0.7812550094772719,974.3666633812212,974.2006827679377,1.0866845253472825,4818.0
0.49323836712014635,661.1452984919516,657.1662383509628,-1.4641904044067002,3563.0
0.2356853006103885,412.1258469989483,411.0684177814015,0.37671167577909975,1983.0
0.6481180687625352,795.346113652928,793.9922998628596,0.5129130532500519,4285.0
0.5954586053113641,851.4189584067361,849.2416246340802,0.7999392549943571,4131.0
0.1924047782110785,315.03546914477494,312.8008946638332,-0.9726142058872493,1679.0
0.5209922379723902,703.8915218574713,700.0614982750606,0.6842778636287448,3731.0
0.6665069487014857,776.2182962736431,775.5313881561697,1.120476170307321,4427.0
0.23478328182873365,424.07512092256354,419.06677514743035,0.9428062232079147,2056.0
0.025101695371226418,48.45956188572381,42.03518024326016,0.8262079005687187,258.0
0.9232097273758004,943.1401006095656,940.6893535541881,1.7047807247472162,5169.0
0.30956518568656255,468.7038755587476,468.4182610973776,0.5083047726195307,2447.0
0.8329572199646494,844.8204968038198,844.0923095430048,1.0635211916254708,4943.0
0.26996974406242347,401.4840443580642,399.91810127627815,0.61184889481943,2296.0
0.8213224626067263,882.2156950315798,881.4780995516659,0.269190160389503,4944.0
0.43418198250844464,548.2421699254884,547.0351949622992,1.0585028676026125,3278.0
0.24099512339308626,420.82009390723243,417.3339382780823,-1.5426755576189881,2015.0
0.047212000022689105,72.94644098435451,72.55322053995752,0.45634729468375296,431.0
0.39053314334573197,631.7455215080071,627.5558078589755,0.6936607773996379,3038.0
0.4822560906048895,720.7586122174657,720.4885254335605,0.27621453934502976,3610.0
0.8397565405127193,830.2891752633687,829.1546936710622,1.1366113377214395,4945.0
0.738824002996862,947.2579287215382,944.3226213151611,-0.6800172084631655,4635.0
0.3673985910141291,563.3226305117867,561.0184272239054,0.9307597003779641,2795.0
0.008517883929481829,29.69878618113912,27.573842845825943,0.38223723573474294,73.0
0.3531388757914462,495.38447607283354,494.1994155748301,-0.7226295136565553,2795.0
0.7023818844936291,767.5430022963338,766.1314771614354,-0.08610208692005511,4534.0
0.42887165130602156,601.0846842541246,595.5030009743581,1.2060080442874097,3230.0
0.6401973217740404,832.1322540163684,830.8586069962716,1.2817364602711072,4245.0
0.7111132339497881,741.3185113085254,741.0256460547912,0.38914520915627077,4574.0
0.8743272718676679,970.3318524591518,966.9355537087683,1.0165580606362574,5171.0
0.3175006382164216,434.2436249803971,433.5948243150655,1.1401248666030217,2617.0
0.9529470712719074,1069.4832862095084,1065.704469906276,-0.8060531874212044,5349.0
0.5354699203809526,766.7501485097445,765.0803824076766,-0.2831582925419045,3866.0
0.4452783332121948,617.5601608434918,614.9831054139796,-1.2037314974905347,3248.0
0.46194894547002674,726.0434830379676,722.8967324013184,-1.1921805446577909,3478.0
0.12979443296287174,221.01311615754142,217.02342324136083,2.154583612357942,1156.0
0.9871628251074809,1029.4870429232576,1026.3047570450638,-0.39257069124874217,5449.0
0.0033136100508935895,,,,32.0
0.5864236750953539,728.774120381131,726.7190647567733,1.329082975482258,4060.0
0.8312173032862895,946.4661714433719,942.751013954991,0.6586890562145408,4916.0
0.9482823231729289,966.4664506545822,958.4678927334883,-2.1447377445088063,5289.0
0.38689922583541225,526.717000344455,526.3436388342299,0.01262957760005472,3026.0
0.024539059814160824,51.41985121984016,49.35355077906381,0.30990450747819503,246.0
0.3584257044945931,543.2405613735388,541.6379394106389,0.7638218880914545,2831.0
0.372595286703151,504.11577054506523,504.0553504997731,0.5663007394891835,2906.0
0.8401334670950209,926.4479888861586,924.8900369462556,-0.5297655706638777,4997.0
0.20997784940362907,367.2695375031865,367.15395533906036,0.603834586206218,1801.0
0.7722915175690434,782.0824661204706,777.1991510558515,-1.6345908645462326,4788.0
0.04656264876530314,103.17618032255484,98.92774629069605,-0.8477138264987297,471.0
0.2309137602421637,364.05805466407367,363.0861230961609,-0.24779872341436637,2039.0
0.6004623614696947,770.667929901899,767.2834018401588,0.07497416736213962,4095.0
0.9239798726097262,1104.500472895826,1101.235987595066,-0.74969519454268,5255.0
0.8996048237670193,960.4557064352541,958.4681312750669,0.6849558986600137,5166.0
0.6141233121715536,785.0534376252165,783.8658871844113,-0.03332189599320123,4204.0
0.3461633195952811,519.2147818982698,518.272944408163,-0.45723082930378683,2690.0
0.04773410832211211,113.40302217082967,105.42862018208206,0.12628202056259127,449.0
0.00890422439983063,25.73602693602693,23.395994302240254,0.7815440600939154,74.0
0.3253402585832891,560.5047455649172,556.1645264570442,-1.1498358993708226,2608.0
0.8888176687347431,1053.68502400476,1045.4091238487317,-1.911300746858865,5184.0
0.9274354855114832,931.0569520311927,929.7620854923541,-0.7066748251066871,5264.0
0.02048839898163335,34.367490026313554,34.018925309241155,0.24210497039061074,195.0
0.418144403757459,669.5952089320263,668.2651429093625,0.6526036987568091,3198.0
0.2886496765018509,492.6560604360248,491.81979140268663,1.2876180046692152,2457.0
0.14293304698042986,248.89043966551023,248.5461836303904,0.9203680972629685,1252.0
0.6570796565842475,751.2671098086366,748.5331943268295,1.583357380049208,4317.0
0.8916289199172327,1092.3328353955437,1084.574690138334,0.7901523144743471,5147.0
0.9710382589759942,969.6146896772392,966.0033328903154,1.2153418463820933,5371.0
0.8351091470474131,1001.6101386153769,997.3569971781378,-1.377096355243688,4952.0
0.3622137268379012,598.3701297448773,596.5014713949298,0.17784236144936194,2927.0
0.09919257138772797,204.49338045824481,203.60101268970243,0.20217234707957443,905.0
0.4074957241799684,590.903951773506,589.3125201153501,1.6346498004488033,3106.0
0.6177244231615038,680.8924171797183,679.941894081637,-0.7671922016570843,4128.0
0.35884304226564334,547.8299304925772,545.1281410855714,-0.5162317748619981,2836.0
0.3964946165259233,554.2164361132052,551.0772884374613,0.22336088545473953,3086.0
0.6045836988411015,835.1698902895729,830.9570465957107,1.1564011333541926,3996.0
0.43715146276016936,626.6179648716885,623.6973390706881,0.9567815186250381,3254.0
0.32758528357396277,533.8535489736373,530.1596172585841,-0.927167688794361,2691.0
0.4750128360943291,614.8168061711273,612.961276130312,-0.17659258266253816,3416.0
0.8591203148571912,951.5562015137365,944.9259627601631,-1.7019006042459612,5068.0
0.9230360205719861,907.5188421630803,900.298571983099,1.6528748456336038,5182.0
0.7019075327459977,904.0404411748989,895.5592484461126,0.36078514499792186,4559.0
0.9405072361215694,1068.9235811800431,1064.31621254169,-0.7323448104574676,5360.0
0.1392985634003392,276.80599547785397,275.4007743364435,-0.17602877680054985,1315.0
0.5880794307080381,735.7987477011546,733.7917940870465,-0.7538044980569596,4050.0
0.7710540023146557,781.2908012226491,779.4484512210895,0.19053566077138198,4767.0
0.32024699577118054,509.48685446808344,506.2550491252762,0.763230720074124,2635.0
0.9774579151985803,1007.9385018731125,1007.8363520931857,0.7591177310673779,5386.0
0.6085950208565838,776.7183923494266,768.1018551673216,-0.04991394215488733,4103.0
0.7218704056323676,830.6751917261746,829.6039288649731,-0.321441640738317,4518.0
0.544727757062948,753.4388315253011,749.8133567529819,-1.2538083447926835,3833.0
0.5673095329107947,818.1957170752268,815.9618496562714,0.44353713960855135,3915.0
0.36879894146384373,567.3596898294644,561.0341823165112,1.984789033921179,2899.0
0.177441710012754,268.1955842339664,266.54077880245126,1.1463559920120974,1503.0
0.9694103440583187,951.9456607147769,949.1076467162007,0.4827867914505406,5402.0
0.7917205579873734,886.8051680483061,883.359548447941,-0.8545822392669669,4846.0
0.5608418391858754,738.7220073196958,737.2549117265471,-0.026972170136880105,3987.0
0.669233905333617,796.8491912712055,796.4264298200064,0.27421962966370206,4327.0
0.5464815265646449,652.5703468225369,652.0327364184301,0.0040798082139640235,3788.0
0.3581607690283485,583.4647938531514,581.9610505784517,0.9636759212936307,2787.0
0.09068673598415211,132.96301808349835,125.85147647649337,1.6966962312011669,775.0
0.8215593359518176,921.1126904011708,916.2844187930006,-1.2372965860524676,4949.0
0.5997992599427514,804.7988388638807,794.2694622351192,0.8580741930609033,4083.0
0.6097230766054674,712.7772246086635,708.3243713954812,-1.6825906684509242,4098.0
0.36499099431799464,543.5911802182301,539.0913246301418,-1.3414386797617057,2832.0
0.6720203279972956,731.1675839697049,726.610762069119,1.27462790161053,4394.0
0.8914602145591958,923.5459736721637,919.6928872511579,-0.4645593024087665,5025.0
0.302955139690134,506.597744993258,505.00737945865524,-0.7037027908622078,2471.0
0.8932011581579993,985.5167525200814,984.600479884944,1.1380570663496332,5184.0
0.028156253848791613,49.85729293343374,48.40397153156347,0.9717000538316034,263.0
0.2832289153403085,506.84521344945887,504.5362746934043,1.1953809351161688,2355.0
0.8483021879937688,1026.9329017264056,1023.5863823472066,-1.0188006967712533,5008.0
0.9322707495550213,968.4273971846809,964.9431501207171,0.37956792481770457,5297.0
0.15444521887524065,297.0719914772543,293.7516894341009,0.7243780305847313,1358.0
0.7529309642657158,834.7507387138877,834.1808383576195,0.8163372190936595,4664.0
0.5308923947997533,729.6398313851726,727.5380870283448,2.190514731708748,3732.0
0.8844732840969146,897.5605386835479,897.3120732562021,0.040347927318024494,5171.0
0.04108143402767128,101.89806939679528,100.09837249220935,-0.6064112377297205,376.0
0.06893293083758523,109.69138671831519,106.0827813860251,-0.48309454541213964,721.0
0.8490088705273733,894.1103469230436,893.640333270247,0.04908548681063593,4975.0
0.6310155887932644,909.4983549746001,908.1129738390473,1.5784439792028753,4258.0
0.006047209175545465,8.898767898767897,7.783267593938137,-0.6347862613836768,65.0
0.8383288190581075,951.070596610453,948.9601497187563,-0.5443989825551151,4985.0
0.805834539901629,884.1818426156852,878.8711376485741,0.761163992896675,4878.0
0.2193439778873817,355.66934650519414,351.8328993774174,-1.4518642971454552,1901.0
0.6854266931840793,836.8628448587774,831.6916325926106,0.0253281569590556,4395.0
0.012747940165183547,27.056008359456637,24.988402747619066,0.34695254836280626,135.0
0.5148900400345267,705.5619704856683,701.963022837554,-1.0546914131882041,3759.0
0.10582217860475762,210.2046548690811,210.05698867193334,-0.27165451298107285,995.0
0.06517199167199106,133.96033222264933,131.54983293592505,2.086107475722659,624.0
0.31708069200339395,414.0543778581264,413.3532351509779,0.6983734273158186,2533.0
0.6092146149528339,790.3925283157597,777.2730688097663,-0.6476482896857474,4084.0
0.3171028440154646,539.2394657269465,536.3093330688063,0.9545265207005196,2544.0
0.32026903463006084,515.4903566610682,514.713386797962,1.2440083271874633,2581.0
0.6607141590774074,787.4987838815912,785.6504782902023,-0.3081832811623559,4284.0
0.6999748301070173,889.2430875425284,881.6596069673587,-2.002499969062615,4478.0
0.5878850474021409,820.7856104979869,819.1180683437706,0.1249078484432323,3977.0
0.8509392260993767,877.8669895662591,871.5725096148004,-1.8071194478315065,5085.0
0.7412329814370185,881.0502377561503,879.4204792995071,0.23044577860061902,4644.0
0.9315092842996385,999.7959622242614,991.2048465533074,-2.0213623458474546,5160.0
0.765867066870426,868.358848870581,866.0080325123118,0.6172201968835166,4695.0
0.7785142840368406,889.8163120804505,888.4813419009588,0.6612460564800225,4689.0
0.7771840483606116,845.271713715058,843.91266332275,0.818534959046426,4779.0
0.08448850914112382,151.09972644511316,147.7200341535905,-1.7160785866760109,834.0
0.05258388558703686,47.799044258717224,47.7169901198214,-0.16504057082325282,516.0
0.5748473870682311,730.3204970555755,725.8953059404449,-1.6044018236786428,3975.0
0.5581805538470138,685.8143454905739,682.1242134614192,-0.5624675940179207,3866.0
0.675661220305697,770.7957948392466,768.8621367364374,-0.5699709114120705,4330.0
0.42159745162797724,581.8898180060571,578.8529855636473,-0.06033962453222437,3176.0
0.9520196700604796,998.3659246501913,996.2172595239759,-0.9217095039454587,5408.0
0.7747192124778489,898.1156269204922,896.6291431705905,-0.27538592036049037,4792.0
0.7913560947926677,922.574525539799,921.3958554343366,-0.01121030025972822,4803.0
0.8096150260814043,911.9232041153082,907.813880629627,-0.4365861286917605,4851.0
0.23606270982086153,307.2313210382942,304.8409660990953,-1.438809024349879,2093.0
0.37540866053205735,539.0065153653027,533.4722850295756,-1.9053178417229761,2939.0
0.8766194855243373,856.5531480679698,853.9082230467683,-1.2983303761490563,5174.0
0.9241732524402703,989.7343778966433,985.1173004333859,-0.7441750078071296,5201.0
0.8525349063353043,857.8791598164016,855.9047326777697,1.769426734032193,4968.0
0.805315233112435,864.8200942246876,859.0043897462067,-0.3657019649697528,4883.0
0.8238647582375325,947.2793989074831,946.4322686221229,-0.19857089384306395,4938.0
0.4065138133065328,610.5191562850357,608.6832710703089,-0.16473129480250193,3081.0
0.9177437316865348,1018.5138346510624,1016.9191383957107,-0.8607856703465401,5264.0
0.6109977220522312,796.3369178870704,789.9804954696622,0.9436493201300994,4104.0
0.5473655017406855,674.900612626921,669.1352444396754,-1.6198926259243893,3735.0
0.5730772848113088,735.6402999970403,729.7014936674406,0.020347861405764885,3941.0
0.9895268396388395,1068.6880886954984,1066.953020193133,0.816424846700268,5427.0
0.07176923982957151,137.60428869920918,132.7922389601192,1.5225554164990973,672.0
0.34292413135360156,518.8086744713186,517.7318574012817,0.847586058241076,2661.0
0.9734434849245024,992.307683614614,989.5610013896668,0.17032674928269845,5305.0
0.06045276531801613,131.31422431890198,127.64404543013339,-1.1345526715011287,618.0
0.680307889450798,746.726478003349,743.0479018842344,-1.1704741275031845,4392.0
0.8308846834005319,963.7032665999345,962.4021952656965,1.0261569164992783,4972.0
0.553210009780298,655.5570122773598,653.982627324012,0.8860036073963559,3874.0
0.971473936526927,968.2019248586153,967.2017078103657,0.0023874457721785067,5379.0
0.8840591248140466,960.1216107254908,958.7097033135053,1.4761980515927524,5162.0
0.2949082953621741,459.59653287080107,459.1504198381613,0.5539937194680776,2401.0
0.9347532599808301,944.628622819444,943.9143890070519,-0.17051838460775204,5283.0
0.6445093539654247,818.8961634527323,815.3429933504019,-1.198206494937425,4258.0
0.29630410572638033,404.7631135145324,403.13847911763827,0.1748510393018375,2427.0
0.5799757158846692,779.7932958353643,778.7768600567576,0.2621109801602004,4017.0
0.24869144634725593,442.6143643129898,441.45037540725724,-0.4674737569606848,2097.0
0.8306465286314285,914.2849633210598,912.1687971420059,-0.8428903983558116,4946.0
0.26199991161727376,415.68367216056316,415.191475000013,0.0786457600888696,2220.0
0.7167699294758711,897.9550519973773,894.4959121054917,-0.4564949419458993,4529.0
0.03968970199042443,82.46335580421182,75.2256116095594,1.9386028945709168,376.0
0.34407916432852736,517.5561977984777,514.9042380003494,-0.7427759080585994,2754.0
0.8503172000475676,930.7935966913799,930.6614219026412,0.4378690742575468,5062.0
0.3513423555676011,508.82020586066534,507.6587336938077,0.1655521262291724,2730.0
0.010941594108267672,25.454953463561782,24.646800130697017,-0.06132031675268478,120.0
0.5770019532261731,796.681640802701,796.1594405123636,1.1813638531601562,4029.0
0.7506241979841499,1005.6317135813939,1005.1694692568102,0.33349150478082895,4643.0
0.8082230144916029,873.3694244457201,865.9510682558226,-1.3467307016522294,4867.0
0.07235778085611277,146.06156129484285,142.45390817520737,1.2539974127375628,704.0
0.0250926244228189,70.27887478345144,66.31399557316618,-0.7794326499605264,282.0
0.26269169746680854,478.5615027016775,472.0629971157281,-1.0940361881662957,2174.0
0.08468350760923571,163.98539215632488,161.2415461776327,1.1324362941002923,843.0
0.6065353127689583,770.1118573883,768.285081285195,0.29485254946941686,4080.0
0.15031784702593465,284.9457407186393,273.47078384030436,1.4866480981316135,1329.0
0.2676449885158645,357.6823492927958,356.2196845484343,-0.7680835934499789,2189.0
0.2675641974928038,454.8317816358541,449.52805526515266,1.2046102100822205,2300.0
0.9204072873265204,1001.6594154647331,996.3510177794655,0.7411918044504268,5150.0
0.5938411311100111,746.5652724029197,744.9884784789868,0.21011484369194838,4078.0
0.9879053010613846,1007.454924179685,1003.9812353982791,-0.8970653655243727,5471.0
0.678237452130086,855.352388573129,848.0534286209648,-0.5845043437987744,4428.0
0.5608977459424709,726.5002320940648,726.3759609826141,0.2193525317354664,3831.0
0.5614092820558237,856.0444795868259,851.7312227300052,-1.3578532319788188,3876.0
0.9369528867203853,905.9206590169301,902.26702183135,-1.4426707521338624,5274.0
0.7860177298620349,853.5162234614351,850.222349417553,-0.39423001774415345,4705.0
0.364562672691813,610.5973064474239,608.1491577225161,-1.0243466888144068,2916.0
0.47348491899335776,655.5934535347969,653.5921804842227,-0.597625061087209,3525.0
0.10905498494572596,208.37429774252226,204.54696234824524,-0.2827036043022726,1010.0
0.4385381647455927,693.4682910614717,689.7796773053947,1.3884496768917385,3277.0
0.6578825014925237,801.2359832652252,795.58577560626,-0.1407496448071599,4302.0
0.34411967044110137,491.8850247287414,487.16719023130815,2.2337491307019395,2672.0
0.1337393525736288,240.25640527303335,239.3419241092554,-0.0471197589687154,1263.0
0.5418817855271019,737.1852523202914,736.2777909363041,0.15350798220057613,3959.0
0.6397826371441789,776.9366763936478,773.7529238814606,-1.3826008993978125,4202.0
0.2752383876036866,419.4726204693903,419.2638246050454,0.655580445501293,2301.0
0.6310170373388903,688.5740016162297,679.5837614326975,0.16477810850355648,4238.0
0.8749647238806414,914.6983983739099,909.4962061074086,-0.12072586359738431,5083.0
0.6694902542075649,746.0643057480911,744.4414227014222,0.7382405257187551,4470.0
0.9889546988596407,1046.6451235839975,1044.312987878586,1.7404436903556768,5411.0
0.6373034276558687,798.0079772462932,796.6636278040485,-0.23824417124649303,4239.0
0.6001293251775913,766.8524226328532,763.8161373276542,2.047012092055162,4108.0
0.19135410811987674,307.09478287675483,301.87675550487006,-1.3247738147436392,1652.0
0.4815850066756786,660.9735948508377,653.585571931839,1.9370452693689002,3500.0
0.5419887313270068,689.3248074610034,682.9991529741692,-2.293674328983109,3749.0
0.333442395169805,522.737087728917,516.2220095383532,-1.669019286634323,2665.0
0.8278953298369882,979.7719388202989,972.9972848996771,-0.7117550761946253,4931.0
0.5854666516576731,752.1493043572708,747.4097780604361,-1.6709470042265488,4082.0
0.6808334461592623,883.6975016912249,882.5086690768692,0.1926702861529814,4422.0
0.7767784401467651,844.314549792206,837.2271517216136,-0.5827397184957992,4736.0
0.5812119844815686,723.7499360996095,721.2986145028385,1.4089193358451413,4024.0
0.511953582101324,635.2892985147669,633.7733833554572,1.1369954513369271,3718.0
0.26085464157293126,411.33677047121637,410.2742553606507,1.0448242771371885,2208.0
0.20829015889790958,328.0615172809444,327.19579235955507,1.2799617754305264,1783.0
0.42707533950869836,718.9277959854743,718.8127072270295,1.0830010811354118,3258.0
0.04827857160760263,64.70615354548573,60.674856262823255,0.013096549364382957,470.0
0.011488299182158768,34.1149682367269,31.28837251520379,0.8546946432100013,112.0
0.6060990862955946,738.0549670996908,731.7570055657404,-1.00820602743489,4068.0
0.5316281142970596,652.6890727946148,649.4382279774024,0.830694647678719,3719.0
0.7747161391491635,887.2021411845961,878.6664833749211,-1.585192839225538,4806.0
0.29477943888868896,429.49477642291856,428.7403957325813,0.2193452840192317,2376.0
0.26588070357121285,461.0831195910127,457.6521471446187,-0.832039173846703,2212.0
0.9799066350932313,980.6842205732573,978.3072547759796,-0.7452871386048583,5421.0
0.9438760267293416,1028.1367744899742,1027.2351713885112,-0.17450208240807413,5259.0
0.47119420040103777,631.3480220246147,629.8585906726738,-0.2283233308849446,3426.0
0.04116305147016075,52.32709670601214,51.030752112688106,0.3955664560733571,422.0
0.4204742770020178,644.1685052690029,642.870536593703,1.3926851467236556,3188.0
0.6915453390315583,734.618458388272,734.2692239879979,-0.08327501923783841,4431.0
0.41242573443596675,628.7653928846777,623.3824272051575,-0.29147150482116574,3172.0
0.2283427022841671,356.1347527305548,353.55544322095716,0.3996120687327309,1921.0
0.7224997900097484,862.3925012786847,861.5492562930549,0.7162602510682008,4639.0
0.4908778188814026,629.4428515220658,627.2525220075357,0.7603475962474884,3525.0
0.6218079171773812,776.9275165907964,773.2935854870125,-0.7985374675026166,4118.0
0.5065813744511014,655.3835707038337,655.2082027288716,0.7599421392933572,3631.0
0.5953800509924009,694.673675779339,691.9816989865925,1.6753157098947626,4064.0
0.20456535599809067,347.5609795646856,345.44971423758295,-1.047031652072183,1824.0
0.3649375335198669,467.51228109845675,465.12608719184163,-0.8325225594173078,2823.0
0.2748304256075066,450.44102118488394,447.59060061871025,2.1919174691137107,2349.0
0.24000796107476197,341.4752443121614,339.81694657382997,-0.128854870138464,2029.0
0.890703529236221,928.6417957416717,925.6802819673969,-1.3175332854091932,5113.0
0.7362896425290475,913.8530353051326,911.3395214508522,1.4363154520168773,4594.0
0.1721398988740901,314.516338911815,312.382617087755,0.8197107262420263,1530.0
0.18032145435480595,327.27644236157187,325.43360344437633,-0.08044811715722786,1624.0
0.7923234011808226,888.0872414595983,887.2248907576392,-0.12005803351327461,4806.0
0.7230955979343104,851.2460697956981,849.3991701147775,-1.0831799710358767,4587.0
0.25165539650355906,432.370387114431,431.5604157835108,0.38575126333721077,2184.0
0.8839563981799448,947.7121902359282,946.9599148659922,0.1540876109245892,5138.0
0.7918705090410857,812.030121863103,810.1386807842252,0.288882377552893,4877.0
0.6933028598494573,820.8566747519073,817.3052136663443,0.7482931997716943,4444.0
0.29313457073385696,485.8360458444091,480.7917683052375,-1.6616259635318051,2358.0
0.03692749868613021,75.10060594510153,74.00626208959847,1.1478017912028942,381.0
0.1351843620072367,200.7016761281239,197.15965601173727,-1.0193683380436789,1204.0
0.03685091268301377,100.30417693484844,97.06372007366477,-1.1853563714496234,395.0
0.3729482803532529,526.4315434200884,522.5776414441295,0.8363924274547058,2854.0
0.45806412969985943,714.1005351614166,711.2288374445188,-0.8773387708003252,3440.0
0.3027968592773381,489.4341235553121,487.5521707350107,0.34010850044896446,2481.0
0.1634797271346221,344.64306884975906,340.47048411941563,-1.098603375871305,1476.0
0.08091718726035757,167.8883932406684,166.1413290327933,-1.0521176894733524,811.0
0.8263190255388244,924.7563672506787,924.1049335887318,1.2660894627130386,4897.0
0.41686211984575705,670.0148705254377,669.0313829186687,0.40341192901790046,3155.0
0.2278505403215213,375.6845935844843,369.27641990514326,-1.637940758926343,1946.0
0.33296176260817945,510.48998059119526,507.0979596047054,1.7351533567520638,2633.0
0.09814372510415803,204.81729673006308,204.52208315640462,0.33018839563766444,930.0
0.12376952391181595,222.20739612005855,218.74155002470496,1.9744578919247304,1161.0
0.5291927585476918,689.5064202955622,689.0125647120152,0.0014449486247145892,3843.0
0.6123805549497497,732.8347720921753,731.752701831577,0.784633302930789,4052.0
0.7212619024063902,868.599388779625,867.5788804676253,0.012214986501236385,4534.0
0.2579026294971063,410.62837181470707,407.5257457636298,-1.4382156384176454,2146.0
0.40263208468312894,552.5178443571995,550.8208348355053,1.4821558310320768,3064.0
0.8657364579916418,831.4770474897972,830.6345908668404,-0.16445647243384598,5015.0
0.45228370961949704,615.888936636392,613.9595349303945,-0.9456993019682919,3331.0
0.49211815551765714,696.7216911605329,694.4325000854374,-0.9627368751234824,3596.0
0.31764020736521825,557.439000919067,555.8723995376525,0.11773690116539279,2570.0
0.5919035491298361,780.4424461664863,779.6013621037226,0.18623358088944772,3992.0
0.9382056216517507,992.3283753754151,989.6952465620935,-0.5562059708896315,5306.0
0.4543238081010722,669.445262997173,668.8994849513789,0.4757677556790227,3397.0
0.13236717910153062,228.0623974481001,219.51725764172005,2.660426367915663,1203.0
0.21900876520567925,425.1118010544947,422.6233773062927,-0.7432014458457262,1909.0
0.13434824508584187,204.53519224250786,203.7611375041264,-0.49845236573788554,1251.0
0.966702337630642,997.904839139795,996.1374755101165,-0.5960675198118518,5349.0
0.10669843785015776,233.79450088847497,233.16851864423202,-0.33733064246659905,1019.0
0.735692328758332,857.0916566074607,855.386732450834,-0.032475819273409944,4623.0
0.000354723050329131,,,,0.0
0.20042286375929885,344.76477753781484,342.3840166232333,-1.3666329611564976,1787.0
0.09797540874891686,205.57901441630685,203.90216829968188,1.357454375248543,923.0
0.9369987020157138,906.7931502583749,906.2172575840473,0.09222346243734866,5219.0
0.8875244924846434,947.1215272474592,944.7856551149212,0.43389963367896006,5126.0
0.9528021504945803,966.6006883766358,959.1225303498236,-0.4565167751462462,5305.0
0.7216809729837792,829.0783054761401,826.9681221075438,-0.2823650361064581,4515.0
0.7078369070064038,780.9279321172523,778.6706489267311,-0.714579402494861,4495.0
0.7897932439307923,900.0095504523028,894.8519739815303,0.009536911384117368,4808.0
0.9394439181408165,927.4276651004997,925.400474637359,-0.9479387740666132,5279.0
0.601887770200487,777.057629428882,774.4259741401263,0.09041498520207045,3973.0
0.9538076937146065,926.1469804751641,922.7568743169323,-0.8280558548952935,5282.0
0.5760608475791295,729.2676665189881,728.0409285180319,0.2375751699258449,3961.0
0.5517361272001838,816.2497301125018,809.1429847460723,-0.9282972032053897,3909.0
0.7454183974604915,838.7517987891697,834.3832321871367,0.1099649799363387,4700.0
0.5242768433113474,682.4469598390139,674.623879452625,-1.5571779860410646,3860.0
0.6332227714190988,713.3833736392583,711.9349083534308,0.5528791602700313,4179.0
0.5863813177317941,759.025849651186,747.2539096970154,-1.9599162544794617,4024.0
0.2677787568834259,418.10776001087766,417.4405936641236,1.0548189203946203,2243.0
0.6898557705178514,804.674027222709,804.5431324766988,0.32555664092194136,4456.0
0.5651935711726126,860.5592825283942,859.5657154952814,1.0505201596245644,3939.0
0.5872645860118151,739.1879107791515,737.4481861527343,0.7207078871639689,4042.0
0.7980064800719616,940.9937420158076,938.4527474922194,-0.7438848749053854,4764.0
0.5476619913343086,709.7624463880106,706.8788646992156,-0.9825010770098385,3760.0
0.4925507411084098,729.7215574464979,728.507730088762,-0.6055132167646382,3601.0
0.9317756016130864,991.4036735352394,990.8600536461535,0.555737738527448,5316.0
0.27021143825472627,439.41642759956636,437.09068632325096,0.5784316583997228,2340.0
0.78522101326533,1033.6887954954468,1028.257048063465,0.1883658858361954,4895.0
0.638345768840855,843.371787381379,842.4593536834722,0.16078579960884093,4265.0
0.6646522561417785,847.5166668841781,845.3288462167319,1.6964929943143092,4436.0
0.19457938001560615,301.6524579541042,294.3824032723238,-1.5975987048711597,1685.0
0.8812587582807188,929.5637741726238,928.056844071611,-0.22902521910216408,5093.0
0.1952393936633401,312.7237087378447,309.6575694594799,0.5218272674473702,1749.0
0.6680384849449329,845.5300734385385,844.0699080538803,1.3559857844304852,4340.0
0.7112169214047821,851.0330669825807,848.7131484875389,-0.03702254341365264,4488.0
0.3607765410383298,491.65493021767907,491.04382849580014,1.1099377367169272,2810.0
0.7380165241495621,990.0049019328732,989.2963278635685,0.006786149055663795,4677.0
0.4776515031112294,691.0366856617629,689.1963850378518,0.8011773858667018,3472.0
0.7764465689659953,929.583547173429,929.4082634431992,-0.12133736878044941,4760.0
0.25751324520354,456.91548253818974,455.4263645640787,0.8038976277786961,2193.0
0.918755745043193,900.4150714469065,897.5006385445776,-0.13531302290228758,5165.0
0.921457279762659,994.9560341400339,993.819590732027,-0.6422302524163729,5256.0
0.4939504648841849,622.3515800678848,619.5584239221816,-0.10639492295209513,3547.0
0.606175794130869,738.0720629543664,738.0575301889933,0.44056438525283076,4120.0
0.014463316905333645,34.911436344872875,33.004908126016126,-0.8168438235109557,125.0
0.4635581495507366,687.1412627062433,686.2985233139513,-0.23566620043895736,3474.0
0.3117063026878262,505.3727629417554,502.8881096118549,-0.7504322796337458,2514.0
0.6166757317413696,794.519983412128,792.764359675785,1.6382283170400238,4124.0
0.5419274167475961,760.0617882679306,758.5639976411337,-0.4822054693551597,3830.0
0.37879083981167294,575.4331526609338,573.2222839232344,0.2839000714846453,3046.0
0.9568269344856463,997.6887400448138,997.4428713478113,0.3493255881133422,5364.0
0.9094020684124765,998.5223993595172,993.1246494725252,2.4095224854160406,5184.0
0.7856808945877677,965.7769222944924,963.7599353427095,-0.6708868640774982,4803.0
0.7425515370574918,891.3294672483024,889.6701384208337,-0.15685512792526818,4527.0
0.5350174006833749,637.1604783373856,635.6912056922565,0.14572137051091846,3741.0
0.2812482632490959,496.2316430883153,494.6725533274286,0.8193026439926814,2344.0
0.2349952311328426,405.563308108804,405.4600716225529,0.11284938046507935,1986.0
0.19804964507335654,332.2083256229812,328.92477332212246,-0.8283383788388348,1761.0
0.16039552038647698,299.33293539992263,298.5098535550166,0.505801075513236,1478.0
0.3859043173465728,626.1513262405817,622.4602593317691,-1.065705013354204,3003.0
0.8816530817658877,908.292124480336,907.1981476682666,-0.5243627861285163,5145.0
0.8350704250651908,876.1795294053873,875.0109264492852,1.0571724637138278,4958.0
0.19242728313770097,378.36128584015523,371.7336073046736,0.6146347344303663,1744.0
0.6406437519995395,832.715480156676,830.8776105963428,-1.121156972354936,4302.0
0.7432499440755622,937.9395344574697,936.8859578734114,0.40662196580295756,4613.0
0.5129568842868916,668.8429458010996,667.7119666199274,0.7757894367337573,3565.0
0.13013026431181185,221.41044555440553,219.26643337418895,-0.7235867580310905,1174.0
0.4950118656319811,642.8373266607298,641.3144301281908,-0.2630472303436621,3558.0
0.9597157569319517,1053.799333059558,1049.4433825949889,-1.459768425722001,5287.0
0.48668213582375797,633.8429424011899,632.625789348323,-0.1745157713897395,3477.0
0.02742589184790556,48.68882457519474,46.71601954247836,0.43842487145885317,262.0
0.5952557359831828,732.1502788296261,731.7420184907361,-0.08080036502283211,4070.0
0.28704893682200894,420.1364828492379,416.9631350211491,0.11617469060994158,2358.0
0.13339297593354926,204.08410589703985,202.09299374552396,-0.7454187504765084,1214.0
0.29092268202673366,474.9786720461775,473.8722653972505,-0.0780443439102567,2477.0
0.3442424032465836,573.8774929658073,572.8551454162094,-0.37022040929860955,2814.0
0.45846738602265835,679.9565667511239,677.696015581245,-1.2695113263018196,3409.0
0.33645035223687847,518.1038243800949,514.1189112125987,-1.0702640293787593,2684.0
0.8959808301883728,875.7079149316936,874.0799863325898,-0.11691688997186826,5152.0
0.6270216714786291,746.6483511011868,740.9578109630874,-0.8065449248764036,4114.0
0.9393027733168221,922.5759058293628,914.9305527970214,-1.5376511416188512,5248.0
0.1785732099749996,290.58994092045896,290.5496719456055,0.011122331961537597,1623.0
0.9947217142098608,966.9322798768908,960.9254757935346,-0.9229310280516299,5425.0
0.5088186236039987,678.3042163101109,678.0713489004354,0.03231741392992669,3672.0
0.5326152158847036,790.0385838317052,784.0063095111516,0.8345882409643501,3769.0
0.1890606329183453,323.6907973217944,320.3310194270336,-0.8027258458896291,1680.0
0.2236989540274783,357.52639513687365,354.0481804244222,0.5671341442094726,1959.0
0.7598129614905945,931.3151711940146,925.9010082324278,1.0876686197009102,4692.0
0.7448461059938374,824.9107982293991,821.2907076339948,1.560931994876245,4676.0
0.9343302043781577,1009.2810449630509,1006.2927448168624,0.8606516267345931,5347.0
0.4446984494652273,537.091670162727,535.4341783597075,0.7539439504954119,3307.0
0.8180953353720873,848.8766171804498,845.6794407780972,0.5272226944696757,4921.0
0.5770597396441577,727.195418936665,724.5059473513393,0.47723056538708486,3945.0
0.9679185101233801,931.874700631582,930.909076873244,0.5029616976658744,5291.0
0.3437399679983275,518.488370939886,512.1926888163813,0.052274946439747574,2741.0
0.6817454974387318,796.9791623664879,795.5622334626663,1.7413958058618209,4517.0
0.38209836934320607,576.3192744990381,575.4766607030411,1.295876311363059,2872.0
0.6214327219495377,819.8131264308167,818.9365391195704,0.07885742238520609,4172.0
0.1453940156133956,241.9285559265782,241.61645110982673,0.5143750792378772,1302.0
0.5325888137340101,731.3721709577517,725.9211485263789,-0.892266072234104,3768.0
0.7646341920819397,884.8489088168327,884.8343551061553,0.4599494540747077,4655.0
0.61682886369474,823.7191125020776,821.5673003596322,0.5508793473617029,4132.0
6.287653363301615e-06,,,,0.0
0.5574209982733221,717.3368646831467,716.6767670363769,0.2407435272080442,3850.0
0.018135618174441426,47.79006311834277,46.79481211253106,0.41092625219189366,186.0
0.12039807798403801,195.1557417705883,193.9028359620154,-0.09898499714121319,1036.0
0.41624009923261085,577.4738731479895,575.3434346118315,-0.9800562516377814,3216.0
0.02128263953507703,45.829341136111395,43.808884473841175,-1.4253776343344857,202.0
0.5955591876479012,732.1655052149445,731.433003614774,-0.1825845124799103,4106.0
0.07020694539806105,161.05098493996132,157.48576095196225,-0.6316043953904754,651.0
0.9409666268616945,992.0170921320662,987.6052985367878,-0.7725683116397363,5309.0
0.3331076251013336,517.2967266306842,515.8815088247046,1.4351731271215715,2656.0
0.3641146118663098,586.6856937904023,584.0875393186383,-0.603584470101177,2903.0
0.5532078789860888,829.414390390067,828.2477871781904,-0.21116111947792954,3858.0
0.39340144040614633,516.2531264135679,507.4231252181305,-2.6611486058638567,3008.0
0.193462542546176,299.4444616575886,298.22015536261597,-0.23247064570726705,1693.0
0.3857964324625368,555.4583097362919,549.4178582906136,-1.4435712210974097,2973.0
0.2017603397750104,291.5136494869073,289.1930299032688,-0.958652640784352,1743.0
0.4896996688464852,713.6366712719256,712.7435933618001,-0.48069422721834504,3484.0
0.7630622231649632,840.0248192513784,835.1955101549546,-1.4918150671734183,4745.0
0.03400775461126759,61.98474279630553,58.40195515386776,0.7332497117613558,313.0
0.6531551179781734,776.3153594809763,771.5996081653997,2.3740304124923175,4299.0
0.6682772175159508,801.8607576856357,801.1737080646088,0.5774068625033965,4348.0
0.29628410011409323,472.50959482761533,469.7657466670264,-1.0309536805938793,2442.0
0.7623317296163753,887.5980338333658,883.0253071984541,-0.4680864288027395,4746.0
0.985613822674637,1038.5355464000281,1031.264941979103,-1.7586504564153922,5388.0
0.17624669355863154,261.1748857397304,260.27025617169755,-0.12599441126603675,1559.0
0.6184598577937539,820.7385076349427,819.7466797272423,0.050887208288686515,4212.0
0.2091480799383385,324.9653585062108,321.7421417369474,1.4072956116829765,1794.0
0.1695489156306237,311.5925327814138,310.6060472463571,0.49882169594916376,1563.0
0.8330008412292875,903.3117026116362,901.7487914973718,-0.13513343031209646,4874.0
0.021606939191207375,36.44641073172418,34.816257561301555,0.07605741652139532,218.0
0.6110396069720969,831.5998716619489,830.7010576560704,-0.2614102188595835,4155.0
0.3235121974598518,473.7126816406514,471.14425139833503,0.3902433118333619,2573.0
0.003601875202377647,,,,38.0
0.8846136187366963,1019.0722935581882,1017.1903482203284,-0.004329374541108637,5100.0
0.6860346944100049,833.7864185033629,832.8903353938754,-0.2567853268337648,4389.0
0.5460679727530453,767.8790798716154,766.2963084531034,-0.7093974796995468,3804.0
0.8713336626409386,928.3536631149237,920.1143935441164,-1.940825674499266,5114.0
0.9100698530387146,1071.8293548337087,1068.5257239934947,-0.9124153501400664,5163.0
0.6370976681752704,869.9789429436806,867.3348614037824,-0.782468550536617,4282.0
0.2426514747142613,347.0051982680072,346.8510819985849,0.2572227591550981,2063.0
0.01598049380906208,23.298729592847238,21.845924250570047,0.4066471552249003,153.0
0.3868028141010911,535.2745030137849,532.2795411667797,0.8400099626994368,3076.0
0.8378351878609757,898.7693370927033,895.9241577288935,0.19333211601780492,4871.0
0.02439298451954186,47.29295428631292,45.98010657627327,-0.03185526719599285,241.0
0.4535819655588391,624.0077164958193,622.6711696084228,1.299430140102925,3332.0
0.43038257270530134,543.1619427283056,541.7742856542778,0.1050759897971819,3114.0
0.7442112757486813,906.0703143634621,900.31731501166,1.5782230212672346,4732.0
0.7746597192313237,904.7597847202856,903.3833234774377,-0.7825603841587124,4769.0
0.5092887314130553,696.7600442320906,693.4587232233437,0.6574518528410982,3695.0
0.35395249249553595,518.4749406868792,512.0484489062444,-0.6064378409019116,2945.0
0.2965338224507048,483.0694622392793,480.80839446771193,1.4782890480455368,2466.0
0.7997159271186894,971.0814273702194,970.0967253472869,-0.2260825979249846,4832.0
0.05371710386813844,104.11861566701947,102.72399352718584,-1.0255100199635327,510.0
0.8574771900066254,940.5742114174392,940.0885459649954,0.3599344190136496,5008.0
0.9708108457001993,1048.667085451546,1047.732579132327,0.0027077132584175175,5399.0
0.9699140565531967,930.5851183502004,921.4931604181824,0.9584842024820671,5368.0
0.6881444126381123,769.257361496215,768.438526212384,0.7018817502101828,4524.0
0.20194956905947603,377.7638270346543,373.50992953757833,-0.24105973389116014,1776.0
0.3580329765666215,539.7562156044623,538.8290513182646,1.0593333782118224,2880.0
0.2311967092314623,366.8199596465165,364.65631215359537,-0.9018648491132805,1947.0
0.4685071042828155,632.5074111003952,631.0779263918475,0.6665294999609319,3413.0
0.11365734316021447,198.93384430779506,196.87794839804184,-0.09582881851145089,1054.0
0.2699824699873038,445.2834170013401,438.1142109620948,-1.2239620463450964,2323.0
0.4054025768161489,504.51962674050685,499.5592786451192,-1.839090606262787,3067.0
0.2518035134494645,361.67796736113735,358.03778106531615,-0.9571111780675636,2101.0
0.3434006368575586,527.7288385555886,523.1438590564176,1.8311835825706229,2733.0
0.7441239593166918,900.4728985150889,895.7676940266745,-0.9928124271340378,4688.0
0.4474188305765663,591.5360255204473,590.1950836200956,0.8908581194429153,3298.0
0.8380788417135812,859.5536061644979,858.7988909944505,0.34881674431772114,4974.0
0.34464366420360726,531.9654746554045,530.6287910693719,1.3854324172531778,2748.0
0.04363009501858195,76.07060340575855,73.70675272134886,-0.3197738316365324,387.0
0.14118796798994948,249.44098314356185,245.2718220104294,-1.830644269263718,1331.0
0.44463571783234834,606.4679894337952,601.1694104841921,0.82382442230372,3405.0
0.7262494073742258,782.7473032014623,780.7852587759677,-0.3975313512283408,4626.0
0.9241147563606881,1007.6371669513284,1007.5175901225452,0.42995213974560054,5235.0
0.6157568414413832,831.2129527172215,829.6838858177586,1.3012727407742388,4201.0
0.6781078163364128,864.2489460995155,862.4382859209078,1.0645718958246113,4343.0
0.527472507240087,669.4707153574457,668.6394589254733,-0.4313015403587066,3701.0
0.8712773117111573,926.231489804841,924.4969000948323,0.519531826320047,5022.0
0.58434521389862,758.9549349772504,753.6598577400516,-1.1790511929261551,3995.0
0.1564411365778925,283.5750582563152,282.8809042921949,1.0793597301495643,1386.0
0.2281743338500266,433.5216134383193,432.6379805881722,0.2856234642260834,2009.0
0.9641466609386297,982.4755008698248,980.9912980298667,-0.6864633724690832,5332.0
0.35535519600607646,516.8055733108677,516.046751260237,1.207726534815901,2735.0
0.36556092776853255,614.1468730703887,613.51165627951,-0.09556175125716213,2873.0
0.13000012178781073,230.81175322868242,221.71181186631176,-2.0449816332456563,1157.0
0.6162694278650953,717.8625243423992,712.6848699490828,-1.5773005629757038,4163.0
0.968155031356287,918.3019810979638,913.4819287915735,-0.6757547742938383,5371.0
0.05276418777127778,82.57871709493814,82.27094655269458,0.42717489789027835,507.0
0.7418869622289198,951.6366938391259,945.1768567516885,-1.692208972360656,4645.0
0.7921861910034894,848.5468520683063,845.9597485736525,0.7147366524764014,4790.0
0.701248458932368,819.677014903748,818.5788018135642,1.001122063377486,4460.0
0.3429643717774442,545.8090767280156,543.1854774628337,-1.1020576558223172,2706.0
0.7824773308812641,924.3833588002717,922.8683187641166,0.5075216557849803,4776.0
0.46747795303294326,604.0838484664631,601.5768587475928,1.731032580326023,3381.0
0.5745347022549432,710.7212241611319,709.0300348670969,-0.328852396184015,3990.0
0.39302925639826436,568.9818141987629,566.374922026493,-0.44259208414587853,3031.0
0.2823784228395989,484.0768300929658,482.349660639503,0.6508771063689845,2384.0
0.4316692960034,606.6321536364852,605.449517523583,-0.035184837487065405,3256.0
0.9652355662864348,1071.7989181939543,1064.8383969193942,0.031104858612946793,5269.0
0.9683433149042323,924.1292524871568,922.551828180736,-0.17949532660478482,5271.0
0.20863792873922415,366.83126072119603,361.7817774143152,-0.9979527845112341,1805.0
0.5754082127659668,750.7975662578907,750.5391428157234,0.154993500701756,3992.0
0.5342642901273794,722.5952939860265,718.2376647469683,0.19567152096121035,3826.0
0.7083205072329789,866.6948366688301,860.5055581261265,-0.5688474506908786,4454.0
0.5030585134670588,708.6410979070639,703.0084468130186,-0.2723047816335091,3571.0
0.1742429647780258,285.56866941516705,284.2554204364437,-0.9584213808707539,1558.0
0.48507318145120315,606.9213833113876,604.906375161207,1.0720011468285966,3517.0
0.7117805692774153,859.8224803433038,855.0975680945023,1.359665162898712,4395.0
0.04451119672250681,115.97947959832638,113.52018237922678,0.8947371308172963,459.0
0.6206513162242172,790.3955065090497,786.6432987926235,1.1402563540034507,4131.0
0.5507610858956331,731.9390883904523,730.2466467536931,0.38576408176386795,3974.0
0.4342727332709193,624.9448068757562,624.4486656317281,-0.22286286770704933,3275.0
0.31259316143380445,471.73090232141595,468.41283199825574,1.379314290676983,2527.0
0.47075122741582676,640.2195007396048,638.9875943535675,-0.6585497115533855,3468.0
0.8838775725726834,941.145697793063,937.5841088187087,0.6422508273588583,5129.0
0.7922517407931285,906.885126973078,902.9549230886729,-1.0679598075937018,4727.0
0.5897659595322405,659.1913406221705,653.906142337621,2.0223610984242435,4021.0
0.3691863327184941,583.4619786030144,583.2526646355715,0.3795177541050758,2891.0
0.4328517204910066,567.3563052294278,566.1235961203434,-0.3443366775126748,3347.0
0.5877038691654027,712.5578045534488,712.1097599853333,0.3174552747312993,3976.0
0.16165209369605282,246.481411736527,245.20875094186033,-0.7308111611782265,1426.0
0.4216779178244029,600.1333225120514,596.0751839096176,-0.14621399378468794,3144.0
0.9541065607602575,936.718733104244,936.509370082219,0.560432137558111,5348.0
0.9548148414077092,896.7762278648808,894.5107867732262,-0.5154385159134381,5250.0
0.01717890586942894,41.208089764641485,39.65548287202965,-0.5733332263173445,179.0
0.45897355148451857,676.4524837050058,674.2373866856877,0.979083826935173,3345.0
0.98858065383974,1088.8338918101551,1083.9543398513592,0.23020419208473805,5363.0
0.5232762548509169,661.0413773188717,659.2835034631096,-0.10921410795559372,3758.0
0.20179625595076078,345.32888595071944,344.5968574583025,-0.5783633171890604,1799.0
0.8293287639942087,961.537306879743,958.5510810379465,-0.47124844909970426,5007.0
0.3502125836639981,520.4918943139882,519.6605358233063,-0.015593836990790052,2731.0
0.32372527286955954,475.4688331045397,471.4432454136802,-1.3167147766396947,2564.0
0.36714737616016835,611.3212855623408,609.9665852286153,0.045607078988143944,2889.0
0.9177813517319959,1061.0982511302207,1058.4120737326523,-0.10841419054363924,5241.0
0.31584944323111064,557.7414828945623,555.030627004835,-0.9362347642236842,2584.0
0.026407831456239594,79.2663206321468,75.62982144703223,0.4815445299321828,298.0
0.39622357406835795,631.2622973679315,629.4405255226663,-0.9365659031787614,3121.0
0.7993789339537094,848.5258849287786,844.6945782312583,-1.5109755533084965,4832.0
0.19096942088037194,301.51613647249997,295.3915023303493,0.18908984476945287,1646.0
0.9500382118454089,902.3900865946857,900.0822912205117,0.23586294357410828,5282.0
0.781259116222135,900.0027924444215,895.4920353705181,-0.6029084353100896,4803.0
0.6533229219942781,759.621621286472,755.7188480681889,-0.7527887456889139,4189.0
0.5731784231908744,793.6548028581715,791.1736329347328,0.05524645101885256,4054.0
0.9135756820107854,900.592675375819,890.4691601756152,-1.9536598681074615,5194.0
0.7108750603462366,769.5897362117088,768.9137196557958,1.230267989294697,4485.0
0.6608705764548003,942.9130313977819,938.749887088076,-1.2221388877791575,4450.0
0.028648601633358584,57.39570143626939,55.24812793197421,0.5933302487946552,261.0
0.6801798102629355,810.684302021003,804.0225962482373,-1.6723482999386006,4400.0
0.18104281442097314,266.0355371568863,265.060062530761,0.6564569184400846,1592.0
0.5789148312787272,778.6560915444685,778.4356679422176,0.1553023740033328,3962.0
0.3412472184999408,492.93129607955206,489.5574559241158,-0.7915931826435686,2714.0
0.057004077640330886,97.22073974666287,95.03648715693551,-1.024152216746117,522.0
0.9688790555822696,970.7567161015685,965.2187449039811,-1.7806960162705572,5395.0
0.07227167535147472,123.73639417963915,121.52217242158326,1.6270874548036864,712.0
0.46827606433071534,658.372757763252,655.9013981967288,-0.7696404613457682,3413.0
0.9794462473146363,918.8816981789591,918.2373348258367,0.6891685933410063,5404.0
0.23305675432889628,445.3612507438832,436.50717604419793,3.0334932509775734,2050.0
0.718085395160481,815.9862081314583,815.7851915632515,0.46477777092344713,4538.0
0.02865097374430281,58.95745758028484,52.94080368941888,1.325425974151161,291.0
0.9984261770913827,1090.263961900459,1082.5389007019623,-0.947146084010358,5472.0
0.7319964356786627,850.5909774435595,849.2753929942498,0.28836696588451616,4656.0
0.6324927174875857,783.9902601395715,779.8249104527746,0.7679508214129592,4161.0
0.8713839265934881,918.5840292586345,911.6303014357206,-1.479891160004205,4984.0
0.1352946285873582,247.13805288913986,240.2063274328413,-2.003541357353947,1238.0
0.3375247062448604,522.9366734427766,517.6869908287966,1.8443881787739713,2648.0
0.7081036043487805,802.724113377977,801.4226819831257,1.737381439669859,4518.0
0.7735081895876823,861.7405826906552,858.4645891576674,-0.7247644505931823,4762.0
0.3531263866672424,558.922202515648,557.1653810993475,-1.0783953362235377,2858.0
0.19313040007344595,305.0566105193317,303.316884043582,-0.7130472157160375,1794.0
0.4317418552887653,585.3903233943719,580.1092971883278,-1.0982191356021724,3238.0
0.8899805883135152,1053.1360981816447,1051.4997127305273,0.46306565434214986,5106.0
0.09045903616120898,186.11068076017244,182.25133114029651,0.3472813781261321,884.0
0.8489824735830415,1024.5380905048282,1020.3873348251034,-0.2745170858912856,5019.0
0.4026826134325191,584.3516156081998,582.6350088631234,-0.9406516160951884,3108.0
0.3226972820449152,500.16534045656965,498.79876825195515,1.3781116488071734,2641.0
0.8016034130068321,892.4261052076962,889.5326403264621,1.4749409242174434,4844.0
0.5149123354165491,700.8533291713144,696.5216962057152,-1.6176596719178529,3675.0
0.9260900316868702,1054.121695382688,1053.3206951113816,-0.15064638624299717,5210.0
0.1335709037459769,209.74775866793183,209.44738765224778,0.6927286074664672,1204.0
0.6154833661110297,787.881848774404,784.804350425726,1.2742778787110436,4137.0
0.99830798303576,1043.5356740713573,1037.7711056044252,-0.3480973873186308,5332.0
0.36524877081055784,555.7991339040174,552.5239898186732,-1.3424577062036225,2817.0
0.2553703502583965,467.6343049086493,462.03073615553626,1.925311486790054,2073.0
0.6039987018657607,736.225686770873,735.1002824614238,0.7836322089118575,4002.0
0.3922999079422137,561.9417909808552,557.0560396105831,0.7575378505895966,2989.0
0.8074308909830668,913.9278148090272,911.8258201194482,-0.33655170715547256,4891.0
0.06568047621170403,110.70808282231539,102.63179125431616,-0.9728708226443554,595.0
0.04381590237754829,81.77819159016117,79.82310342142807,-1.182056620752349,485.0
0.5242159132334079,733.293494235559,721.1762057907782,-1.0228059023442007,3622.0
0.9893122737324549,989.2369059989268,987.2062134235997,-1.1287107449486438,5318.0
0.47062101556350266,665.1677036775167,661.0342033003575,-0.24876490536330706,3339.0
0.1968744028240501,315.6035813046087,311.32930167968266,-0.8289335112744796,1769.0
0.7116723971736204,808.4600567084159,802.934632952017,-1.1870473840952607,4491.0
0.018353981438915645,60.60933762852477,60.329550060802575,0.5787191917354186,199.0
0.8113054216974575,1013.2286535440808,1010.9378226236122,-0.5122129252357361,4827.0
0.6303441952514024,858.4399990773602,855.5136564699454,-0.9622748985188464,4240.0
0.6104671158369512,792.5523580671094,790.701291695003,1.646503447596421,4108.0
0.2915993355734675,497.03328853948807,496.4625690547427,0.31725494187986353,2402.0
0.9617018151367647,981.0887177718553,978.3208583973853,1.381402044143933,5327.0
0.9890194709755624,955.8292818679598,954.3422514249149,0.15912871445939153,5389.0
0.6888665226868343,936.310001306322,929.8665750851289,0.2424173161034556,4432.0
0.6479059604738392,720.7998195173967,719.3608577800155,-0.2618534810905754,4257.0
0.7235986694471952,790.4148112655266,787.1273255306279,-0.9663878906983739,4550.0
0.5489137003799203,730.9096658756979,730.7306515698857,0.22411781105955944,3844.0
0.9676715700259301,964.7431299773481,962.242602850177,-0.5035289471307394,5342.0
0.2412289793425495,377.88874498829233,373.6596178652475,-0.9212573117393753,2025.0
0.25086680529431116,337.9419001900313,336.6820543076678,-0.7205087342356747,2144.0
0.29754477082880637,458.97911380507907,458.7043024929038,0.7717627305230215,2434.0
0.5785748437685607,750.2474103525791,742.0163734902275,1.8112136678293287,3974.0
0.5121788710936291,723.2057445181505,722.0231814250801,0.210418903695171,3705.0
0.9662910503170546,942.3351994842559,940.3984651007095,0.5058995916392605,5379.0
0.04389569482751976,70.81943760422622,69.9538664347171,0.6990751929734235,395.0
0.46633747955893845,644.982808182061,641.8076318800862,-1.1538923168180002,3422.0
0.5327687966229252,660.7758397344738,659.1017616794417,1.61161827026145,3765.0
0.03158729765888846,57.89289287194277,56.2085861027373,-0.3097109889187847,254.0
0.32449909434310886,486.4390661752324,483.4355358260567,-0.39401074065864855,2528.0
0.01732089579617213,52.98035555178413,51.76464149517567,0.32382551819060906,160.0
0.7473280205050145,826.3924356373419,825.2340066216977,-0.24005823468191848,4671.0
0.7144303270622147,830.894409139198,828.4731444848455,-1.0714606813489371,4587.0
0.6640883222677074,832.0620860840568,830.1329991026022,-0.5439451366539332,4378.0
0.019992652009368173,44.60437993896641,44.12765374413744,-0.16047627054630412,204.0
0.07592975906380828,149.7650022971214,148.67651352270852,1.0607029261737924,791.0
0.708220057919201,913.5096169951415,909.2862633261965,-0.8564930372075157,4517.0
0.09689364309930992,196.73727244737378,193.50894722573452,-1.6412310739620375,922.0
0.6458608875850862,827.9412493720552,825.7014409117701,0.5702986010237033,4259.0
0.7096272315762746,752.8136706411697,744.7992551754002,0.1791125756282625,4524.0
0.5938539639142831,767.5475460502525,765.5003751042452,-1.0575102150743572,4032.0
0.062463608426435724,115.0833008924968,113.96750275044599,-0.6169246868545661,625.0
0.7087595008161821,773.5682718505011,767.4257994548658,0.6924079455445513,4446.0
0.9140345338691579,977.090842447311,974.7544181424971,0.02276929446268082,5208.0
0.8928409149022115,977.10116589833,975.2194089723731,1.0659753469799085,5098.0
0.6945353141049752,838.2889483364497,837.3210654062972,1.128704938304793,4455.0
0.743879325146181,851.0464696887668,849.1470380362824,0.19921481770675217,4637.0
0.2917656567672693,467.85757919079856,467.65445695639875,0.6297262314480688,2426.0
0.271184515492255,396.21324327953266,394.8984991408448,-0.44231336489056416,2291.0
0.727321814539147,821.6386539813974,819.3640619034137,0.6833516397931756,4532.0
0.03809078617415873,94.49048817555696,91.6166869114324,-0.19343139996081699,365.0
0.7323872069281113,791.8849084105641,791.454751307708,0.04313169587661628,4599.0
0.09787921938322752,259.60237196895105,258.2281729739426,0.748521838686997,947.0
0.6365289190100119,780.7302790200434,778.5832121374829,-0.25759184039483407,4219.0
0.40179079377944815,611.1397529018776,602.0778213061375,3.3807963338735,3062.0
0.08386741704214185,152.20983348688466,150.67284636782784,0.8123157918914162,799.0
0.9679582263022207,1011.8014247448855,1010.9304541591318,0.563602624998999,5358.0
0.47441462459013817,602.9206624308423,600.1384432821695,-0.9135170657572919,3444.0
0.8359276614615252,914.9857651481423,907.0321374595401,2.4137978662164747,4944.0
0.7434205761539427,902.5170279675241,897.597609301069,-0.14173113559491216,4675.0
0.7761320254263436,748.8258631175466,742.8634769964323,2.338031562989543,4692.0
0.5212301159648253,714.9998115539587,711.6259326900492,0.21560035114655005,3709.0
0.8652061816193173,920.279049024952,916.9723597116043,-0.9566814532499806,5083.0
0.8850311949304571,873.2008735805097,865.0544925773942,-2.2113794723022093,5033.0
0.24770117218784304,457.93711368024174,452.8323753225172,-0.2452932373366261,2104.0
0.49413451812420384,658.1053907331507,651.9128052880161,-1.4989634052314085,3576.0
0.2951806227836943,457.3334637173102,455.49986244524536,1.7365028567899858,2387.0
0.24664108132527196,368.3148389896936,364.3350361769081,-0.9388897944369646,2109.0
0.7152880374741212,841.1408442359871,838.5268682366114,-1.1434998865022634,4580.0
0.7162019424171487,888.1733419378006,884.6257177761719,0.13823944807261793,4537.0
0.9167822342924171,1002.5896681954279,998.7111491263494,1.5848599689379688,5301.0
0.9145404250540814,949.272602186141,945.4496016317797,1.4893424905811168,5205.0
0.776422924478305,796.6914384328675,794.1336387846118,-1.0832399165748867,4822.0
0.9019113085800096,1029.0809377651176,1018.9010828603185,-0.08450549769536049,5121.0
0.6714029806308036,797.8269121654823,791.7838229257837,-1.6926131673537506,4380.0
0.16309945497300526,241.80244934292847,239.98504645461804,1.4219174286567071,1486.0
0.9114898414306943,975.774889000983,972.536199494096,-0.2240357329381768,5129.0
0.3514655942321291,590.5159843371217,588.3496385333117,1.1151208063367573,2837.0
0.3140562966283237,495.4323587249814,492.6356608932519,0.34912340676893,2536.0
0.2804142457523001,466.13353007764636,463.94735568969475,0.22628444544852974,2381.0
0.11781407041551173,191.3964744601722,190.57159604692063,0.1820387111957774,1050.0
0.8426204685176091,949.0069749831611,946.2087115006958,-1.0041650233395687,4989.0
0.3274227578607193,457.98588912304785,456.4426038671686,1.0677463569405345,2532.0
0.2785313137340776,515.4793562259955,512.7600842946769,-1.147709808853728,2366.0
0.08502589046948328,239.46393161603777,237.6981901148292,0.1039958044627902,841.0
0.8739751743199804,1016.8087852195225,1009.7431347195443,1.6512239164672222,5128.0
0.7329922980662492,826.9265780125655,825.4851620879465,-0.3363391813137712,4568.0
0.41162170989688474,633.1922242551146,630.5328725458638,0.6500804311418967,3178.0
0.4663639427419597,639.8996324988561,635.4348296117109,-1.5242092379199534,3382.0
0.8288883628191077,910.100507552314,909.486852148209,-0.46188400832754023,5002.0
0.7900265226784292,848.1866449220217,842.913246039507,-1.4248915379593616,4804.0
0.08214022920899655,162.674804685702,162.2503316240384,-0.0714039341323116,808.0
0.9785018043542156,968.1150453009076,965.0164177841065,-1.5456067114618646,5300.0
0.4809715708623159,684.0310670387784,682.2986558145218,1.4126670333959774,3498.0
0.9008994149812158,927.7333032131523,924.2899247784657,-0.2583440228686481,5159.0
0.029248943060723342,48.586401106435666,46.49484628233996,-0.33814394180269053,286.0
0.4342752512402335,646.4959957470925,642.5912328400005,-1.4474021839363846,3302.0
0.6338745061800632,760.394310231593,757.0718436222787,0.6942904532865196,4188.0
0.48059893757704764,653.9711550802972,651.7768230106697,-0.8531741720612724,3516.0
0.28986503489134974,438.4636435103054,438.024484623618,0.8024666899562518,2349.0
0.7742128617238601,905.0633951070175,899.0017462103049,-0.7659235892165014,4789.0
0.053301529956679916,69.74603949211182,68.60651096481658,-0.3009745417771947,479.0
0.42240050946351415,595.7907370020587,588.4656174415306,-0.9860762126433694,3304.0
0.38087513841313614,670.318351129216,669.1874194600647,-0.6712013491655904,2956.0
0.47550970854398544,680.3095895434006,665.8560833251472,-2.9286620195379314,3526.0
0.055048607616161815,134.70454044132836,131.68564714489958,-1.042118370537891,547.0
0.45780448752654046,718.4086113447897,715.98411804981,-0.8478438699504268,3480.0
0.5688649495660723,687.1889485880637,684.1587576093523,1.7395485466740792,3930.0
0.2181880642820987,347.23744141450726,341.30369151265165,-1.9329219981098504,1936.0
0.15745971649095036,279.1923441573263,277.962044783558,-0.35593821988699825,1409.0
0.6884878067275958,859.1528550263253,858.1212435028428,0.3523004585812546,4533.0
0.9740939627832211,966.806250305243,964.1184971226505,-0.7193699689834865,5362.0
0.2828906992273822,443.70047519978567,441.86542348833893,0.5483239738865944,2306.0
0.6196527230626938,855.4784625028944,854.1752252151477,1.3558341860031706,4177.0
0.4613638023206439,596.5001600574868,593.713611667756,-1.2876761085448993,3427.0
0.45789963174898984,692.7254921023863,687.7606827984437,0.5376102552072526,3378.0
0.2040346636917485,269.77341435802106,268.9298270519482,0.4228672145669986,1693.0
0.7477417124721872,772.5012443776332,771.0756325090423,0.044231144968922276,4675.0
0.30092540457447303,510.5797259507998,509.6878959293344,0.2589712957840919,2478.0
0.28084113356233187,444.74967333238845,441.13946076877653,-1.2343671493044683,2303.0
0.45391404368825683,617.0718914512058,615.9845754496138,0.22555177109287342,3465.0
0.22084589463920123,334.3555570589779,330.1376010757388,-0.2858422288071332,1917.0
0.43017056219745964,678.3391980380302,672.8629329111834,-0.8312001442265187,3310.0
0.9199811629308782,1031.186308212783,1025.0968452445268,0.7432234125436791,5239.0
0.9290380717638246,1030.640373521055,1030.3889510838492,0.1229067581001279,5231.0
0.22251376505026865,370.3918865242799,370.1332717879556,0.2652495042830171,1908.0
0.7389877492808496,807.2859366452468,797.9580874430405,-1.4010761349138807,4625.0
0.23903173043177772,374.8876066148154,370.75790732893125,-1.4073806295910292,2004.0
0.8037466123870746,917.8445874611457,916.1220557476036,-0.8334970456336169,4875.0
0.9430994835877099,976.0624689450177,971.6167277562415,-1.1977351673815362,5335.0
0.1068209949942287,177.43259686903681,173.4600903160246,-1.368479124964782,976.0
0.16800308501940275,301.1707104315035,292.0268767609236,1.2652189655937776,1494.0
0.30321276135962616,448.02043784053166,447.95024217377437,0.5907965147873316,2502.0
0.826852272311971,918.1924484046094,912.6554706459325,1.8826269770986095,4924.0
0.15635971994817532,253.0441786264392,249.83006259627263,-0.012549154847390285,1438.0
0.5698197312425908,674.8951244124363,674.2229815684875,-0.21605276173087495,4019.0
0.08784047316167021,145.14604890552735,141.0334629970959,-1.3776864981149572,843.0
0.5042768549210509,628.5570375439908,626.2590376135385,-0.5205877440441741,3696.0
0.9933902727622962,1026.909995329048,1025.0524079772813,-0.6930346144157012,5445.0
0.17592151456469007,243.45670053939094,241.37131327268966,0.10467430132687423,1578.0
0.5099792227006882,791.399968496808,790.6996629156421,0.7094220606858835,3654.0
0.034845567938570965,50.310836972790575,45.19381845606166,-1.0549616920184952,339.0
0.6814830996792736,815.3769231306843,814.844652483449,0.32061887731308814,4390.0
0.8438231271259611,827.0260732183115,826.7770138233586,0.5779264172775518,4918.0
0.3807924896344921,576.9835021210769,575.1463789939475,1.0755813118125799,2995.0
0.41364999023358306,697.1742400278416,693.3586361025958,1.2605259998194744,3152.0
0.23755963901638566,376.4429411043217,375.1389339328836,-1.1028134867416945,1986.0
0.19145700324990134,338.2718006851617,337.07444623535525,0.18796111147388309,1749.0
0.6846140993489654,876.2765409087416,874.1583087210506,-0.4958298226445142,4481.0
0.754673533003557,898.316202599296,889.6700274891682,-1.762132408739727,4694.0
0.7077648568219036,791.3286244498639,790.3780270973213,0.052215586172145674,4517.0
0.5992147364655828,736.0772082749986,735.4987699839867,-0.09434449232274782,3990.0
0.19829068408004624,328.61333966282376,325.20144316088414,0.21122408478117444,1734.0
0.5620393214354863,725.2372361366602,720.2920290205518,0.2800744815913001,3954.0
0.19909874200754174,304.3181449964377,301.39959826294256,1.1733170563560706,1798.0
0.6439625768206848,773.2961465976459,771.7128537966015,0.0821058181727672,4373.0
0.8913884592946824,978.7359341129248,977.1445489562549,1.318889179276487,5162.0
0.949152499083521,1027.804328167326,1026.6028865504773,1.4194365389773431,5241.0
0.14208234600478742,276.0044539575368,275.29208731237543,-0.022008206318287597,1273.0
0.9877859807809243,988.5829289230046,988.0261596045887,0.6720419431519303,5354.0
0.9682544346762918,1002.1876741144456,996.7125198646721,-0.5957995722966705,5323.0
0.9762087085711009,1032.1923919336202,1028.0304621659884,-1.0125957414165625,5386.0
0.015921646235297238,38.94413557688886,36.60025860243221,1.5610810780902094,178.0
0.39924173341963276,651.2085166333924,650.1771660245157,0.16122382480901098,3106.0
0.693493781550859,836.8435222654006,835.8110335930365,0.7341424113876029,4395.0
0.6627732375592963,848.6623447530153,845.0402386763657,-1.7144228305764755,4309.0
0.15574367973372505,264.8728353177929,259.3262420856474,0.0027173573717552907,1400.0
0.8662351284509662,892.0364431097553,891.1260236764036,-0.20190589027892197,4999.0
0.5766035634076294,768.4225494964214,768.0714931794446,0.03744504177948788,4027.0
0.8834514673414141,939.5041276200586,939.0479051237184,0.9511737779919898,5118.0
0.8934293691364321,979.932278574004,978.1281376506499,0.8592960897741817,5170.0
0.1633193105981514,256.84786266698757,250.5184642592825,2.444253441505014,1436.0
0.78613662277541,947.6795794028048,943.7009560274626,-1.2462233131586293,4835.0
0.6461448652995643,748.4150688995776,746.5586989877314,-1.0414856244957322,4195.0
0.99074574936354,1076.2895410261845,1073.3677513538826,-1.1535648112931896,5397.0
0.7894720091423872,867.1694225197001,864.8526043992124,1.6323576045588937,4840.0
0.6211149482070148,893.942093758259,893.3449394563736,0.2968879665664676,4201.0
0.902476176778483,986.8066776197304,984.8270173512061,-0.668414502029614,5241.0
0.8908767341581552,900.0962896869428,899.5778212109689,0.42583774978907896,5184.0
0.659522760353557,792.981016354167,788.5526640076154,-0.03158996969916985,4275.0
0.034969836152811795,45.65706977148624,40.9012471250149,-1.5787869179524767,344.0
0.892947731926867,1019.0040304934034,1017.6949961199399,0.7752818189595942,5046.0
0.010776005670698474,31.42415234704097,27.64048472473448,-0.3020635567575192,116.0
0.7137353348187427,810.870558184528,808.8299156907183,-0.9152559686832825,4477.0
0.8985698678641104,864.5797679862542,862.8634343825984,0.26887266723948183,5113.0
0.04189150363160221,69.40319039567207,67.97482123587996,-0.719874520840588,397.0
0.3386515587271812,581.8043706358233,580.541916577563,-0.3270670836272057,2787.0
0.7720038489464046,939.8417294751384,937.8966870355086,0.09451553800434363,4759.0
0.13204293430623537,204.3434927465365,196.9181160381616,0.6229342493167198,1170.0
0.8842000232397313,924.226814346929,921.7032206690604,-0.7385050728662697,5131.0
0.9743254223618201,890.285716033476,889.4317627345973,-0.34044161094087755,5289.0
0.2618450262491814,423.02191878790427,421.6581923984397,0.7390952972752185,2190.0
0.7793586698656368,862.2014139401318,860.9790846241142,-0.08535677018256245,4820.0
0.6662147388848294,839.6977052330595,835.3078239799834,0.12256128258811298,4386.0
0.6293875597648477,828.5139354009689,824.7374333776097,-1.3903959331788984,4198.0
0.5467359995252626,686.080039696707,674.8606051987879,-3.1301170431133416,3765.0
0.9061109831451425,1000.5248547094453,997.7436508686517,1.3073363702547196,5198.0
0.9927147486376039,1021.5021281781037,1020.083321833722,0.20740640569713736,5447.0
0.43543381788267443,556.5656467149438,555.6512650623225,-0.4633468600837681,3228.0
0.31442519051400364,533.1282169638159,526.0756966804224,-2.086026252024849,2627.0
0.20609975710401385,350.96410797514204,348.36899235855213,-0.5926090544965522,1862.0
0.6116954311178135,770.7886416647024,767.7065047057117,2.1575838542352357,4137.0
0.7025635283422008,818.7569243480153,818.0376344957053,0.305146710730625,4476.0
0.12778564890664856,203.85876303949456,202.86128367843426,0.21124793013986085,1165.0
0.17751310999999814,314.4531441525882,313.8101512336929,0.09860901301960842,1603.0
0.1647199123205334,291.604859931498,288.9680093153337,0.858323993319002,1474.0
0.2990976260453486,440.9710165770305,440.21911856228115,0.7889525450243933,2428.0
0.4841540410516628,634.2591739590965,627.530635801999,-2.1315738949910354,3524.0
0.4757845995720378,613.3509956890443,612.0748848051417,0.8157842928730809,3454.0
0.5549442344625573,749.7030164549219,748.1370776856594,-0.5595729260282916,3847.0
0.5204658879793792,672.3946661627218,671.6846204328176,-0.5963553967933795,3659.0
0.4453268634545744,644.3560278687717,641.8188837331962,-0.41523791908450347,3359.0
0.13043740520359204,258.62468100864544,254.87356160245017,-1.2486866855314547,1200.0
0.3548906459587329,519.4734023269588,518.4494491852261,-0.6196909513822094,2706.0
0.25044186206212027,368.00608333754917,365.25593524888353,1.2984431347705436,2093.0
0.7766534443194286,905.0365378541136,901.6767344480993,-0.8703868674176924,4782.0
0.2533226414523765,385.32613838053646,384.3438494593645,-0.10470570249689509,2133.0
0.8129400107506468,948.6377093224659,944.1100339419309,-1.8137113676153929,4961.0
0.745275610422647,846.9348018734987,841.2326624572606,-1.6248929733419464,4660.0
0.12311045323679737,181.58709329604457,180.65240790539167,-0.4037743687728335,1133.0
0.06474388291423328,137.62396929221862,135.13634351318575,-0.16167740452049978,594.0
0.2737054953356943,423.02275000947674,422.80636228069847,0.5257469030907934,2246.0
0.04253399105653688,69.69005439005439,69.08077474376937,-0.33187209009101043,406.0
0.785502495168174,919.0464878451213,917.7035311342751,0.006792301859458279,4793.0
0.5191927909539401,681.0829206168893,679.2787261833091,0.6545767872315148,3700.0
0.6044917147638036,730.3360716404014,719.8687603337802,1.7451972903080606,4123.0
0.9104730747373474,945.8881628416812,944.5862373688623,0.39427921289374723,5214.0
0.4210706881141767,593.6241804865762,588.1235947895956,-0.7123509822867323,3074.0
0.4036054608856886,548.2640773257756,547.5940819421749,0.2199675912238914,3086.0
0.5536932967525495,751.002265699714,750.5571218249999,0.5139183066176,3895.0
0.07352994224625997,147.45819606285744,146.40223727331986,-0.2933294740433203,697.0
0.16281420461340224,251.84425551241048,248.9513257667907,0.5210242136342282,1430.0
0.15991860642177125,273.79516507516473,272.0899076261682,-0.15740098854785328,1432.0
0.9918700177058336,1026.5918597079685,1021.2046912874987,-1.0657222775738835,5515.0
0.47980209324441514,722.068072588273,715.5698683082509,-1.97049955996774,3484.0
0.8050779342472003,910.5852135149028,904.9880392077529,-1.676464710570125,4818.0
0.08868934022582109,172.8394885214398,170.97047722558096,1.0874618918074863,806.0
0.8318076661122862,879.3062110489258,877.1479303030537,-0.18784796959493166,4942.0
0.7097064287830122,960.5847902384446,957.2442035457065,0.3300624406677308,4578.0
0.2304737428437471,354.0317822166308,353.2880517171627,0.23434461836739606,1976.0
0.015548565947834492,21.110762800417973,16.868047564250098,-1.2598179738662763,151.0
0.9413810075406404,980.4034939356379,978.0304048733153,-0.5359164315310948,5208.0
0.03689380262993647,65.74194915254236,64.78117364999478,0.45790261860839143,354.0
0.19683451161133791,382.58945602910933,379.41815883850825,1.07316997291751,1709.0
0.31409712287067126,472.9340007236454,468.17113424983773,0.28867692428024505,2497.0
0.9299050069244251,1017.7227150681324,1012.6959677652877,-0.04507155019118307,5245.0
0.6267776174004707,756.635226533405,754.1302157580724,0.7601628701909562,4173.0
0.936332639415971,985.8472985547836,983.9452139641576,-0.40190110339301127,5261.0
0.3114043350299224,472.63912318974474,470.7080790199794,1.6462188330670973,2537.0
0.833563465794407,893.7457593704003,892.6556670123185,0.7192738438253883,4892.0
0.5826082330204378,807.9941688132947,801.3098088495874,0.3879931955253202,3967.0
0.7113998922467565,839.9599765026104,837.7752552717825,-0.7293593213076676,4557.0
0.28410910024982494,496.3364600633249,492.7056310938269,-0.7057225455458125,2431.0
0.11202953553940531,188.05004946688328,186.25707846929512,-0.2693181341821607,1013.0
0.20255230578750583,326.09742391362073,324.34540844634523,-0.6562159757822594,1792.0
0.5569871294951646,702.6895365639797,700.9482491333607,-0.1356985171859751,3862.0
0.695432944136841,822.9374070441258,821.7017124004852,1.5159531298672049,4505.0
0.5958579282013382,752.5332439298501,751.0221487320863,0.6299648610918442,4040.0
0.1391041494664046,221.38188862416155,218.24888469154183,1.3893306847436302,1212.0
0.7641222572949555,838.3038943298283,837.7846056537167,0.7080575989827734,4669.0
0.5971256754599942,755.8042737554035,754.3932050785683,0.6893540850186376,4144.0
0.7808430083098574,823.4654113259306,822.8982020597506,1.335085730980053,4725.0
0.04913090939982301,53.416425478559674,47.47623992961345,2.035138714867244,461.0
0.5762005894011041,787.1819446645561,786.2694035249638,0.9963000375220006,3983.0
0.8577704996656137,889.4043260268674,881.9744145365701,-0.9501765637057855,5040.0
0.6495224253981589,860.1488938889928,856.5617548242594,0.9916540807782657,4226.0
0.10090251781760617,213.4676439108381,213.07660388439533,0.42057980868848144,941.0
0.781261311620781,820.4688316766608,820.1132188985707,-0.20549609648966824,4796.0
0.5996457983350674,729.3100426687129,726.7854833426198,-0.673815889656019,4087.0
0.7899515470613024,838.8966949240497,838.4669860844905,0.9610424229012994,4736.0
0.9040642054318646,1008.7186717870163,1003.6148894905363,-0.013144838743027583,5195.0
0.09739283829263623,157.92129117443585,146.34604083074157,-1.722883810292061,908.0
0.47573055972134637,596.7072999669449,595.8722146730486,0.03347241012064379,3469.0
0.13056760642685017,231.10206708676859,227.4267459362141,-0.8583866892628892,1163.0
0.08827038405347654,98.1814691233651,93.66126976087928,1.8455168466312524,810.0
0.2878974728132533,404.39220619820566,401.44344545236885,1.3927433986448874,2331.0
0.44410387061106926,687.1758600688321,686.6023261892902,0.218669837439768,3385.0
0.9542915821390758,1006.4809102364903,1006.2739578899002,1.0514033648384686,5341.0
0.9931754501292231,975.7941214797128,968.3575261191799,-0.004739521660910658,5503.0
0.3678175976387188,583.643968755753,580.8308253697533,0.054752997790726385,2945.0
0.47051137778887486,574.5877064570105,573.9809278346689,0.9382731937016788,3425.0
0.5951046290564933,806.4667260506097,803.4164376176485,-0.9284289402266014,4045.0
0.4572286319890363,641.7550966656833,637.5843976918966,-0.9970745247283039,3486.0
0.6295325815983652,772.606819900663,770.7561090660689,-0.03986741736495156,4237.0
0.5173424461801733,716.4649278175616,709.8971104188312,0.4538682545931396,3718.0
0.20898516925843458,365.8244455621531,365.1284259565146,0.5836152932407291,1838.0
0.6136116484563665,783.4059886960125,782.6529213356548,0.17389912326183365,4020.0
0.08445582072624047,153.11902462539607,151.6705493932636,0.487842157697555,809.0
0.9360306873341332,893.5373898350946,889.4746240704751,-0.6744258742274283,5268.0
0.6032488484854824,800.2609965849348,798.4104027829186,-0.17282291288674942,3986.0
0.4864421669028566,687.1302248809238,681.4214904025453,-0.1625743871765043,3530.0
0.5641736905681433,774.0189984815277,772.690682164135,-0.7174995178014226,3934.0
0.5143556761416754,683.0481706264904,679.3777584362405,0.9706972466529732,3736.0
0.039411607970932905,74.17569954370906,73.84444241154691,0.11956743975106358,359.0
0.26307465877652836,410.78711950191484,408.25842435496133,2.129035879097771,2211.0
0.8471804445657646,886.636056205081,882.5539347078023,-0.6268351779231908,4986.0
0.10230310854290314,178.35494892941702,176.80654517464015,1.1970256621828081,965.0
0.8772627056246473,866.8474630661686,863.698613962278,0.14391818386735233,5106.0
0.13737277725010688,246.20515854699832,243.8443971513368,-1.0535649271499674,1273.0
0.8835174276862994,1049.348327276337,1047.0210998075481,0.8680960423924876,5038.0
0.6291528079466335,897.3629098474935,895.7283677161619,0.06426504032311459,4219.0
0.668232995149186,804.6673870104041,803.5797674891492,0.4819277403029895,4392.0
0.8331715969759533,848.1472727852627,847.4269357976937,-0.3427325828929193,4998.0
0.2593845192814964,398.9529091199852,391.8354716379933,-2.293943811410744,2183.0
0.43145674715738835,674.934843616446,673.8109633510508,1.358935715384932,3215.0
0.9731632942339363,998.5598613257634,995.470439688708,1.7210662687039315,5334.0
0.9294091131017668,904.0002846993453,901.6025143293335,-1.0803332620366581,5268.0
0.6283963851327711,756.7280779932075,755.236813932142,0.5546104846499774,4147.0
0.6165131822222599,728.5901390432391,728.2592379093093,0.6367891632778728,4108.0
0.6731634461179831,883.8146497998696,881.1729239515839,-0.10897823357963007,4366.0
0.9650945219026672,980.4691093228687,977.5436951656903,-0.06052324118779298,5333.0
0.8900372827009045,844.641102025135,839.8970124888361,0.33955697189567574,5159.0
0.2681914450664813,340.888956176415,336.56718861442306,-1.6879406406294475,2318.0
0.9353217984488855,1023.7904470365638,1018.9931112214874,0.3444327724616903,5273.0
0.7244689312140357,813.3888203594743,812.9570859303026,0.370528418103137,4541.0
0.6056047567760223,793.4598483321605,791.1892896114202,-1.0354792152819998,4121.0
0.44075169746396803,675.5390738951127,672.2842240957518,-0.8737488159303034,3269.0
0.9147533350386072,969.00395044182,967.4007677463678,0.45225758672402355,5230.0
0.123972526380141,221.34910627994785,220.48721005941826,1.1999895025766427,1185.0
0.32166475918459103,465.0185966572073,464.1414627402168,0.4860154300593692,2541.0
0.1698791304894216,240.22829523140393,236.97635463582967,-1.066520741023443,1424.0
0.9030273227786395,1067.0684895254403,1060.9544756943594,-2.1340162597019035,5259.0
0.758024353640844,843.0976818933767,842.6832842090325,-0.2069774026976441,4687.0
0.4038007567027395,660.9185007589359,657.1239038458804,-0.17665048222279991,3062.0
0.0932411724640293,178.59490220641862,171.56636422640446,2.707522997246746,867.0
0.17456547926802757,295.1532377535088,294.5072883566072,0.5519765923423346,1524.0
0.04164355765740435,108.89263843612113,105.98724625462621,-1.105724898550299,384.0
0.7781460846013603,841.9629772837594,838.4100547091722,0.5976004792382535,4762.0
0.035725496661412115,54.33995468323827,54.11090435997475,0.5024721024088128,354.0
0.09453330875272248,160.6554586138739,154.25850672645208,-1.4949871992984745,829.0
0.9646938447368955,1015.4396314938926,1014.243428830591,1.3118869541187475,5225.0
0.14696996988465494,281.76062147397414,278.04269368818615,0.3968585780961872,1295.0
0.9598631022591321,964.1012863674979,961.0377774137146,-0.7134211258076396,5346.0
0.2202664242400877,326.7200527708002,325.6136160579907,0.3002770041344002,1921.0
0.25646463321765756,359.3926497988932,357.05600621624416,1.0666958261416046,2218.0
0.5021117611404684,648.1291203317003,641.4875180097634,0.4128689982551956,3598.0
0.7861054460405753,870.7959901720801,868.8179909673557,0.007184488515762705,4857.0
0.42486211921711925,595.8852961120792,589.3200812700253,1.6484414781654921,3159.0
0.9099183166958623,975.7709741801675,966.5984804077228,-2.430295773519842,5275.0
0.08228193718797083,172.729049645572,168.22624138897638,-0.4363050611726739,819.0
0.4945303086028463,667.5235320541012,664.0244807616375,0.6999258103166702,3561.0
0.29173170727895514,434.28585270733925,433.0969822297515,-0.7724297075347218,2432.0
0.45423792098317317,680.932809584207,678.0146065570624,-1.2733773879466386,3395.0
0.37768508310214277,523.1070220806807,519.7645233674357,-0.2770594002156618,2899.0
0.6649386276017607,783.7786739226316,782.5753666493993,1.2559740811368714,4295.0
0.7526590000143137,866.6252438767586,865.5408039687114,-0.20541714101366085,4752.0
0.3738734613113117,584.8583746539282,580.8065077464549,-1.8114103852685752,2971.0
0.18008179074820418,277.9523789893402,276.27163412962847,-0.7833490528647546,1566.0
0.5830526690991757,735.7844177667015,731.9432331338365,-0.9285814522903618,3982.0
0.9089412453567279,1008.4736322861406,1006.2266924988422,-0.4873523108090437,5161.0
0.8903398597478915,961.3705256087976,960.2244817664072,1.2314023306390012,5155.0
0.515646470415551,619.8343272069666,615.7298811055015,-0.6970041478995314,3747.0
0.10194526606590881,200.67900811853366,197.55847187241534,-0.13658496414541882,951.0
0.13311169153406965,233.25655647247532,229.0880212981737,-0.6366173857283481,1148.0
0.5910750869027712,679.4733128019398,678.380515160482,-0.3621317136207425,3954.0
0.5902932730030479,820.5139907157243,819.564500132492,-0.33563076938409464,3950.0
0.03760133621819939,50.11881123852478,46.66568992060334,1.0304210717090128,346.0
0.9582895435950599,1031.0402456085608,1028.996403152425,2.1689390661259815,5291.0
0.04389703054072991,45.52485431208059,42.56566877151991,-0.43297495832312743,392.0
0.6458633333774846,823.0485059955676,822.494183382632,0.796801688202178,4298.0
0.8597695207057319,838.8365542606186,837.2954376224235,0.7585557985605541,5086.0
0.07805352525736431,171.81572976205706,165.4091196817757,2.0976911271167444,756.0
0.46642972368952307,658.9993881994093,655.9208992818697,-0.4498017107757472,3479.0
0.006186068253521637,21.46904761904762,20.951598962834904,-0.27242300891236937,65.0
0.7143091072172492,833.7016544529465,832.1243587397275,1.0696837351835424,4602.0
0.1997417081895656,335.10198173884226,321.29870386327957,-1.5376870507679505,1725.0
0.345941269668924,493.5145417674723,489.9365432567909,-0.37904932265279095,2781.0
0.7351301505496127,800.918888593341,796.9499187034095,0.5887656790844683,4674.0
0.7369162947040864,931.9158430568623,930.4038149874003,0.4949947101498618,4647.0
0.8200677213887679,923.6677398312452,919.8447194932746,1.2163680943583997,4982.0
0.8705173303856049,855.322308368352,849.4804783437356,-0.7989096527993187,5069.0
0.7319448235654331,950.5643289709728,944.8530976215778,-1.7620673775310238,4631.0
0.15375838456351631,276.40978403014975,272.192744183169,-0.37643682301573866,1397.0
0.14166220188930834,284.7025455070266,276.893970654331,-0.18760283725367535,1308.0
0.5243175497027565,621.6014390732662,619.7895610616827,0.27995162931773676,3686.0
0.8666301160595639,899.6451455567632,899.6283774720243,0.6548103576975635,5151.0
0.803560656008095,929.0955253734893,927.8572243605154,0.3953896124658508,4905.0
0.2393423279486271,400.4729661611578,399.2191158589106,0.046825515958332696,2074.0
0.7831180211188903,912.5137925694488,910.6023589578895,-0.3839983799759465,4793.0
0.9220602893630763,1022.9232803927608,1017.203131955438,0.07343001134817073,5211.0
0.4282448489151047,564.3697792207521,563.7435992594359,0.687373080497611,3255.0
0.5873441665576138,747.887642923102,745.6238443595065,-0.4810249473462976,4001.0
0.866772154299871,1053.5377845620046,1050.3756300470238,1.6567622128246557,5066.0
0.6890607904489975,829.450037985867,828.9155820991946,-0.1454077537248883,4525.0
0.15207005655506967,235.40991501261385,232.57840518456953,0.8907602767724643,1349.0
0.022100703656610654,42.160143624491454,41.46989193682459,-0.3089670993669571,198.0
0.29727060481749523,431.5732161556943,425.45376222069933,-0.5661116529651044,2558.0
0.24634186976942019,446.00652458150245,443.44367141267844,0.7103707486004528,2087.0
0.10222290932531464,204.73579027572094,198.51326799216085,1.1323107236761536,948.0
0.3292755183527858,556.0095343042107,553.7033210684266,-0.716421759682905,2604.0
0.7505274947217301,896.8196464287452,894.4016689843899,0.4945559183824034,4697.0
0.5276664099743026,625.555298561477,622.4357632441279,-1.3709162267188,3726.0
0.7944508990486236,818.3529095065242,816.3790510098366,-0.26561372731795896,4836.0
0.2176655954304355,400.2868280503208,394.10687507003195,1.1660456383522184,1884.0
0.16500167876649552,311.6520220411194,297.2712482171194,0.7294872825774338,1524.0
0.06792522648965571,130.31850528303428,125.53207269231528,-1.740466831412693,625.0
0.42258482078045734,597.6793183034231,591.9242649632195,3.039842568213506,3240.0
0.2912401083030812,423.00048600174836,419.77661041302036,-0.5296880669244942,2354.0
0.09896450329450068,140.30795496635588,139.1331942497345,-0.4317523265356118,906.0
0.33974438366427495,505.70032693178734,503.12036245293456,-1.007494477909183,2693.0
0.8953990058081227,966.6514299589205,961.0105464313011,-0.7412095409860852,5176.0
0.3904705012157804,630.2796518564445,628.2141129078993,-0.6163450229724053,3060.0
0.1651818363781381,317.5167145735347,313.9499425061427,0.9120877416808437,1521.0
0.09845550029910777,147.29507576951113,145.4619142649285,-0.8458559195174825,944.0
0.707168264451305,835.1402296989927,832.373634404458,-0.9123492800226424,4583.0
0.7966309870786605,890.2917655546713,884.6096666179868,-0.8567719781555724,4805.0
0.07434859099201552,137.20573257172038,134.33448763544848,-1.345229418351048,715.0
0.2782596766993376,463.6192553903446,460.9520287167523,-0.6050669731306283,2246.0
0.7817902097763858,876.2697288894279,875.2119198583781,1.6782563607656016,4815.0
0.02236553657911977,34.39952486543847,33.16942084942084,1.0604612357398318,213.0
0.14872274657021212,227.2835004450701,225.27782247138333,0.6988373381248325,1346.0
0.1844489551892755,294.080439200056,292.7386079438917,1.2013980018840542,1612.0
0.5569072374555575,784.349498885151,780.1094695209189,-1.4040842375043079,3902.0
0.9765241330488005,1010.7241394827983,1006.3922029182302,1.7159868439639558,5429.0
0.974860560118003,962.4052179033821,959.1173700253919,-0.15837314649467765,5347.0
0.31245965204619575,569.6855868348953,568.0681329535201,-0.2966277190421966,2586.0
0.7258107974229665,785.1839420790125,782.6535465674244,1.757574053174755,4513.0
0.4477734369275045,675.6223272094855,672.7798579217201,0.12313975604663836,3358.0
0.9210272815520136,952.6723912324453,951.3404143837703,-0.4729614200976286,5221.0
0.8491000211380683,919.2130047802093,917.7277344302149,0.36548422999870517,4943.0
0.7250854714526654,859.3601693468269,857.9830129137288,-0.07475299530246389,4565.0
0.9474041002664589,954.7856864261375,948.2006638153944,-1.903341974804607,5286.0
0.007322964178784086,12.045344129554655,11.03136299623187,0.4026738415010818,74.0
0.9747157380477668,938.2980095674216,933.1704464430861,-1.2982957843100909,5463.0
0.9471738419928946,920.880961643152,919.8583330761744,-0.5753530983549807,5330.0
0.3029745467769792,546.7051760123329,544.0962282646896,-0.973811821000241,2495.0
0.4990285100434465,667.8219980079244,659.8259918083568,1.5071055351606875,3587.0
0.8835778738259397,925.271844654357,920.9014622120332,-0.6847076117937541,5124.0
0.9900896110523613,1065.9398352300364,1064.6274258502328,0.4732517009850231,5567.0
0.13290630798360492,194.34325073491047,191.4447439511951,0.6482481163002226,1174.0
0.5705553001579066,776.4505236195303,771.0868705557004,0.12422163017501145,3951.0
0.6162498258130938,731.8331050955532,731.0422312749613,-0.549056216059525,4097.0
0.5947785056140885,778.6927059931079,776.9324587997747,-0.2906019728196339,4089.0
0.7892228933518559,900.6079841264559,893.4036432465548,2.340498345903065,4796.0
0.2704218893791399,463.5550393833002,458.075256823188,0.02304269644803885,2214.0
0.024571927404615113,35.64687758120594,34.84856360169614,-0.6502442745929304,230.0
0.2180734300952697,341.0128377612417,334.9266017803356,2.896782696007271,1978.0
0.26125521467592117,385.4274313924639,385.0900153658572,0.8838382190868433,2154.0
0.018914200083891997,57.82539709157253,52.55364515487119,-1.2156128570769764,210.0
0.9274882032572104,995.8112135990837,992.6415680671465,-0.400644382594388,5257.0
0.3256166084931327,470.666684023002,470.31806573430396,0.5675283499549248,2559.0
0.7127497362139835,923.9169727645128,923.0244598431575,-0.2832529651958167,4585.0
0.7289528287926683,810.1090855638479,804.47746792292,-0.17469072198577376,4680.0
0.01544603233293429,20.90141827481981,19.74391890233427,0.018508460543797817,147.0
0.9142269607258795,994.0117888073702,987.2763750213522,-1.820914544367068,5235.0
0.6747720025298901,834.9037774795738,823.4968656954995,-2.6459711390379757,4422.0
0.1208715887388957,192.7985447991031,192.28840353305432,-0.5395193235594568,1105.0
0.9793603444951373,955.9165995421737,951.2824243456954,1.6507078065698892,5338.0
0.551935996764864,747.7283960543907,744.8811468795011,0.20478995444155973,3895.0
0.6441897550291301,763.6406316720938,762.4323887540473,1.2393428694108939,4355.0
0.7512614082521377,788.7250714374181,786.8369710468261,-0.7982872851249737,4696.0
0.700374394700089,798.6243250145446,798.1271815401841,0.7511587605970574,4531.0
0.41657019393017314,621.8592521151606,618.0983906943836,1.8670269296112947,3166.0
0.3277444730184276,524.7687685492707,522.4031834533926,-0.9392938340480042,2613.0
0.4022031179658959,598.6261364768011,590.0034383775445,-0.5984925340027331,3163.0
0.16350787735297379,251.43021878807835,248.29779632773514,1.183975615790648,1432.0
0.23820607367511126,418.3451456438252,412.8746080847368,-1.2160805194628321,1968.0
0.8019676936214934,911.2766444615015,908.7892641763606,-0.34882611060810853,4838.0
0.7631019587132232,894.6934755475802,894.0943976276671,0.9852392345907885,4721.0
0.9238263995344422,969.0110061892884,966.7450652158877,-0.13694347976980847,5194.0
0.37124482602847864,516.8071478489436,513.7166878523735,0.25814617252131955,2898.0
0.5275260565597545,677.6891086845598,672.5627946642744,-1.7377349588480557,3649.0
0.39570427426002064,555.8920213694903,552.7473568037035,-0.09469214748228874,3022.0
0.29128018292750557,488.7002487050928,488.58810969113966,0.29542892869640625,2437.0
0.4215808540525383,529.2660540862398,521.1149994426994,0.554680085333422,3123.0
0.062242862438579794,130.55009244668364,129.45901618860782,0.35394010518110036,606.0
0.9601835989053992,1030.1202522067738,1025.9642395287642,-1.4964986246887626,5277.0
0.3479617511779072,464.12580257276636,462.9459463412112,-0.1350937094832708,2716.0
0.956455287791633,994.743009052976,993.1871363997885,-0.2281411465208961,5312.0
0.5986656772146429,757.9011554814541,756.6506031623713,-0.6538917856264158,4059.0
0.19303681299353548,328.19859447479774,323.1094426675378,0.1392844645853637,1785.0
0.25321012625261086,368.2785579154163,367.1244795025194,0.3490475520798742,2184.0
0.6712396994480684,831.079097834903,829.4231481259934,0.0729466571320277,4400.0
0.36766781490243017,576.1262085569216,573.273333723574,-1.0169638036663318,2802.0
0.38525840007193124,572.8580229829587,568.5185881094262,-0.9690998491074239,2971.0
0.027610716156779902,43.9584458207774,40.53868989456955,1.1161487234536722,286.0
0.01621213709441527,37.02723400950905,35.09659320901071,-0.9161346106323917,191.0
0.9653113333398788,1002.6877331314771,1000.4157566499032,1.1137091871812121,5321.0
0.015098753048121138,34.083333333333336,30.325822109357407,-0.02478273192542559,158.0
0.4392548730047171,618.6433295804678,612.5409263557709,-1.2803728544440536,3181.0
0.5546171282983889,698.3496567699668,697.8918185192068,-0.1568015949063864,3886.0
0.21865982195115208,307.34671230695625,304.4317008316653,-1.4925755175164204,1821.0
0.6481173905979813,787.8848705092129,785.6971647633195,-0.07429418630726403,4297.0
0.816447164391744,873.4950067488195,866.9679174613533,-1.6583991442294383,4859.0
0.5529377580991197,697.0437558863891,695.1071161826042,1.7416435718910899,3899.0
0.2308348964374295,396.8974488010237,395.37781897515714,0.06588790927239895,1941.0
0.21706157463047993,368.48396521503605,365.95167007498605,0.71745843628869,1873.0
0.30161308765547523,490.610872968409,489.8954423458373,-0.18022405570729816,2484.0
0.40773902445935184,585.5060078587677,583.1558597441378,-0.7641033011996025,3139.0
0.17882409773344232,291.7700894435258,291.68561054380393,0.22290986418175837,1599.0
0.6722545824673614,815.9466976172365,815.4872013480565,-0.13508428284684054,4386.0
0.7880193048741391,871.7433056701105,869.6457401099175,1.4998656508953359,4802.0
0.7229394873343361,916.525080342927,912.1338772475013,1.4699197633364895,4576.0
0.6431856903217692,749.4529787691357,746.2905228093949,0.3609015771449282,4177.0
0.910026702196011,855.0582990333113,848.6739194192178,-1.6450368922722247,5161.0
0.5447754353253547,600.9269155952436,598.3211155357733,-1.1982895033065286,3777.0
0.36507179359745634,569.6639479891674,559.9294894094697,-2.8335099086895923,2822.0
0.9424010864963056,949.6051116797464,946.2780742547222,-0.8815107331138515,5332.0
0.7111980837102555,838.9121000802527,834.1217628870331,0.9675053613227016,4541.0
0.7266656572478086,856.9988198633935,855.739303715391,-0.8639872860653561,4602.0
0.39264514356479396,640.6847786087218,637.5964250057257,-1.2026793845383155,2999.0
0.8442949849854234,915.1360807456913,910.5739949629013,-1.788666475474899,5034.0
0.6935041462341184,899.6895525896547,898.2343027653715,0.29419981522980526,4460.0
0.2713361331589714,405.83451720359466,403.082580562755,-1.4620391116451774,2229.0
0.46675378265592593,647.4029789231968,645.5530592142275,0.004730728303467839,3498.0
0.5681046326870164,647.5787111579014,646.4667874111755,1.2384382088133448,3948.0
0.9736796163915321,985.7427634300133,980.7137056769351,-0.40365972005731465,5328.0
0.18270130992566402,359.076641242155,355.82705021790264,0.8436810235094915,1611.0
0.9329274548455049,938.7174224269331,931.3025165419732,-1.527013876498134,5232.0
0.3338946717132134,500.4852673352847,500.39083371576004,0.3805142102797081,2663.0
0.576789922998419,752.2149281576542,748.4391402742984,-0.7435481381917418,3946.0
0.9661531138315516,973.4090800575924,965.7541625449882,-1.0663730495532888,5383.0
0.8485846888714511,827.8564886517732,825.8069331848527,-0.44228861207110315,5004.0
0.12099109808939601,216.47344872278114,215.64611068912714,1.0627133281130103,1099.0
0.7492664392970835,903.2803305338142,898.3565080368465,-1.7510688411517463,4613.0
0.6736169494202112,863.5189381555311,861.0401269113694,0.5617171755638878,4346.0
0.051843739118980436,114.36432837154604,111.05553248679837,1.750308470764378,495.0
0.12869269909423442,293.4088340819243,290.96006952006326,1.7118954385914817,1213.0
0.14913936798930716,260.5611555542338,258.83299248727604,0.9655560799559507,1389.0
0.8716545797128654,1049.9927152265186,1044.4816910964005,-0.004230619664094126,5114.0
0.4395879095624645,664.7418480707754,656.207616680657,-0.3053880409366629,3299.0
0.38197682746595163,572.6667678689832,571.8263847706587,0.5240531448553851,2917.0
0.9091579467857374,1047.9332533568681,1047.0023722737915,0.6597933098561997,5268.0
0.32577260403396036,538.4371453908486,537.7862133424812,0.2820895437402744,2696.0
0.05159795619987839,104.61086028769964,103.30430034033685,-0.6943397894744213,487.0
0.7325764868305882,959.0657594799685,956.9629107348538,-0.7562285898577212,4623.0
0.7882763048257387,937.2205495469894,936.3619029439736,0.7867955224760996,4821.0
0.9381786576047547,954.5799108414977,951.0203313826742,-1.2239714527936534,5298.0
0.013113998260655402,27.34125794245734,25.407697783545846,-1.1831932969132906,151.0
0.7217998967737017,762.9743567193099,761.8368921356791,0.606854504080825,4644.0
0.5366240822355914,772.987375962247,771.3484657754434,-0.20816419874837205,3734.0
0.6578331571373892,796.3400232833245,794.0647555703675,0.987891519489687,4259.0
0.31038248123897527,400.5567375628766,396.74353887495243,-1.743392780906866,2537.0
0.0774667843662844,108.56254610886191,106.01266136305516,-1.0717246753133798,699.0
0.46184341912177684,602.6489846807353,600.9288625306781,-0.8299200833573754,3482.0
0.8141284217460253,970.8796889682698,970.1759000108269,0.27307657338402624,4846.0
0.8708683221621522,933.0188579175805,931.3040980202792,0.7163027283858311,5038.0
0.9416643752964341,1070.8567637884867,1068.1529608738244,-0.1415888415994123,5240.0
0.9506842853559634,975.4509528474605,973.2899051670395,-0.5295678346518471,5244.0
0.05345010856942456,132.03820725441776,131.64839447978963,-0.28221004380801457,563.0
0.5115498782183725,671.1010434057131,664.5977464563216,-2.1421051356604326,3649.0
0.0337754447671299,53.76659849118866,48.08804924333352,2.242557544541324,317.0
0.675020471778831,702.989925969975,702.4680547886658,0.26178179157775006,4335.0
0.7397154156137203,983.4466102323761,979.0128271691461,-1.489558035133932,4583.0
0.124969414975591,248.3130918934438,244.47882303042343,0.884542386566211,1186.0
0.2142232219228566,396.87560632769697,392.66773641258146,0.08573996784161378,1847.0
0.11287355127389331,193.694104298318,192.28732597058402,1.48774804314273,978.0
0.12353461221829554,242.02568197121948,239.49428303031775,1.2550263517419116,1152.0
0.26863182909638816,479.06384778440366,479.0540548548335,0.12073099004732399,2211.0
0.2896891374072653,351.1930273445374,350.1449283941434,0.24221468679635957,2332.0
0.274004819481778,456.2617442000373,456.05965428914743,0.641283082891061,2237.0
0.9358978235048351,951.7565192631915,943.8220551901902,0.12222135401414293,5293.0
0.9524977846021989,880.5023593413932,876.5381156574862,-1.5882685052976286,5235.0
0.27128040746964166,373.6688209959012,373.524684843626,0.1272394357034636,2243.0
0.07899084816455504,138.53048340775644,136.88285284724213,1.2970467698762949,793.0
0.43096611548143215,625.221763960537,623.6959211056277,-0.27291836502230593,3217.0
0.25913641718432023,372.40086639574173,370.12107938778274,-0.260889533178968,2169.0
0.9744253306372073,1024.7296827212274,1014.688560439678,-2.059810925205683,5347.0
0.5985561312238172,761.1381196642836,757.4539465919391,-0.4770912627555224,4078.0
0.5508888954516998,691.3523291182526,685.4223403026396,0.4722375369887061,3774.0
0.4350023640238362,579.7369892445996,577.2189326728488,-0.930299007483412,3328.0
0.512693090049804,717.6754666774926,716.6990968788733,-0.6230752562945577,3661.0
0.01024814168546262,15.584704184704183,15.428825944382767,0.15559021499353654,87.0
0.5384796352810868,692.408771051668,691.8020649425996,0.6372764067129489,3769.0
0.34416752236209236,532.4853682288337,530.5140150750334,-1.191752138058632,2697.0
0.42723152656467134,555.3882961496067,552.4705515704447,-0.3221110225475315,3283.0
0.09756176142713546,177.38553006471884,175.25419466098109,0.7436869740455964,906.0
0.8381063682472937,873.5007803260281,867.5145566251988,0.22787640237013512,4993.0
0.6079798687284567,788.9282343142892,788.09563032101,0.35368481411614533,4246.0
0.6736155167274072,891.9668987871262,890.808166399233,0.5306334588452025,4464.0
0.3424863082696643,583.5629211707942,583.2500759885295,0.46276949104349224,2674.0
0.8933318813339166,934.8945445908622,933.7988276278962,0.46720831242409416,5161.0
0.802231498389749,1012.4711706629977,1010.1519827924786,-0.5925469360553736,4877.0
0.028289311199597544,48.603751803751805,47.581710461451664,-0.8867357715183842,263.0
0.0396742796323204,91.95228780416183,91.02716956988567,0.29967255604164816,366.0
0.598154756437867,722.6489302335418,719.1753673449115,1.109291236814661,4071.0
0.5243973555520587,803.394836924319,798.3434599717746,-1.2518411543935537,3781.0
0.07359611985698855,132.49451058490536,132.15086757435742,-0.008274446955956352,700.0
0.2801873757911343,425.5074186600919,425.1966843532364,0.48979869775579427,2412.0
0.5552138875633582,762.224161746275,751.4960090154145,-1.5515494117404542,3836.0
0.6406633400992476,764.5710469201451,758.3857395683345,0.8268149100495542,4303.0
0.19878988901394912,366.1139842616229,343.6023399056664,3.2757730292970475,1760.0
0.6531288692308752,787.1272599272978,785.1518912316611,0.19221907543139927,4271.0
0.12157944972503454,184.80845085536367,181.02979100305654,-0.797000931864892,1085.0
0.6965404615045211,839.5938133384592,834.22063671367,-2.0207022237004586,4513.0
0.8653622797250127,788.6393795682263,787.4762306021983,1.393651060919909,5059.0
0.26454895110763776,430.364847265544,429.53659684423195,0.38868211843667216,2192.0
0.9357068757902914,873.7136212942315,868.8876237013847,1.9236546828435246,5279.0
0.6036158777199139,804.5737080177233,798.6345105640958,0.26507715701268075,4099.0
0.5975770011177294,777.1237148538548,773.7324071219577,-0.5852622320431861,4117.0
0.29369639124257063,426.6697512835489,422.3830938498092,1.161841436037539,2554.0
0.04988830618836848,97.49725025103825,97.05312064755154,0.13399701314268905,472.0
0.5745502353428538,771.284054304096,768.9225718547967,0.3031426191416191,3982.0
0.982443271843422,978.7794496885791,977.5390185123991,-0.026448414317147874,5368.0
0.773090956286611,982.8819595329466,979.6002939025718,-0.9613593396842799,4696.0
0.11715293602016807,182.36936814543142,180.94456812565733,-0.06949984570472148,1033.0
0.1856077575640238,348.07900924119093,345.6426011600269,-1.5211408817221617,1603.0
0.30565128196299574,430.7029732730526,428.402185310826,-1.3144978500544147,2517.0
0.9737187206753197,984.1913405237337,983.2466153871311,-0.5192891113154191,5428.0
0.7986183647142484,940.0203055173688,935.0625567338222,0.47005606284187085,4847.0
0.514217095773792,739.1439946836929,737.5577460221702,-0.24024772531310906,3743.0
0.001935807740829243,,,,14.0
0.36980698123005906,466.5732153463575,463.045601195454,-1.0689492468692332,2876.0
0.07092980620638101,130.7581042629335,130.04969101171548,0.47242538996790373,680.0
0.50643535820407,723.4432259879226,715.197637172658,-2.075843845041481,3665.0
0.36546405030888507,547.2359397432465,546.5665128453509,0.18191541508624284,2841.0
0.5695002979651289,699.6600331696575,694.8454012016729,2.01595158681231,3888.0
0.6173964119450945,783.8226268179021,774.8689659617107,2.4745170299678447,4094.0
0.9673541121780527,992.2322989581913,988.6922493916022,-0.9330673167307336,5422.0
0.835579563796657,875.5398289940418,874.6461152134295,-0.46766002865143963,5013.0
0.14993469404438986,292.0148759565176,284.0459079005407,0.149909975320258,1361.0
0.6265988024765292,799.5164512251916,792.2703210728939,-0.9972224020949436,4249.0
0.5981277643071035,676.095027003269,675.5492628489396,-0.31513173767597374,4069.0
0.13827108483022332,207.20525571662742,205.0366743440842,0.2930495491443296,1340.0
0.7521398200419975,813.8941392494588,810.1690597245725,-0.019115961398581238,4768.0
0.3696118863548322,562.7230875103851,558.0850769850365,-0.47352713637540467,2921.0
0.8740842349864889,889.2190654338058,887.9794757815395,0.4174866220253931,5121.0
0.8650756274549629,899.6617834554819,897.4160582897287,0.2934916342560225,5063.0
0.23153794235739678,379.94752836774734,374.3869550028664,-1.2025450013280818,2012.0
0.048225126831797804,106.01126875925947,103.26699451306389,-1.0038372099261548,455.0
0.7126715517615171,809.0235878231762,806.950701861593,-0.25820060268678807,4584.0
0.8234694020710672,894.684317619052,893.6768375389398,-0.07357243467109817,4906.0
0.4795772743357444,630.6070249525808,629.1991476952683,0.43883988095580817,3544.0
0.13612653874369618,250.33079635848514,246.72474476440993,-0.5116183775001241,1275.0
0.1695753013845409,266.66416409359937,265.0637366094764,-0.8497851119113983,1561.0
0.7417379897071013,829.0600971013639,822.273259434762,-0.8665284875494481,4632.0
0.00935758211161597,23.495052316104946,17.51916198262647,0.7716978052564539,104.0
0.6114187332078995,716.9841464283915,714.8734864847827,-1.3185151039030207,4128.0
0.020527788588007745,53.09920147420148,50.677170541571726,0.7456410708047535,210.0
0.623586833405579,737.2813318626438,733.1742399897239,-0.5722757676261134,4145.0
0.18764333700029068,278.03639802113696,273.29443040268836,-0.3036878524089855,1590.0
0.9882148881916089,964.5472024341577,959.3121105773553,-0.7559887001359052,5377.0
0.03749930821980374,84.85133686027746,81.5292649188726,0.9602594563254322,399.0
0.6641911225087401,841.5921657408394,835.0005978816063,2.6812081757441817,4321.0
0.603177192438005,781.9361988463063,777.9704347022977,-0.3137570201910577,4022.0
0.6429867655008039,751.8328462143904,751.021898007319,0.2731068965546269,4344.0
0.6147647674413683,802.1522572294638,795.4730212071114,-2.01880691613878,4166.0
0.13941112727713956,255.45819063135338,253.34167611122584,-0.07046328282560405,1228.0
0.7443105050749365,911.6242207508266,909.7819353860119,-0.7748453488457252,4767.0
0.46782139789829713,701.1540087141807,695.4355083514099,-2.0847455620463595,3447.0
0.9717438861271767,1107.8087597584351,1103.880775135715,1.3567104794699627,5420.0
0.4469883206128572,633.7712063130684,633.0273566328592,-0.09876859291462356,3353.0
0.8640826703610838,997.5750577061501,994.0068895594837,-0.24774069961539905,5063.0
0.5373044926040859,707.9098851546552,704.6673250335676,1.2087902958453745,3895.0
0.12481324487037349,184.42126598226082,182.10042877079957,1.3149089502991067,1155.0
0.5788069978930585,792.7300884457397,790.5341738235143,-0.7468235993667494,3975.0
0.8161304039053933,907.3451579425871,906.9762037400815,0.059430664485744314,4930.0
0.03950385028669989,73.84648541008795,70.68128510142427,0.23319336857562184,379.0
0.5948216744676411,747.1935030899091,743.9090596615574,1.550247752975547,4073.0
0.12208604956093427,196.7832502069812,194.05621444236502,1.4790162651517917,1131.0
0.7362877590906564,864.5330525358468,863.4684764864761,-0.2753236482958115,4588.0
0.5370841815345436,700.8609987102537,700.8411986494538,0.5084204143314368,3739.0
0.88270001385827,939.1740978861277,937.828961394162,0.7480240437508681,5068.0
0.8705679550217179,1022.6598576263132,1013.8292977265105,-0.419316634128629,5050.0
0.4959621768191419,775.0147849702334,771.6750540144732,-1.1843232945000057,3628.0
0.9525463080035239,1019.133521703764,1017.9047576050652,0.5789132708116579,5295.0
0.4256101553639371,520.046076871159,513.2384445717616,2.12954845708197,3173.0
0.5382970539265511,709.9273476580121,706.415416144012,1.8653630254552982,3782.0
0.1763459377664759,274.7923527190496,273.2779752223422,0.19620089013006578,1604.0
0.612798404776316,773.2795445394624,772.8456450194441,0.5665757148880339,4139.0
0.1416341960506644,239.74672911058047,238.78175724570872,0.2579462389644735,1317.0
0.6828485744007359,779.739851486801,778.9115386182965,0.3099101944251668,4409.0
0.699431361313929,828.6027674086212,827.4355412126175,1.0822218335464708,4582.0
0.2030666908311648,321.5987515505665,320.2048576203125,-1.170554608887866,1774.0
0.9210289131514248,930.9091229365393,930.1879457908584,0.19587775433362792,5215.0
0.13122612066042005,260.8939973572793,255.54245039329516,-1.553374378825607,1250.0
0.9687888346341749,959.527470762723,957.7651465419174,0.5428367739502552,5333.0
0.8915145900908141,974.7034445029918,970.998368460108,0.0836000767199403,5184.0
0.5739538806044248,766.1052484830795,761.5450985777226,-0.7950221465790512,4037.0
0.6193216367692171,734.4246225406905,733.4942442529792,-0.4375603173382182,4096.0
0.6673654532288305,853.4451409219308,851.024782351565,0.8358777703820697,4364.0
0.3806065225037809,598.0769779159783,593.3349049151217,-1.4977336742727096,2916.0
0.7090170737393064,863.7862383852787,863.192645204673,-0.1285729858455849,4589.0
0.6511071254807935,743.6551389346346,742.7327103710314,-0.32532199459997335,4253.0
0.07650991215850345,138.1873580135247,136.83690211758744,-0.8125875071600306,715.0
0.244149494165126,439.19147950466925,431.8389168423036,-0.385786484460834,2099.0
0.09145304006777155,145.47288503376976,141.35965333422834,1.6207551194434326,883.0
0.7897531447099722,960.5993531291055,958.5324197068315,1.292965923806526,4751.0
0.4313502105881345,579.3734552952905,577.7431003549652,-1.0859259748773331,3250.0
0.6587842724885793,827.6399370420811,825.9806740390407,-0.11960172178127788,4250.0
0.43690592425317354,616.9401303618558,612.6874091465314,-1.3603481076606756,3300.0
0.2081230381200052,378.8289320785546,376.84656284697064,-0.4485951479838181,1792.0
0.6639231638818881,877.0209906140527,874.8691456327658,1.509744875315278,4303.0
0.18515408151740065,377.827605329957,375.2598504208261,-0.610005257791056,1606.0
0.6407500209505079,904.3831017259965,898.3617826713139,-0.07427161869671213,4367.0
0.8008763637843477,891.3084062830283,885.8126269563099,-1.3630863494111563,4836.0
0.033260120991158826,64.48234457350868,63.814353099730454,0.4240330756863079,314.0
0.9988042907562257,1058.2161572906512,1053.8936606113205,-0.8609867513700143,5359.0
0.3854903819634875,529.076497832198,528.409910012247,0.8053864571920047,2996.0
0.7628838899698632,798.1541396909632,796.4875201087139,-0.49965541589957463,4722.0
0.6299651418385057,894.7076920594283,892.1495488754761,-0.5378122797323399,4209.0
0.9561658748337465,1028.0528669917321,1025.4021250258218,-0.732311591687022,5181.0
0.05597806641032088,109.02288043652301,108.02155309806835,-0.107350552656859,582.0
0.3105872137004103,557.1656427438454,555.0171252378498,0.30195370913058955,2504.0
0.8933062878114193,1089.8480706692183,1089.0935190104158,-0.34104154282956683,5125.0
0.6079566124600364,673.6563154535675,673.1474253175535,0.657644637682708,4037.0
0.9453458112673488,918.2054463693904,917.0808523007511,1.0866160109280778,5322.0
0.7180636814304673,759.6671069862912,756.6058507144878,0.9107903193524386,4587.0
0.2957707111950091,558.9556543993104,557.1282844681704,0.4364619808529608,2451.0
0.9406714036387157,962.4331164064135,955.480173656237,1.8994008003767582,5351.0
0.9183754280469194,1022.0171997169106,1011.9159608568859,-0.8901002910420354,5145.0
0.26536294195937016,414.73382571033835,412.66909358661997,1.0861124306971879,2242.0
0.7650958364884022,900.9345068655582,896.9749935046802,-1.4683039547116665,4746.0
0.16975173299242408,263.73153866192166,263.2547685171966,0.32637581736167975,1508.0
0.5168870505182294,668.4962901649476,661.751097863407,-0.6192847746489277,3642.0
0.40770509756082507,606.9729015387574,605.836246571196,0.06158191165118567,3155.0
0.8278431666505569,911.0632120915642,906.3002468755762,0.09430177651917848,5066.0
0.809343053209431,858.046783099335,854.7604602116484,0.5273524096954064,4854.0
0.7398161010057619,906.8183370287984,903.1221576017022,2.1099422005956208,4672.0
0.7661772682770667,831.356548154403,824.9814242798229,-0.3002245031425103,4687.0
0.26705510467277993,481.16189431060064,480.8750595930463,0.32821303789558187,2215.0
0.0814991080997185,187.5674702242877,185.18048180404736,0.12020140273921423,750.0
0.3501973403163643,495.1452591059979,488.6059721880259,2.1032079420477303,2726.0
0.1815204570385084,287.69868914031326,285.72002009197763,-0.6372855575447447,1656.0
0.25952030967818973,440.7476102065965,436.0179303117422,-0.5851885228573671,2146.0
0.05970939162873112,127.26267400101987,126.30052813554296,0.8033455663510894,553.0
0.7715133434185777,824.5365737952345,823.0727365795489,-0.8019384328297585,4786.0
0.5837119498292491,723.3913233001971,721.122188533752,0.36850800768126407,3977.0
0.8683734506748716,911.9093653356861,911.7969954313236,0.46556045198297663,5058.0
0.4230784924876646,571.1679500190046,565.1150199467917,2.0272134685758916,3191.0
0.9389258817679952,987.6537497811449,984.9925078460639,-0.6171648930074572,5284.0
0.9516085547046724,930.3491017613247,926.6921545129051,-0.2899110218806752,5239.0
0.6161053054330636,845.1576316897813,843.9553375323159,-0.20836499776968528,4198.0
0.2235245025547974,384.9501354334659,379.5512936440442,-1.2793068783155468,1891.0
0.5911416379420829,792.7471023875725,790.5358508624731,-0.8216595379203672,3913.0
0.8184582086446535,997.1053618902299,992.2452630496231,0.6881630730264119,4917.0
0.4334342689942975,618.5860969277101,613.547124764758,-1.7019606514272687,3320.0
0.9843884794667135,1059.865741499765,1058.2057604639426,1.3932121443208492,5449.0
0.9407868006419415,1011.1321996041709,1009.9608390480843,0.37836746067258437,5213.0
0.6327395778107678,777.7126136390274,776.3990984105267,-0.6994308567664425,4302.0
0.8384001086414345,828.6494884405669,822.0166846139988,0.6357217389203008,4936.0
0.06517687230717517,118.78476948786228,115.91300573619249,0.48410113552162776,579.0
0.22152251665145006,327.3825991060223,325.9220694617379,-0.4619380312126242,1852.0
0.8154420978347552,906.6592224865292,904.5478592667857,-0.6938543907393067,4838.0
0.6950198539866083,816.3012462138174,814.4755547567243,0.07311243356026245,4544.0
0.969177528872503,1027.161690035826,1017.7335802862989,-2.4961201327613805,5415.0
0.7150539260388385,921.9010176799181,917.1138072587356,0.9259299481568956,4511.0
0.47252152362109867,650.4079884924448,644.2943199597182,-0.33925204715040064,3441.0
0.30328791596740823,469.1065719209483,468.873319925062,0.608395844403383,2437.0
0.48303057495471513,614.0839258210776,612.2403996103543,-0.5558199241705716,3525.0
0.493529664466435,739.3721740041591,736.5421277291282,-0.3944657390961978,3586.0
0.30637624851846934,527.2819401127049,526.4170221080815,1.2515694751550677,2430.0
0.3321145545789025,518.4414261008138,513.9852627614436,-1.7354443940241913,2606.0
0.8716565396208652,965.8259406683543,958.9060127666406,-2.0192501350043384,5031.0
0.39425636817900245,604.4799647042786,602.1067566163979,-0.9278103914412207,3073.0
0.7000281877667807,879.1556180404903,875.5850032391057,-0.9939659031537841,4581.0
0.2881624891069926,481.14956275268037,473.54076841614,-1.2576701119293432,2344.0
0.30219782497920133,441.1133797740198,436.5622251822436,-1.2292744974145569,2432.0
0.4293782552014812,648.1791305331785,646.9736952916679,0.28090869917461786,3303.0
0.17907513334163594,330.18938819230897,329.71977753660565,-0.024774685249598888,1583.0
0.6062524457395183,831.7016012727101,827.1273847478649,-1.2004257383699033,4066.0
0.006757732908726388,11.899156983367508,10.29430255402751,-0.7710666782411242,55.0
0.003513504607830953,,,,30.0
0.6672418346637391,818.2040423207641,810.3490031181718,0.888185099141699,4423.0
0.06071770461211701,120.19967681076437,115.89013433865892,-0.8935457984292909,590.0
0.5009597689132715,672.3845910245542,667.2846950413037,-0.6590689489069914,3681.0
0.4338632756547518,650.8982124555771,647.3285990207862,-0.33842069466322583,3307.0
0.09052129490727712,176.3395966602011,170.0971457315982,1.3909337432937587,840.0
0.4963572426877043,666.4940481119482,659.0676198151848,0.3611340272343575,3649.0
0.039967046246964344,69.03356695815742,68.31217892535352,-0.2332571833876558,404.0
0.1759353068337277,302.41075676552174,300.4280011608867,-0.3000312399538034,1607.0
0.11277418782512971,198.86497315329888,194.63034732070795,0.9025244767778883,1012.0
0.6188395361783566,746.8090448221657,742.6984522459791,2.3517713634018707,4047.0
0.0007996477676367464,,,,12.0
0.2756057139447504,518.8061629817669,517.3795382820541,0.4136308506821032,2383.0
0.8402488929121492,966.3444842736931,961.6835481556293,1.9994372499390083,4975.0
0.319127011834218,447.24355877528455,446.4733104897385,-0.3747078834235335,2526.0
0.8055858472494419,826.3230090508508,823.1048503751954,-1.2269616853181,4841.0
0.47385548165639824,675.7742301177673,675.1412477679806,-0.07406460371472312,3508.0
0.04963851428593369,97.08106063509545,96.27507189818317,0.5477230510274541,507.0
0.3228093435134133,416.1104671572093,414.65488892818763,-0.47233632399572745,2627.0
0.5303782376550781,707.4212898820114,704.1168726465017,1.28618940213481,3686.0
0.8619043276449564,915.4242212398195,914.1051115863332,-0.7435243145750157,5031.0
0.8601283477887436,909.5193448706718,905.5966322014256,0.17986027334219654,5060.0
0.0848569664538047,180.36256944805328,177.82494782811696,-1.061652562639117,777.0
0.4491889121829371,632.7639796276467,632.6204470308634,0.8016531448355277,3328.0
0.3565182069459384,634.3174017100239,634.0019951129353,0.19307809762166817,2861.0
0.41301897018637557,607.9652072972758,605.6715897503627,-1.1180085717605206,3187.0
0.1973456983915316,361.04743578441355,356.8342883562853,0.6192689338539339,1742.0
0.9066120830390061,1076.6862485819806,1072.1683840491012,1.0116441037703903,5205.0
0.7439519596354984,850.4532014481834,844.0054548150296,-0.08906992018863352,4625.0
0.4053335006661325,662.8815065988088,660.7937431211899,-0.7507177665927112,3101.0
0.7646792032595168,891.9969160691516,886.9518723652633,-0.8246326379921849,4757.0
0.7757053347703836,866.212287589995,861.7998116914579,0.02700691745849731,4788.0
0.46842414010575517,650.7609172053925,650.226460621726,0.9243728235680635,3455.0
0.44958584034457016,615.0605582827908,612.7629727663629,0.23454462730480094,3304.0
0.6281194753083271,739.4368983326814,739.0337294478455,0.3700688236107212,4160.0
0.911450168420135,931.5201196999328,927.9352630908802,1.4469887941818076,5133.0
0.43182450465077615,639.8382758991006,638.1263888111013,-0.47817217068259615,3336.0
0.12932134943570828,257.1138637379338,253.63432321672562,1.8254626006184953,1193.0
0.35335403052935,501.67800064542473,493.8893151032085,1.4525889206991587,2845.0
0.30800154235116317,482.60863365288947,481.8052256128447,0.01182098339730548,2454.0
0.6408407389960322,815.8319458050898,814.8567012429914,1.5086686902104234,4243.0
0.608842984773072,805.53922819123,800.8513948468476,-0.551709786794416,4073.0
0.2804054474246107,445.6612627558653,444.8335966039643,-0.3056193611672899,2335.0
0.798982276954282,936.327623071273,935.7356915191342,0.8524074664917538,4841.0
0.3157740369255744,443.07477933254086,442.99285772029344,0.0972422746656862,2481.0
0.46939654496914596,690.9039978507914,686.3695306437478,1.0339752018662076,3407.0
0.07842199698110297,163.38651541234137,159.6620560517828,0.9584196635950574,743.0
0.8429330491642817,948.287163949834,947.6712727812745,0.87995276562937,5040.0
0.2574346180670456,378.62055017278726,376.6945168928612,0.9509101625648417,2182.0
0.6486939796312061,780.0803751899584,773.9651118238357,-1.3769945761166953,4308.0
0.3944490302414613,601.1476848595636,596.6005744787838,0.22752327097377312,3008.0
0.13164475340964032,213.15428020028497,212.224984927996,-0.605803791492584,1176.0
0.44394383392414116,644.8729740294513,643.297038207881,0.0034825361063288347,3341.0
0.2663647758441283,372.51772275020073,368.72638457957873,0.5454982884672613,2225.0
0.38115512062587964,582.4440066587373,578.606768170237,2.249075511901642,3011.0
0.07067892303792722,145.49277732490086,141.90996757972735,2.204739817307013,699.0
0.9340115709937493,966.8587216638344,962.1738265028624,1.226300410875689,5285.0
0.834036629446989,955.870690377672,949.25241631102,-1.2102066803542948,4906.0
0.3047116972185204,566.0215776834661,565.5177949529408,0.5890943497594954,2480.0
0.5044276591719891,683.931152006442,678.5965540704449,-0.25164499190310063,3652.0
0.8258717925096047,899.977287740499,895.2507975439123,-0.19843848993870908,4933.0
0.7135454743697514,915.5012436286622,912.6628519673028,-0.6503535370362773,4529.0
0.23556089648603096,382.061580845146,381.3422813325898,-0.5337135594946824,2019.0
0.5245297090896512,705.2319290579243,703.0446871861983,1.8602447732525247,3792.0
0.362606285138264,585.927121923891,576.4753392355883,-0.782061293604137,2858.0
0.2273866332645127,399.12785448171445,398.79961110611947,0.3740520842728385,2015.0
0.12573317163319153,230.04489763730047,226.18185047200944,-1.5945022284652857,1156.0
0.3891329423365185,480.56700781696753,477.3532257314109,1.0941664329082257,2958.0
0.16583747963910989,324.31836678119066,320.9439801786766,0.08906962006293823,1496.0
0.11313759864186357,203.89877017486833,200.59199765149455,0.16145713894201702,1045.0
0.8786942367602295,938.3632982990405,935.9545569603196,-0.022004710361203033,5125.0
0.4915490817384697,695.9832594599542,694.5210493434233,-0.19601328675225707,3603.0
0.2091979649114467,364.91864927614637,364.7547070560442,0.24174200530608672,1841.0
0.6596820561289074,778.6354861244023,773.7196806243472,2.206474070576555,4331.0
0.42397093892515303,561.1116323736031,558.963933796131,-0.9842676467947108,3219.0
0.25553897268378356,455.59942180199215,452.76830357971926,0.5325601157190823,2139.0
0.060159683211662096,97.74680740187002,96.17678844739066,1.0076446844294982,531.0
0.9277893867143493,958.1059160976205,957.9445447690744,0.9261100636817918,5272.0
0.6743117970550062,706.3588268539548,704.7588815193776,1.2678351054755235,4382.0
0.8446959088547921,822.9902831645085,822.1515932205184,1.079627007503606,5000.0
0.9384391935657119,995.5133282779879,994.3770095067831,0.49266855142766136,5360.0
0.657396548613297,817.2785181370639,815.1686615055058,0.1973648700410409,4342.0
0.2848148994838663,418.1873469588268,407.7384140750839,-0.13334979421397403,2354.0
0.5239339526023341,678.4840820391618,676.0864352893454,-0.4498924628324927,3652.0
0.32280832256875425,496.6688189489833,496.0853873303209,-0.49307448060292164,2685.0
0.5779506738413261,858.1268214413493,856.5918306430706,1.1893443783184974,3986.0
0.0940363504154722,186.82181867072148,185.8678533277177,-0.07176330270498427,892.0
0.7213222633043991,849.0729103881804,845.7019828430268,-1.0346697540120307,4500.0
0.09236427454754181,161.01623139339154,159.1348053483412,-0.8688622483781065,885.0
0.2685004007444387,402.6396122887883,398.6070319873685,1.3645864308298725,2269.0
0.9163829411249194,940.2841369374244,933.1859472116125,0.0430376092169731,5185.0
0.6709545673434905,844.3384146248787,839.5172671129899,1.582645334379498,4339.0
0.8691726840946186,957.6033469514051,953.3088090397841,0.724347634303444,5055.0
0.7756836254240226,872.6704950896925,871.9809742548753,0.112105849805094,4833.0
0.9219067120851673,926.6814489766392,922.6853329113154,-0.8258509488850388,5246.0
0.5155628391020768,767.6163772129825,764.769559435699,-0.3538847335153319,3642.0
0.8293830541834377,931.6816382926554,929.1795367496976,0.27886076744570026,4878.0
0.9410963896544151,895.1832866411856,892.9277229427965,-0.33493445019853624,5226.0
0.08827087692994406,154.7849152754256,153.84375412736068,-0.6218479603449175,826.0
0.6475633916634326,778.6052641127814,775.6330279007079,1.800472554168897,4273.0
0.8099355202371499,874.7852649892011,872.5204130456857,0.4754035440056647,4913.0
0.09665013608482709,184.94171960736298,182.59119220228484,-1.2944833092543324,914.0
0.23407501121534813,399.0626767157574,392.7573133827779,2.0504541226146786,1985.0
0.7231446009491856,905.5879047344954,904.6181850939192,-0.48165600394528785,4637.0
0.011343820226284662,33.38795093795093,31.020986523031542,-0.6079968526301036,112.0
0.8725906513313763,945.4906858029866,941.4094586409,-0.8046276702928091,5022.0
0.637576806317683,874.6710867166543,873.1649351799764,-0.3236104207557677,4266.0
0.03564714394014523,66.89878685270959,64.46997532255955,1.8922940039321252,322.0
0.9307516507602174,939.3045847691201,934.7620217011741,-0.8916282653162219,5198.0
0.5213877140559141,658.7807272982469,655.5791150906401,1.3380649831735147,3747.0
0.6705026013838307,728.1063956377452,724.0172053915817,-1.2454450196356088,4376.0
0.147016910007427,265.1668955646917,264.4508090288236,-0.3140116352727629,1368.0
0.9223280366434385,1025.5412059027803,1023.2925226972741,0.0329642428473906,5303.0
0.8643724351341618,906.006847283781,899.1948063038787,-0.9861861969113485,5058.0
0.8152839099136866,812.8060196469479,808.9324931490745,0.4869138782498413,4827.0
0.0859574316595203,141.57079185311284,139.3832515594932,-0.019636935968859782,776.0
0.14445371805912355,253.55679504728644,251.8226491212605,1.8518827889259095,1247.0
0.29384207900145864,459.60696882496376,456.607515486029,1.4959664998372473,2430.0
0.6145398401676002,769.5537451175281,768.7226449746734,-0.2933623850139792,4116.0
0.00011112758928399913,,,,0.0
0.7636471800918738,877.8451944079667,873.71104569028,1.130233725864003,4680.0
0.16339715801964105,289.7172005101919,287.82877085546187,-0.4542107276336212,1458.0
0.8425740647027669,999.9470489630713,991.4429170808522,-2.5147938415684097,4952.0
0.3817422347542875,538.7119031181967,536.6541951587701,0.28998340384764665,2946.0
0.2612583105179177,460.6365560856479,457.75942517516546,-0.5891328140672963,2183.0
0.6508961196534999,820.7503496421378,819.0367833881415,0.7105683638747099,4370.0
0.3209190454374281,441.90204927471075,438.21896979411264,-0.8091244674260527,2533.0
0.6157570944250285,848.9392045500293,844.2517982995585,-0.7318587081735041,4207.0
0.7548349638442164,900.6222646803334,900.4163522434644,0.5198177284379416,4731.0
0.8805065540898291,993.4353885324603,993.0104377922854,0.19700777369696118,5142.0
0.9752152649531484,1051.4426761663046,1049.2821195149968,0.6377331569063376,5331.0
0.5712651979394364,768.9604750275437,768.2064774726075,-0.12453928906940516,3919.0
0.7443745355530984,947.9517152563755,940.1225463735866,0.8796746277659515,4678.0
0.5639002094816256,725.3182988271991,725.2608587511955,0.39233382706490527,4037.0
0.22826113311327612,374.06452516220065,366.73461644907223,-1.6892900406121976,1944.0
0.5049048199446011,732.7278291761951,731.5377586118071,-0.4777198166940267,3591.0
0.7437994144472504,842.7688313605146,836.798999027304,-0.009972472083393103,4681.0
0.8802673629591585,918.6321496845168,914.5452580535032,0.051348673768803886,5053.0
0.029873189922544285,60.3502740969144,58.81643172201708,0.8894345411138878,278.0
0.7139289458371687,833.5047390447917,831.8843243172639,1.2046400736464684,4626.0
0.08271716256488193,134.26937532751487,132.54340794115367,-0.13810097862179913,771.0
0.23127823022437177,396.1562491242129,390.2830223101207,-0.28444008485118344,2006.0
0.9109059332597731,942.4207287833796,937.9775298947704,-0.8979220907191984,5170.0
0.5718402270214988,798.993705026515,791.398392981967,1.1635307514426743,3959.0
0.045418006275386835,65.84087470479734,62.39858268397414,-1.8169675571151325,455.0
0.826005955705666,948.9145871759292,946.5507304042939,0.19926514061745995,4927.0
0.5959867504848476,810.689616221995,806.5428349449387,-0.6303703971621718,4010.0
0.6366021658082882,690.8254954835197,689.5894484533616,0.02304966759086515,4262.0
0.9783122055575291,951.598868066372,947.3316337949747,-0.08369451224572834,5344.0
0.9412524351642775,980.3364618379067,977.3554876103326,0.727228168310351,5275.0
0.27155728040590255,429.99988389566306,426.83530292128825,-0.5569145000605167,2269.0
0.44604765396208435,624.154496614497,622.4949236836993,-0.5524847584646153,3358.0
0.16350541433190946,259.58939744554755,258.5937015987483,1.012321587706977,1464.0
0.47286556508261657,763.156603465164,761.7859545675877,1.9266776418846547,3484.0
0.03220088723349546,61.82522104711926,61.14215595920764,1.122444486887874,330.0
0.15763192195920028,320.7068253040398,320.0054879029516,0.46518983245134254,1491.0
0.9723991362620875,996.8106413025745,991.3151888411688,0.16721282418712233,5400.0
0.34283013734788903,524.1485939112127,522.8638346892067,-0.15963009853415047,2728.0
0.2872712219579612,428.48559415608315,426.1915948943422,0.019253186474425393,2431.0
0.3131226951630406,457.6019387956125,454.01410466371715,-1.3778629394680468,2443.0
0.8096966179989803,878.5586518227495,875.6039086344165,-0.8223587516638551,4889.0
0.30703802252506707,419.68843228309885,416.22123418565525,-0.4968033724891563,2498.0
0.5560839315407303,760.805451897223,752.9378375788463,-1.8460745294922343,3853.0
0.04929040576233823,83.4104260545674,79.8597429510541,-0.7540389156594187,463.0
0.8598593920273192,927.6207974675826,926.0037301505904,0.9178349105635519,5103.0
0.5222766484978562,662.5462853282689,659.9990934489887,-0.5834569682669322,3809.0
0.7720571443641453,845.1603462023934,844.8512956493935,0.9886447644403983,4809.0
0.06694842665119383,168.96766129303512,167.89999677447523,-0.5081102086891451,641.0
0.6618394924292319,781.6848063481461,776.2859098981892,-1.2535978387121265,4379.0
0.7863770499045822,891.8889661651111,889.0126660571033,-0.5735015732647861,4790.0
0.007528615080029,,,,68.0
0.4955333446144219,715.3258026388671,712.4695346892709,1.347435105871604,3553.0
0.8362587063497298,954.0521117549606,952.9675084329388,0.1489904223045987,5012.0
0.7657958941611084,892.0650077205877,891.3340946004262,0.015256110359848918,4757.0
0.00609221229460577,18.77953216374269,12.244914004914007,0.3123923200544898,67.0
0.08800349045201794,177.84929612293786,172.73927700890317,-1.81344782147762,825.0
0.8644666591843194,961.2972544054143,955.8289106814698,-1.6950720363826428,5073.0
0.19908113661797489,338.0601216336206,335.8770185810293,1.8718438250714917,1712.0
0.04587626600578254,57.74409148315978,55.651762038811505,1.0498631560169192,448.0
0.1753740001082158,343.6742072322629,338.05043631779836,-0.263155874949872,1643.0
0.5295133197046683,727.2723054418003,724.9170738902978,-1.0708106209445172,3769.0
0.17217931349722626,299.05557515601504,296.4778989535249,-0.2638609024350902,1569.0
0.9193104383225807,1034.6135975289098,1030.412879223902,-0.8390131394740965,5196.0
0.038156715900087734,60.945127747056056,50.486277087966805,-2.581825219593589,340.0
0.47811956742190054,700.2286090719592,697.5081458391156,0.1990921255977217,3517.0
0.622797518411066,862.9653507332565,860.7136637631469,0.11947948828903533,4203.0
0.09012323442725723,133.33968247092724,132.2307978052714,0.9755707237678471,815.0
0.9416987956219927,977.6394397354604,975.1951732863462,0.5486477847733241,5272.0
0.7157634454725894,874.6752417818419,870.3118433598972,-1.6353298385127277,4558.0
0.11439158769573277,168.56317467483117,167.11153463165112,-0.5078747700059897,1060.0
0.8026732904386454,786.144108369842,782.927878047767,-0.7663011807404732,4872.0
0.6768020714420323,776.7246505364183,776.4801594587691,0.08889257090235901,4316.0
0.7885434542509248,844.4385838312536,838.6167772153312,-1.2150440268924825,4799.0
0.7094532085880025,855.9719097520413,853.2112008477185,0.549735286715786,4488.0
0.9064568063784936,1059.2357133758746,1058.6469413458965,0.6731000077948993,5184.0
0.9860970467584652,983.1448493481115,981.4137687833672,1.2625935210717012,5455.0
0.8553497946048668,962.6467879138942,958.6368822307073,-0.0851580878806866,4975.0
0.18576481635713704,318.090220148138,310.3514415402488,-1.0847973609111665,1665.0
0.9034664690790988,992.5788655274587,984.0070266249239,1.455070841715375,5167.0
0.439775413533286,570.2670338500682,566.3342224281171,-1.6425862688257513,3345.0
0.02944976893065121,47.22025974025974,45.37811676823273,-0.32456485935927665,302.0
0.1679729397414761,292.34635124576675,288.4831446999066,-1.455584741471112,1515.0
0.7831045601816288,930.8388995694227,930.7489970809767,0.015311860424498017,4892.0
0.8974653319523304,971.5205985888805,968.0963874744145,1.1269430147101525,5260.0
0.7330953612715865,926.134405315124,924.5200888400605,0.31673235258197496,4694.0
0.7752200915095752,781.7149853697496,778.3871487078703,-0.9951697112280893,4817.0
0.35869263316123434,544.4786738862823,543.0642849532245,0.23256014889419807,2799.0
0.340859386840484,533.1840945377583,531.087053031239,-0.31700205102757484,2735.0
0.510296238992549,715.1060100557792,712.9048313430084,-0.15207796644317131,3704.0
0.8018041747127193,853.0158833543102,850.2761222610733,1.9288253406410758,4905.0
0.42114935366527806,624.2055384294188,620.4099984288389,0.13014364112321208,3188.0
0.5354836644955866,732.1767736742011,726.7753888633692,-0.14981960879531953,3747.0
0.9224870826548924,1018.4082690746673,1011.6519339642582,-0.21671173717324224,5166.0
0.2834361183832216,442.62945789946843,439.66056713787816,-1.233692366029837,2256.0
0.986386783846182,1006.0218203112211,1005.1103926053254,0.1307268956370494,5396.0
0.22181926329310364,371.7298716217443,371.14825327666273,1.1484441956999913,1916.0
0.9616415540516197,1060.9014604460465,1057.1625979879639,-1.5234589662749212,5344.0
0.5408024352985059,699.7067102989279,695.527627510952,0.6649281685587567,3796.0
0.4063325664710874,628.8228670772716,625.3383635363953,-1.315531054027711,3114.0
0.4624258839824149,598.7164026105797,598.3471780718413,0.23818098294644124,3357.0
0.2891987812003012,368.6086550147196,367.13342385095063,-0.4237949472842259,2374.0
0.5574508266524008,753.188423879526,752.6963504592736,-0.34951730830204375,3887.0
0.7672202178743348,967.0553654232375,956.0745538126389,-2.231882856642279,4803.0
0.012711832311265603,18.32125603864734,14.872115066873047,1.3529409902912526,119.0
0.5013024580196286,621.2332798758049,612.539548332848,-2.8963990147516094,3623.0
0.12563717401939278,192.56829741381628,190.96081578979778,0.2176735234103901,1156.0
0.38192850423506275,501.1419200348524,500.747523352051,0.4642819719715728,2873.0
0.07089131738767096,111.48525371632256,108.90254744803588,-0.12206751284090087,661.0
0.3865301757163594,594.2070016148631,590.4655678402341,-0.7509870156913452,3036.0
0.10493482220327566,185.9228601833129,183.95618573982907,-0.3555241560741804,996.0
0.36413481656419744,641.9690791502608,639.6386319462761,-0.9646206770162027,2890.0
0.5621479975623096,684.110424510268,679.1382628097906,-0.7493813443462983,3884.0
0.769497286429179,935.72326452404,933.5533626246678,-0.32148503835091574,4741.0
0.9634120775548403,958.3401812614607,956.5682190594982,1.0463889815626966,5476.0
0.5128281344906832,688.9044073143485,679.4471468877136,-1.6918330399999577,3736.0
0.43767935401712676,571.0593236858113,566.9563282729981,-0.48603509252529714,3247.0
0.1766646631313793,270.84053653932506,268.4789061403781,0.7200450856531633,1527.0
0.49106175777816985,605.6160437959444,604.8924361092951,0.903440377065859,3522.0
0.014141262642083485,56.69755190715837,55.920354802460636,-0.6351628449069864,159.0
0.6494546879366363,780.901972812008,780.8083068539598,0.30028008907668013,4254.0
0.0323384205254047,48.43260312672077,46.7588292915387,-0.05749461550496248,307.0
0.8626356372426255,955.6870106813641,955.2564869955228,0.6703756821381144,5046.0
0.5455096136235474,760.4987047066459,757.958537400666,1.354327958506705,3812.0
0.8978551411507835,919.3206538763196,909.7054918024091,0.09975496037215599,5150.0
0.8067793356447889,857.3365574481585,854.0503275558557,-0.7759356210161181,4937.0
0.16397661233630167,241.00896673405032,240.44522419569685,-0.3281924829291986,1406.0
0.012926618677891244,17.046401169163317,12.901878002620466,0.5827495541892305,120.0
0.6074936494938145,821.2537766575335,820.6245537446812,0.015140291092947228,4214.0
0.4141466927770441,615.9792796105369,613.2035177049473,0.08756071732197857,3058.0
0.9112300987127432,997.3246714451102,996.6888005402255,0.08480254185806808,5205.0
0.47254449252066066,698.8066817944847,693.5928968395834,-0.5051172010999962,3473.0
0.8562503067479613,877.9760698659193,877.9513361317765,0.3630056930284375,4990.0
0.34481533413233056,453.72551214893883,452.1913761082877,0.043241606991459555,2679.0
0.2641141285925497,384.15349183356983,379.23621943175897,-1.5629628473751933,2178.0
0.29665662051391795,457.7988252752021,455.7337516334902,0.5784370995006429,2502.0
0.40333039592384967,599.2933448605988,595.3777211022837,-0.29105535298629265,3060.0
0.8245581267270048,830.1353227697015,828.5352248567068,0.4768700639964019,4947.0
0.1599830578741741,289.3878083828116,288.6539761458039,-0.28683883150569345,1390.0
0.5527315308075301,776.2643474006621,775.2188520361308,1.5490861242271294,3930.0
0.5527515575839821,786.1575891745299,785.7377659803883,0.03458612207418308,3793.0
0.7864391501566745,917.9519874206239,916.7719269479277,-0.5853774039635723,4891.0
0.6760992535436693,772.3818395058311,762.174628592019,-1.85081604343329,4417.0
0.5189647371054413,803.574475610233,793.9669868469412,-2.5339518184537564,3733.0
0.9389990122663457,1059.1788025233898,1058.290161444273,-0.06235048561663406,5240.0
0.3465248527069422,635.2309647051035,634.1041227616911,-0.10523897989011306,2819.0
0.2617151523113035,388.24719973788706,379.9403182688198,-0.5528379488080049,2204.0
0.41242467417544626,608.5878645039477,608.1850247400149,0.5727917979871051,3118.0
0.4064954180757987,580.3718628365897,579.845043524287,0.8984537266420269,3154.0
0.9465779717542429,1002.5720408534814,992.6088089593954,-1.082601574529184,5289.0
0.48019055808822786,661.0558550962594,660.6667117205399,0.5209727402214728,3442.0
0.8212237767075833,888.2882068074289,884.4513502485032,-1.1130477403680805,4913.0
0.3958736415186953,561.5516146960391,560.0300145305533,-0.19713005185089316,3053.0
0.4157699168367348,622.7995335636324,620.5445373046487,1.842665083153699,3099.0
0.3609452332494444,545.1966962910583,542.8878753691198,0.3422662347437716,2881.0
0.7886056552558385,902.1311863133101,899.5375689047839,-0.9570344546684175,4825.0
0.2138485146485306,326.6595156951357,325.87723073548204,-0.4747124303848003,1874.0
0.3872555248739391,653.33825842843,651.720610839627,-0.9066743956650428,3035.0
0.4154590195578429,639.0156773190673,633.0433067170941,-1.8390247229075694,3198.0
0.9974925081999753,1015.1738992404485,1004.7070398786153,-1.1254692846887808,5508.0
0.3997623158054334,575.8801024008019,568.3276760072781,-1.7576089231758123,3031.0
0.2356448321521597,399.09033930745306,396.1359268367648,-1.2875428714728627,2045.0
0.33955788499350015,516.3778016038664,516.0919871162937,0.4283402552845025,2628.0
0.40566322362085505,596.0772744252481,592.5158577197886,-0.7240352763263103,3150.0
0.8655585929754854,877.8103537599825,874.4296121065834,2.14884784792389,5029.0
0.7662621827868855,938.4930187001199,937.5226137812632,-0.133135741944675,4764.0
0.7211394336705473,972.288440450201,967.6998026636354,-0.5442858502102007,4620.0
0.11526692005882755,242.74061845365094,237.36093800018648,0.5211513833385707,1085.0
0.8299268145158525,929.9343149940066,926.500312822946,0.17390829269005773,4969.0
0.23944339856849284,363.43555397971204,363.3901506227006,0.2481390569585177,2048.0
0.2667197514266013,400.9507310194737,397.74173352084097,-1.1613724317842968,2234.0
0.7811633173128292,836.2080141080708,832.1946222143686,-1.3238244692093635,4673.0
0.37147438423437995,654.3105860326355,652.7031509554286,1.1126103599299013,2871.0
0.16609326953829928,261.76353410208935,257.47106384657627,-1.8134358456416793,1478.0
0.4623027184188023,619.0960543039217,614.8855225064395,-1.5195154483982318,3449.0
0.38466464630262676,628.1095868708127,625.0440258728134,-1.080047943664488,3017.0
0.04308448537539844,78.30206223009183,76.76930892392312,0.1798720356242905,426.0
0.021797967427065745,40.71812795169554,40.164538216261235,0.675452919500216,226.0
0.6540012583377678,810.0066138803028,808.16803030391,-0.07138594890689344,4409.0
0.007197316627607475,13.584126984126984,10.442452442862997,1.4253221442964568,75.0
0.3952101033969252,598.080532926493,595.7505706785796,1.3565635920141677,3097.0
0.08890890532290185,157.0489658441322,156.1448232442709,0.0063276317020477596,844.0
0.9673426657244006,1043.5370290669873,1042.903072139776,0.47831652886606957,5399.0
0.4323100085046244,591.0782815630232,580.1072494461027,0.5552653268482929,3297.0
0.41042937430713045,615.1196159109963,613.0120109071399,0.053934912176454894,3054.0
0.9638489923226015,955.7785442446791,954.2952192017545,-0.017259622852321688,5325.0
0.6539037782286047,849.440054738781,837.8517001687769,0.2540600683634139,4354.0
0.942884786554034,999.4091462085564,991.4434600309069,-2.186754181403207,5307.0
0.0074230670268348176,11.576190476190476,9.815929652490063,0.06719945724083232,81.0
0.22607346337546175,367.6506426355237,362.1519221103918,-1.8316234805278329,1959.0
0.7851406163330158,853.2739058639302,853.0477285411607,-0.019086670410408638,4874.0
0.24889301307369627,438.77638270084316,433.5795599665852,-1.0863105828181592,2078.0
0.6121971704292865,819.0285968397046,817.0620120292514,-0.7745830448809192,4097.0
0.39863401645713414,529.3970295160502,524.1233130257253,0.6111861465184728,3038.0
0.06730903570452729,132.66575619081,131.09433683636476,1.3983639467910935,644.0
0.6085566230821263,793.4453433938952,792.1920464974522,-0.5961645139756572,4134.0
0.8630193373399863,966.7161350950311,959.4644974553428,-1.0993906282369375,5003.0
0.46619008618082136,655.8359729680515,646.7273337070608,0.21143164998314692,3499.0
0.45473723486484097,629.3161105284676,628.9817914268152,0.5791086371768525,3286.0
0.7413504325875846,791.8616953576364,777.8260557787116,-0.5569885840230057,4616.0
0.9030853315913538,933.2467301881034,930.2602703704227,-0.27824500743926306,5187.0
0.6723629589929836,860.8472768822659,855.155276069724,-0.9950249354183073,4437.0
0.978985564824592,899.8351548864105,896.8330895877573,1.8341381062181115,5391.0
0.8287673169294555,998.9990000191914,998.3501520486525,-0.2232156983949842,4997.0
0.18361648833764455,310.8640519700094,309.7138012516587,0.3149544025298886,1638.0
0.43935712768543367,631.8928508314932,630.0170857733309,-0.5452589622772354,3250.0
0.0007689385632515533,,,,9.0
0.2963816855712208,448.0366507784545,446.8593666242366,-0.815291469764682,2450.0
0.21097538167113883,400.8915147699359,399.85995587666685,1.5234707674633123,1811.0
0.2603432311322531,392.9466457971781,392.28357772608643,0.0953941645156283,2229.0
0.19810881689133886,299.618078598127,297.4991130361804,-0.05831723893714512,1689.0
0.28350914061875965,388.2609971086289,387.51816502872657,-0.5425909518489487,2296.0
0.8628769325146729,897.3049124228038,894.8979250419223,0.21093394486640504,5079.0
0.06154825978965339,90.04912140294715,89.70542232764399,0.3260118802723048,587.0
0.25443283126282346,374.3606164871196,372.6942058764878,0.831139044003739,2055.0
0.7018943641265374,849.2188297332235,845.7051281494022,-1.1181885381573127,4412.0
0.5597815396956268,772.9623186942379,769.8368523041233,0.7859414923273725,3923.0
0.6279190010150294,818.9505074681937,816.5439289110745,-0.14571955368816242,4187.0
0.17805089064570023,305.96440518810095,304.7696870110797,0.7657557762398062,1563.0
0.4994477990454147,633.6700954865894,630.975687247613,0.3463078677244556,3639.0
0.6938676090794811,761.2320890271882,759.381795369615,-0.8393117424373351,4450.0
0.9169319374331669,992.6162077769491,991.3942652013006,-0.2774240201001873,5239.0
0.2648641961164303,469.8155222858401,467.25421840965214,-1.2547939735326499,2247.0
0.3479199910892192,540.9329461522354,535.5332052711607,1.6186019030187666,2819.0
0.9874226012023174,981.2422804063943,977.704311811533,0.163497223644662,5428.0
0.42856379883739193,604.4465933118098,602.534994016484,-0.0590898880179815,3149.0
0.015374665242617103,32.94637127578304,31.93988682908352,1.3657405304456982,143.0
0.5492093458805198,729.9091573944163,728.1131984904952,-0.6229988749208687,3931.0
0.09956594052244239,184.4123091192128,179.2223983007049,1.4106125715779059,942.0
0.4174436517200837,668.1801405866375,667.441116470876,0.8910368032929121,3211.0
0.08001463059878067,105.13758272468789,103.35659850828294,-0.5911633969123019,772.0
0.4020634302341509,594.3383612888525,591.3817878017248,-0.9755698455060979,3079.0
0.8559136261496185,916.9603889213579,913.612841655736,-0.8025726687427898,5133.0
0.7148927325046589,826.4784064125345,826.1867782535602,0.8604134578766094,4497.0
0.9611946582377924,998.4295859335903,993.8340218081497,-1.16474083682817,5348.0
0.887426290074452,894.4731275922329,890.3737642108157,2.608572723608552,5197.0
0.39427018486706855,573.866135763457,572.0810533110038,1.1481650788544293,3029.0
0.6804107387253248,837.4748511501385,836.7481543326574,-0.017601935284688095,4390.0
0.6602842927118272,756.5519090986526,755.1278107449044,1.2494896503297939,4337.0
0.9079396625613124,965.107967387444,962.3703698279887,0.1279808991800358,5126.0
0.7724020680586599,888.0852932912892,886.0686526678338,-0.7209512498694545,4779.0
0.8085039623180955,908.690216214203,902.7818735071625,2.248882862478566,4873.0
0.7496155518299424,752.9356419089506,752.4275158524614,-0.10871874568320379,4708.0
0.21175443364851165,353.4998550632857,349.8235573778728,-0.9438241951122601,1785.0
0.9669374465991235,1039.6820956604488,1035.8538341902295,1.1736550155936003,5401.0
0.4524815320712242,667.5240089473,666.507665641021,-0.8060658758196572,3363.0
0.7750371376780733,803.0130777550863,800.9852572793831,-0.3771139216992421,4708.0
0.28822801434928014,433.9927646820006,431.94847476799885,1.2658898129129916,2315.0
0.8060060135997098,925.2097409094744,917.5494125251782,-0.4424090121925938,4901.0
0.676736552586384,792.62514029112,789.894758295277,1.5691188190413268,4487.0
0.5554177798753863,700.4895013634263,699.1393461130656,0.4709506610923158,3780.0
0.8563549833142373,875.9412958621981,868.8229485338036,-2.0243082869193554,5048.0
0.7231545951490033,838.3710362100319,835.0463700708524,1.7069912304087487,4640.0
0.07164521249698119,145.16295407379,145.01774210606095,0.4084696339488348,715.0
0.8353316808232195,1048.5215859859711,1048.2244884484971,-0.10277378235860853,5087.0
0.694624399350619,878.7508649396015,876.8937384737447,-0.6407934466435902,4580.0
0.7004554367779953,865.319654888593,863.5298995345498,1.1254402215857078,4535.0
0.35205738806062337,544.0707729295887,541.8361694754759,-0.2794503978849027,2876.0
0.37336354604835376,593.4940442096993,588.3012021518136,-1.5880721703268266,2911.0
0.8284468182216578,979.9750004739728,977.940170877017,1.3574401592676482,5015.0
0.32652932651116195,541.2661600633791,539.0540255195713,0.7748180549787617,2554.0
0.23532685554394928,491.4730893000921,490.2170138994609,0.10507520287799853,1978.0
0.28575480708195167,498.405398163512,489.3849913061541,1.0726553939497259,2357.0
0.31767517289385583,521.1157933340438,519.6004196292552,0.5256841581285364,2660.0
0.7451796700410852,902.980953618418,901.7686494891345,0.08102368800652238,4644.0
0.1783661313371404,319.41179268204735,316.598568195661,-0.9419215182017063,1579.0
0.4657207479337714,621.4349193182064,620.7508933144096,0.15292819549731057,3438.0
0.3783217946512397,574.3537635075164,570.5891722885517,-1.3995896313959781,2892.0
0.9166392438717945,929.9992611149936,920.3115584471952,-1.656314948299539,5161.0
0.24720829568727187,436.55773346639626,434.6697838481261,0.2776388990063195,2059.0
0.3925591788171018,549.126132957925,547.7147742225088,1.2032982793526052,3125.0
0.7542955913257492,927.8311646411572,927.1271577806926,0.9287894200275237,4738.0
0.0017976021075963855,,,,21.0
0.29191827856570474,423.67563492265737,417.5943448489963,-2.219319500429076,2368.0
0.24080828399430332,383.7504307464532,380.4571413346703,1.092996068763675,2036.0
0.30886591680837316,419.82179810865676,417.11118225368386,-0.6728599248017451,2455.0
0.8225246337238011,906.3826537853705,899.9047513664868,-1.095308665753879,4909.0
0.8908248327279332,997.4004510980376,992.8608247211921,1.9103912033154695,5154.0
0.3746361416036831,526.0484802804109,523.5460554704165,-1.2968857953979898,2937.0
0.361562702194414,498.36964717745485,496.97199325128094,-0.21932171365664907,2867.0
0.8116937628260285,843.7925077124983,841.8516434845378,0.4960352595544669,4971.0
0.488187324630857,721.2684950101152,718.8780989659169,-0.36837474643581947,3603.0
0.3597580975406268,501.8751377816201,500.0035318826563,-0.9929117955545668,2903.0
0.36625365472853755,569.034179313964,567.9503305127126,0.1966508870629821,2911.0
0.7430806999725639,750.3465683574188,749.2450130371154,1.1649098408464083,4534.0
0.4373204724447608,631.8136866356699,629.296974834495,-1.1041350781020705,3249.0
0.0631079886351873,112.58278945661351,110.41214409843181,0.2533948817126668,572.0
0.9412794858907055,1020.4732942193453,1016.8806959260301,-1.0224117046215828,5351.0
0.9690923090505704,945.4702218086551,943.3023248586692,0.4101755646765296,5333.0
0.9913329310566856,989.0592031449017,986.6746279615509,0.49998330257331847,5394.0
0.641752760715296,737.6884046501701,735.8928237581882,1.0711190953224707,4309.0
0.3404877072771987,502.3920226878485,501.70552220921314,0.05405310675812026,2724.0
0.0635329600404102,118.86925574425575,117.13340085204534,-0.10797916664293966,624.0
0.6565614983001082,806.6015793119994,801.2489601470019,-1.4229211105819175,4339.0
0.1564920344586992,281.4982891820276,279.7597895325927,1.6754794899406447,1392.0
0.9079987185214551,951.9233295282849,950.0705881378092,1.5449854445367808,5236.0
0.24365269640260512,398.0719781222478,395.5843314482539,-0.9642660655120453,2050.0
0.28430683064578743,436.5263758765018,435.0856355919039,0.07499378565651744,2303.0
0.38106596847945884,619.7643821899566,617.765406736949,-0.09070166041231746,2951.0
0.24424869950791273,405.3800460671788,402.2059776880656,-0.8806161792287189,2042.0
0.8575776978054783,964.5888252274324,963.2093768936218,0.23357906705371015,4986.0
0.06618108546631052,120.99718364773663,118.41465746146417,0.47011314207887095,592.0
0.38882436606733417,536.7912938493794,535.8686690338296,0.7999528982220596,3080.0
0.27557184314453087,456.6449191692,452.4586062644403,-0.8639303921621267,2328.0
0.44041108824695196,607.4163715234064,606.4844939199547,1.3373707907672139,3282.0
0.4014149507117485,554.522186931609,551.1790716197629,1.0582514824062623,3098.0
0.9564423565078192,1103.4168743199282,1099.5314992189096,-1.1950624064107578,5253.0
0.11057256459272125,199.67200981873006,195.93735634373908,-1.0066819175919852,1031.0
0.551833805135535,753.762640904828,752.2589358171947,-0.9742040749629431,3922.0
0.9078423731115159,993.0018745460071,992.4108888354639,0.8129312753376076,5081.0
0.7311490328410505,792.7907010640768,783.6161841405499,-0.15994683985096653,4607.0
0.9857909352775809,1089.3782759667079,1087.9980071051384,-0.2772229770902592,5328.0
0.0356556310986732,37.04603517050326,36.29902452068626,0.49152333143168947,342.0
0.8820606735090044,1010.3658797099046,1007.0980273744804,-0.8444662271940588,5113.0
0.5947798419551489,835.5965442499767,831.1591960655577,2.8875175530487573,4106.0
0.873142042036087,944.0396112955539,942.4836011741837,0.09383111678351684,5035.0
0.5304802090746021,710.0220747266052,707.3678883856552,0.21378833220131901,3772.0
0.17135029373114607,305.51989374061856,301.67196055909466,1.414880383315146,1442.0
0.049982016465731194,102.84001682491382,101.97399899537704,-0.28997178556904785,497.0
0.9316861474110666,994.6674221957953,992.9029687252894,-0.4517338791897459,5237.0
0.12456476050747733,235.278538050925,230.99608838083304,1.6675432789029014,1182.0
0.4985768040027284,653.2438764569,651.1034391603166,-0.4238285971220244,3649.0
0.1611545797002848,293.2326148886957,287.45490490510895,0.1369760128718612,1414.0
0.14426663166896037,285.9503808234266,283.28872643112635,-1.2730861622704643,1314.0
0.9442026827278196,927.9775610235864,926.2014666677418,0.8683322820789902,5311.0
0.17073489505274064,300.2124469895687,297.1249977565198,0.01570222697201249,1451.0
0.5500156155116295,641.4150675293185,636.9778782694614,2.577510346892118,3863.0
0.39388531214886746,577.250894328202,572.4626234178596,0.7031906491992787,3001.0
0.018520700874346985,32.55866352538017,29.79469240400871,0.7638015467433182,184.0
0.9124700445759436,900.926885439225,897.7467807649111,-1.028487643941566,5109.0
0.8744655162749,855.5465403655899,854.9096986126564,-0.25593054857535885,5042.0
0.41188606216034707,650.3433230425621,650.195404838434,0.19179108274524798,3161.0
0.808401430542565,875.0621948962428,872.9296462802724,-1.1052623204852878,4807.0
0.32614673246606474,439.4141633262117,438.3030204174083,0.053369606192707995,2660.0
0.8643089998563557,972.3179918518014,971.3163431672596,-0.3019074734210358,5071.0
0.1671264267763508,293.2458829839275,290.7817505809723,-1.0815156949141052,1463.0
0.7757504504010975,851.7766727822793,845.5052814790163,-0.24608365253756076,4734.0
0.38030445083623987,488.43032545035726,480.4419584396022,-0.7056408446845571,2858.0
0.6394349497216822,757.8701951602148,756.0965745765568,0.9455976071205318,4178.0
0.22869690571995183,359.01776606162355,356.4511840316336,0.1374925977479396,1957.0
0.248177087053308,375.67472580960714,374.8143006505358,1.2504859844603469,2081.0
0.13462164020109435,253.63890267487574,252.89660173807943,1.299389094243287,1304.0
0.5697518593617467,752.1583140333295,748.4634725123909,-0.25252323574009927,3983.0
0.28141450703499926,466.19161919363245,465.02513909504415,0.5638281871765437,2336.0
0.17771679275374974,272.88659271517434,272.3965742445195,-0.17447914622837132,1534.0
0.4917523853521184,754.8403234345183,751.2102174740892,0.16219384460624842,3474.0
0.8257407796948172,917.204551626582,913.9001108815048,-1.0602260495865814,4987.0
0.5152176019877354,734.6090904424356,734.0793546743324,0.812919676188216,3748.0
0.7685051485801208,892.8542344754387,885.572572832982,-0.3800339975795845,4812.0
0.3755710196709806,447.38337189334027,446.33776116795457,0.13084298381783252,2876.0
0.07748732834252614,140.83922423075143,138.46502776711313,-0.9013270571840967,749.0
0.7099135564460207,797.5813199293112,791.292677140652,-1.4248685851246012,4528.0
0.3255731489427832,504.5471137348585,497.22920924625026,2.18918663349896,2611.0
0.8396873117879311,1018.1671611615225,1016.6678751188656,0.28021075846566934,4903.0
0.6856910083284379,886.1829921154794,885.2433972610207,1.1259315762790871,4477.0
0.0876250974640892,137.9197127471753,135.46863115836592,-0.6974679272382683,827.0
0.5588061676271122,745.673272181271,744.2108054836735,-0.7351963400777599,3863.0
0.7651678828275139,807.3159928693487,804.1279406525142,-0.30540117965271635,4710.0
0.7079896795433773,861.6107398971211,860.9790717266833,-0.0034619892447658143,4530.0
0.7864291705766461,864.1734685714466,860.6481479353703,0.04194808759155988,4724.0
0.08121550134681144,114.30573390166926,113.26833706098313,0.4831995561847377,756.0
0.06473506647562055,115.68205455709489,112.4936179011799,0.3854875957127957,597.0
0.588459627443468,681.2230896418688,680.3438027838525,-0.3697526764618218,3993.0
0.418509786961193,575.2426144296488,571.7473902943475,-1.583740836805636,3092.0
0.1852199366184748,299.1107508502916,298.2081686745544,0.09084987924759408,1664.0
0.9627211663018878,958.4518042387173,956.0028051412195,-0.26821117049506193,5415.0
0.3333042259100749,444.04213323113726,441.4964340757876,0.13262892066648455,2686.0
0.8746140503129206,930.2304142677131,923.7782235562911,0.5138247308004402,5079.0
0.17865968695592027,248.37639539010232,246.00764408827308,-0.07273776486076433,1558.0
0.6352007219381232,753.8614844251751,753.737116041807,0.4388489849342801,4174.0
0.5569800326292181,723.193633717434,720.1121107007122,-1.3607925274110857,3911.0
0.9945501180837574,1016.1390366569344,1013.8182572700501,-0.20607592908293657,5450.0
0.026669469236055288,54.15841344095545,52.10209656120548,0.10057496094232825,245.0
0.054946784821041095,102.69316635077239,99.38396932516942,-1.7677281987930353,530.0
0.4128548218780237,621.540170664591,614.1622623989022,-2.3316029762529533,3069.0
0.035920369464079616,77.82682257089876,75.37431925509894,-0.3843295632546423,323.0
0.003784150040839873,,,,36.0
0.97814974565229,1065.988037316245,1057.35702102133,-1.2862902984965767,5327.0
0.2910474575963755,435.1969198812351,435.17354544440803,0.22222607189429316,2395.0
0.9349519798213075,925.4954005199081,924.2359627610616,-0.11116702269648943,5165.0
0.47939012871761644,634.844513419931,632.6228935116677,-0.6490646209174218,3501.0
0.527897177378392,655.4701504332104,653.4796461988716,1.186937692753089,3816.0
0.9976000038843196,1059.975034423435,1055.9682873933436,-0.22631805094130247,5418.0
0.1269497724832661,214.2005338641425,213.87333406315952,-0.11379716025061537,1176.0
0.021476679610565874,50.79347074153045,47.91821566948235,1.2345628392780565,203.0
0.7990680156369638,889.1963833483461,888.346725511805,-0.030502001013358183,4855.0
0.30148016900232977,532.6454230759043,529.2813253561419,1.1290913743121604,2536.0
0.46487148075158735,600.0774052963826,598.5681962801604,-0.031088581015098902,3438.0
0.9386440106353038,989.2603897916877,987.6013454725867,1.1186471987962436,5315.0
0.6987223944780213,832.5382261283487,828.0053310625947,-1.6845172472281225,4614.0
0.030657115622096387,42.87078438802577,40.166575716234625,1.1724765061966318,295.0
0.892459022580301,947.3423199993907,947.2873497470222,0.7676365435083581,5182.0
0.5242553408536701,765.3128817622402,764.1350730950472,0.14328642314557571,3746.0
0.06032667051227192,116.80948549732057,113.60551479275806,0.7246864641927073,551.0
0.1579415027668013,303.6194477078422,302.95668732232957,-0.006442367833266036,1466.0
0.005603549244062256,13.082999353587589,11.037186742118028,-0.2498385718469729,73.0
0.6168619151060424,804.570705803412,799.6666231016204,0.6336078301476303,4091.0
0.043668085071869034,101.75487951590893,99.15922559458964,-0.34455204828325614,446.0
0.6325864871167158,754.5075108655865,751.4888203926159,-0.8231371263171124,4240.0
0.9791606817355315,1088.8260767920951,1087.5721387608028,0.32036854714777163,5370.0
0.5832922758144332,855.539065790484,850.7717065141401,-1.6074333987627225,4047.0
0.6118945459257255,821.5044235619908,819.5436346948974,0.49259943739648016,4085.0
0.1595226059945528,263.18368409809136,260.0869310099186,0.004940691142224054,1364.0
0.8912469604823288,972.6947869342536,972.3133430697759,0.8112216768909287,5105.0
0.3771160471575944,482.12279117855104,481.6664714740028,-0.217125759636602,2962.0
0.5766639937875384,829.5447528527679,826.31268527737,-0.06981956772717295,4014.0
0.45971064817408747,589.2508299759129,587.8455547504545,1.3008695829548682,3340.0
0.8033647254377735,892.6562527768934,885.0088175692377,2.7802508783423003,4894.0
0.0290722490225781,69.21467189484602,66.83980369201026,0.20102868665983026,286.0
0.7905581322208196,850.2633144822994,844.7019196427608,-0.9793296204593885,4792.0
0.6476293813714253,805.0199284969983,804.5577058198356,-0.1894082694597362,4201.0
0.24763879094916685,429.74239653062483,426.76119626364215,-1.3140355364112628,2078.0
0.6178059140397949,762.0244325762535,761.0880190778944,0.6727893248742397,4140.0
0.6139068777347356,835.6302438545525,830.4904122457831,-0.5710627303359045,4166.0
0.17792018263623988,294.61384396391446,288.10282996721253,0.5398514169270878,1583.0
0.17127199191381737,300.06745409213437,297.62287843577286,1.9205861849128145,1580.0
0.8397682440421359,900.9140572637627,899.4281940788604,0.05777615377635813,4944.0
0.5609772814825792,693.4155759365718,689.5506320664252,0.7956086093677911,3898.0
0.559779830121073,699.5007475475524,699.3336925818593,0.2810530021610511,3875.0
0.3599348142406905,526.3483391950215,519.0990258472392,0.329857143052509,2765.0
0.1131558856774042,216.06039311492228,212.97537653279534,-0.911985349955274,1104.0
0.9026320876630652,883.6287462322895,881.7025862632414,-0.31975501649076626,5183.0
0.6124665496960688,776.8765291826439,774.3819468712488,0.6124838524392562,4131.0
0.6931039035415081,864.3415139829737,863.5395716903832,-0.02818974252464143,4548.0
0.7431579220221584,894.2288806518211,892.6246661950997,-0.18591196409052235,4610.0
0.7827811263878522,869.6316253808092,865.1784562500203,-0.7316858409844113,4718.0
0.45799490601850945,675.2353267833721,673.7660972861698,-0.41646087359793355,3395.0
0.9723197803737291,967.8138780526732,967.4914427801374,0.8683033213522151,5275.0
0.10952819562316662,172.2512902141259,170.76699665222588,-0.9117583693326148,999.0
0.14273732723517574,242.5377614336874,239.62198002016711,-0.5319965018414644,1281.0
0.8908208559430967,969.31192628154,967.7174901817864,0.20749951560641303,5149.0
0.84489333523549,885.8949229001734,883.827710978155,0.020079577165871356,5038.0
0.23683539761423045,347.6795790101878,347.24922311830824,0.31267459927499613,1973.0
0.7483979168908542,911.4729884161579,908.5053770085322,0.03986818224761347,4684.0
0.035608300803742776,77.47794567675962,75.77219876548321,1.1025691933426653,361.0
0.47473085280914595,732.8110119665143,726.2496859948782,-0.9929562127454072,3497.0
0.875740866821915,1015.2391571482266,1014.1123174764424,0.06185468930415064,5096.0
0.8455911574346514,965.2714664887011,961.9060552397082,0.28102026007538866,4950.0
0.6568179511285611,813.1555215674226,808.5760841961776,-1.4532598619579893,4218.0
0.6220743771985757,833.5908446716501,830.5852364837548,-0.40766902319234344,4238.0
0.3562177294208062,512.8829783257776,511.66440488012165,0.8411834241117635,2820.0
0.8186249437563415,964.5699635069033,962.2276524905416,0.5855040741680405,4865.0
0.8037044925391,898.9043925366261,898.1089968482844,0.02529625959266658,4838.0
0.3671222851371474,531.7642366204675,530.83132471478,0.22471830854784067,2910.0
0.3758045004521786,514.5909860654414,511.30791602186764,-1.4521173326911,2979.0
0.5881771374233746,754.1236374508403,747.5229768748521,-0.005427491545237565,4070.0
0.3982859415147504,542.4370601721989,540.0087092122516,-0.2792196174211831,3010.0
0.10736276981867532,211.55181020333228,211.19393478995656,0.6664316566378029,992.0
0.9180666039671197,975.0162450797853,972.3097681669518,0.21567768718451316,5175.0
0.24410582852739093,365.02532471956323,361.50804176056363,0.7752628614166152,2029.0
0.9950172226150037,1162.5428535081667,1161.0692192433987,0.3296713824473324,5509.0
0.5812130813775381,707.6892814656156,705.5747346492723,0.17559138671097188,3992.0
0.5944876444763547,791.497159889727,788.1155739457117,-1.476265468119619,4061.0
0.5701787189139512,726.6674421197283,723.3785713096039,-0.9911187969648213,3829.0
0.8900034499714125,909.8398507115643,908.1638632764813,1.6169618113152928,5094.0
0.35275827565928985,514.3203522905745,513.2380190445181,-0.18771079180712824,2785.0
0.5439244683982103,784.7943151430684,784.1489094893033,0.377147247587493,3893.0
0.6932398319630938,781.3103158341218,779.2240738737213,1.3198355777740973,4458.0
0.6730486626514736,788.6721433404283,786.4200359656595,-1.0805365513075025,4412.0
0.11303034708802728,230.03766113178943,229.6984868042105,-0.047017880786281975,1004.0
0.6068965957133623,752.2316677676673,747.376578210598,-1.5031808235880921,4134.0
0.17115793652062017,298.218050050496,295.9042383741509,1.0888760596868317,1480.0
0.6975884869277736,810.0768664364413,806.8096837900804,1.316312648200419,4492.0
0.12696042625011983,261.8769824266032,258.0451682406734,-1.4396884641458847,1147.0
0.4385215335164482,777.2419293636505,774.0894536090292,-0.33014783707743506,3347.0
0.9123577038180541,1070.007308506589,1067.7157223533998,0.7745424588983568,5221.0
0.11924703531245162,228.83731908489742,226.21315867648062,1.9885327293660664,1060.0
0.539151085071436,723.0913884659909,716.3147314556205,0.6740341710516357,3788.0
0.8679482665206059,943.5969238092069,933.2287078621306,1.2146600744917548,5029.0
0.18691590558015747,325.85817236993057,325.46877076568535,0.07204452009417958,1660.0
0.015455915751577676,37.31747674939336,36.5257504153989,0.9246106853173732,152.0
0.4637311804327803,666.060417925318,660.1316049818823,-0.8772871560207159,3428.0
0.09316318130898726,173.64165260105537,171.91853337212802,1.1470758049553762,897.0
0.7159723010824068,880.8177092755237,872.4354083484069,-2.3479329847378643,4580.0
0.6551304835650266,729.9060538040213,728.8571443590967,0.05888239979878609,4302.0
0.9387638268101967,929.6012205590756,928.4018838782196,-0.5737676191625329,5143.0
0.9039874611695764,1044.6776741229419,1040.7911536092995,1.5066402145199025,5119.0
0.4523317842653857,701.7234061774373,697.5534709273087,-1.5441151171801473,3393.0
0.6576574322795782,864.09189744928,862.7474948528742,-0.09735405201647485,4357.0
0.2710490186549225,421.7620527045015,417.82773328322526,-1.6468020599730533,2257.0
0.23328730250310403,410.8079621834558,406.7202774581339,-1.0574744829095222,1995.0
0.6128987348885101,673.0789160141409,672.6646556862077,0.8769342681729845,4120.0
0.5895718567744364,781.9953981452408,779.3139022880841,1.0518565929624177,4009.0
0.4469582613911435,653.8903809831368,652.2276731853656,0.5178149448703281,3420.0
0.7735512671695794,1010.7103027453109,1007.1143183149175,-0.652773596261354,4738.0
0.31400259164991173,476.8987822265019,474.3611973178817,-1.2695537238285775,2521.0
0.07657545186643522,159.52791077690685,159.37752248530327,0.11476225694868221,732.0
0.6456127159538179,831.178428238588,828.6649611519679,1.5348531946329644,4192.0
0.7688698861356817,925.6376909418384,923.2256187409699,1.4270476632172076,4724.0
0.4994800981532169,669.1427420513035,666.6847029895081,-0.2547662936065446,3542.0
0.36284774209563886,542.3103450858912,541.7738551063005,0.10058992100999775,2892.0
0.7585287737106853,929.5887354175176,926.8847524714284,-0.16684710237093747,4708.0
0.1908665431208637,303.31213601554504,298.32756092100095,-1.735705506115552,1683.0
0.39017167013976084,579.5806439338269,574.9223106798477,-0.0732417212874051,2971.0
0.16540257564049266,318.96786981861004,316.7276474185878,-0.7882100978346667,1480.0
0.318245443698594,408.9173023465588,405.1621775933853,0.6572536083698945,2592.0
0.6850519062313349,855.6104227616854,852.0274755573084,1.0433512767980122,4375.0
0.8961456663073541,917.8492347629982,916.6448418674188,-0.4669816654145913,5099.0
0.6337975681185731,809.8552520478243,805.3051177236243,-0.8187787517698727,4270.0
0.8045553236713043,1012.6584406705331,1011.5810826813492,1.7387405769823272,4877.0
0.36044969366209023,503.4565388731087,503.1168427488102,0.784736613665719,2717.0
0.004380435998465493,,,,40.0
0.4003908793780613,543.4223891496389,543.1489310897952,0.6257459797123222,3064.0
0.18881147055874148,267.20793769223184,265.04692240958985,-0.6455745505952387,1668.0
0.6221258757832108,766.6681248612703,760.4865094134115,-2.102801842142176,4096.0
0.17233426110352124,300.5057868182429,299.49718607041063,0.3619236868383795,1563.0
0.1817836117290198,281.56319124844754,279.9063083457958,-0.42665206116638826,1558.0
0.5200964916075156,678.9708342076341,677.9770591010574,0.03991399205343394,3616.0
0.746692933432955,821.8192517562441,819.510132336027,1.8665836782694494,4636.0
0.12562554262037884,271.36425459869577,270.04232648978984,0.56494138800576,1104.0
0.8142296905648658,980.8221620625976,976.7698755454819,-0.16385383319123234,4896.0
0.5220901437913589,713.0369549976045,711.4673341908835,0.6424208894023469,3701.0
0.3191023402842522,521.7053568637264,519.594851261623,-0.460254108802429,2552.0
0.0007926412719522213,,,,7.0
0.6511704257306548,767.2505956005771,765.1348707730779,-0.7535685667625143,4320.0
0.35984637845674583,473.1660796053465,469.4517850266245,2.1341689846712733,2802.0
0.9491435257524782,961.4287492246426,960.5232197761915,-0.47708055952548334,5398.0
0.7440240361728874,856.0470631782547,854.7465003534045,0.9010938305141112,4710.0
0.33369108311760665,499.3713652387336,496.5526545425835,0.28716360768949717,2709.0
0.2781893853183478,453.2865276771844,451.02296721307084,-0.7977108282955124,2315.0
0.2214892282602371,343.9040796895718,336.11927488016465,0.9986522846095668,1872.0
0.19974631064664206,386.8573561009265,383.9034911337204,1.2817447554588999,1741.0
0.9712743322080294,987.3623176538529,983.6323294150983,2.343564990708916,5386.0
0.3023075175622303,412.8772992942248,411.5654418333194,-0.7423796335266956,2438.0
0.1391485234573019,271.35581318366934,268.5149122005996,-0.06865532211707193,1239.0
0.7825824139457719,855.3174263082377,852.0707892598687,2.3081290612805003,4823.0
0.8082032467637736,793.846436049281,790.7709419510172,0.29004021089793813,4771.0
0.8529692264703441,948.6753601827504,947.5566523513045,-0.34465931806333,5044.0
0.6231024372555252,847.0150789416358,844.8740962120306,-1.0000194399737343,4124.0
0.09569974995990416,221.9006803873825,221.3245553608342,0.8299375179662352,925.0
0.3512752571351003,532.0714410412538,527.6564448105215,-0.15823834600356387,2790.0
0.3322447416091241,540.2618343750089,534.4973117439735,-1.8063725845531668,2674.0
0.41323239966449166,611.0634998518427,609.6377980203648,-0.5926302992478683,3183.0
0.3969680137935203,519.372447990909,516.3420128529333,1.4443405351550642,3014.0
0.8438363573546819,892.9993807137693,889.1455480114437,-1.7499982829827578,5023.0
0.855743746809108,883.8513539992562,882.6209988313105,1.4378826203151513,4999.0
0.3180475619053599,526.4230737528419,522.1413570511896,0.26859682608211766,2462.0
0.6773492873002471,769.6629276293029,767.5873762230078,-0.7371383210704336,4427.0
0.18611526183381655,374.5534526350628,372.1032499351579,0.1599545493175346,1656.0
0.8891086613120942,1006.0980895350295,999.1300955652375,-1.5463674019098743,5073.0
0.3539183684147549,589.3215381001477,588.2747825388752,-0.6686021944743209,2732.0
0.13245144745009652,257.29011291200106,253.44528249112173,1.5831479538849382,1221.0
0.5532880105217417,802.3934793522126,796.5654384992213,-0.9111327239197256,3931.0
0.7820233702315854,874.3822656631756,870.1247489879361,0.71559592424272,4763.0
0.2618985271584825,460.55398157883855,454.4907425410559,-0.48623184022068966,2280.0
0.4409379622865349,595.7782413447827,594.1777942051173,-0.9020391361117182,3347.0
0.3932230731015689,521.7948298290936,515.0678232929832,-0.5080380333597528,2973.0
0.5818658427645037,798.8946872134195,798.0650579316168,0.07251187423149733,4120.0
0.5005943200412858,726.0645661020034,723.6830819753916,-0.6123376298484584,3653.0
0.4388259957219085,713.6112122714455,712.4787296521782,1.2577227647392923,3224.0
0.44990015432617514,588.5372257785081,586.5301928405607,1.3047526013404351,3327.0
0.1908961806256032,280.3117826200429,273.8332717044347,0.5896583216022763,1631.0
0.5074088004651379,693.0587395201131,691.3170341334295,1.2649471421185972,3632.0
0.051466240322306955,109.37570628305564,107.66122066526921,0.1544110906757237,510.0
0.06525441711552427,112.49109300410893,97.35848686315705,-2.464390131025359,624.0
0.1773305577363724,340.14848159205087,339.52222290558365,1.3663340531571226,1554.0
0.46509253317977506,617.2577203469907,611.7335762771813,1.2330251045702294,3516.0
0.6020662452230305,794.5641975718306,790.5604139979306,-0.2682605080454419,4120.0
0.46142721625691974,668.6059428205621,666.8457622848323,-0.7972398830150627,3473.0
0.00015269275130824767,,,,6.0
0.2507622531787046,372.44080214974304,369.223027747264,-0.435001298488117,2211.0
0.1989222553061769,388.4507124252391,386.7040727891066,1.5181714161436801,1766.0
0.005190791300779374,8.038095238095238,6.722723543888436,-0.27158577531102146,43.0
0.31628406636583195,519.129090744488,518.6157988677874,0.11023266751077807,2619.0
0.9262035427863364,968.5357835000971,966.1949814910157,0.08880152995203415,5228.0
0.05258249737490395,99.97782481355067,98.84854206554444,-0.8242162686995209,538.0
0.8215992011215172,869.9422254930688,866.9732908836886,-0.1963988365698521,4943.0
0.2008408412605036,299.2908214055964,297.4810770118115,0.11579962637898737,1814.0
0.8367810463453882,972.2026506650985,969.0122064141187,-1.3438413000313147,4957.0
0.31012526694645504,415.97228612115117,412.38710542163176,0.9747926240831881,2514.0
0.11908161063711209,207.22241894295922,204.70806482169036,-1.3216600193373156,1068.0
0.20889663992427632,315.7155759226701,312.16399311163053,1.6298420747483424,1792.0
0.7796076138159233,875.3019018688221,873.2549797188706,-0.33799955223162265,4887.0
0.6803397928339887,869.2615764766845,868.1842132019989,-0.2919364574689452,4480.0
0.1963030314223113,346.25759162721965,341.9503777248795,-1.4096968811208592,1692.0
8.274870438129689e-05,,,,1.0
0.3858819947930072,595.051871688408,586.5799851893347,3.0452833919583107,3006.0
0.5798721034296068,733.9183655287608,729.6825806728212,-0.051883684290701976,3990.0
0.20017816570269087,398.8199698660639,397.7480036701376,-0.3241651597212322,1735.0
0.874803300234632,884.9366975256696,884.5814441610281,0.1169550227469301,5042.0
0.9615854323737235,1035.230975539788,1031.7533566996938,-1.1753603931784513,5255.0
0.5134029016848215,759.7881305293627,751.7652464523129,-1.2299833262456208,3731.0
0.4406064696443772,664.5212181277872,660.1389928107958,2.058780937329944,3243.0
0.40654637273845984,609.7632902558689,603.7140296315581,2.9532949954581977,3126.0
0.11239249020055231,266.610189166809,263.68174363297,-0.3370112671437946,1050.0
0.7716863613899034,878.2614585420098,875.1296585586753,0.21090921049481165,4864.0
0.3248347574236643,494.22731487864644,492.9399351984324,0.7531222186513729,2631.0
0.7082248116300953,820.8356814081596,818.6950147713349,0.22345382674411732,4501.0
0.7233113109324483,879.7295911591893,879.2042550270663,1.1308429191739018,4620.0
0.9675011272593365,956.3285365710916,955.1663023328103,-0.1396678427229436,5394.0
0.2757195321120942,415.58607829448863,415.0156618617393,-0.19846071819244393,2325.0
0.40708289587674706,540.5928638378493,533.0354062734401,0.0906955052681076,3091.0
0.8831391096213727,907.4808817161646,905.7664216749927,-0.3622515948833508,5174.0
0.8466664567879169,941.8408326522112,939.681071079398,0.23856488864182682,4965.0
0.2705224954864778,453.6868344664544,448.756233601606,-0.5972751642803439,2289.0
0.5855298433134288,882.3885132368156,879.0348331053085,1.3001354737329618,3968.0
0.7471848668421902,784.3826203214284,783.1763150664984,0.2517771694450868,4600.0
0.6951095492727805,856.4489795483639,855.3127286706037,-0.31265991814937716,4457.0
0.562687320303073,749.0793766190017,747.5633622749639,1.4287987795714263,3883.0
0.30838468932597674,476.50537063699835,472.3645197850291,1.5725962274821952,2486.0
0.6438634694347816,786.8228928493958,784.0368014303198,-1.3023922668529535,4204.0
0.6472081003125124,756.2194760587946,750.9085850365425,-1.6493433575830312,4339.0
0.3463978733887241,486.1753675801909,482.97529809913516,1.0977445213397412,2795.0
0.9224909407339786,952.0754868986878,949.908925579962,-0.4990825325785248,5251.0
0.8320568041027667,857.4974803760146,849.6556498081904,-2.644524507471142,4946.0
0.7022605397825872,831.3970028438808,829.1286960976746,-0.7111169944994018,4525.0
0.8400741878400985,829.8993953850102,827.7325999748857,-0.2820944402241796,4950.0
0.5792933900296093,703.6075830462656,700.731415706163,-0.19226295455670694,3986.0
0.11413706424389247,215.98660382014603,214.74308594474996,0.9575353718023045,1103.0
0.8499109798988636,919.4587793735734,919.1281641863368,0.41918887511517366,5040.0
0.7075515128746305,731.5298369756993,730.0303704281821,0.7877633620232452,4436.0
0.23978445523458503,386.39883488900057,385.40720028264735,1.138808470967746,2023.0
0.5871128920156405,717.3657916259655,715.6110450841902,-0.9093037375985616,4078.0
0.05378203842396412,88.77193972592634,86.94453312051075,0.833366671226793,493.0
0.7962178757857862,981.8107207268906,978.5747471744025,0.4966230193252312,4823.0
0.9330554304014738,920.7704741508046,918.7314792770285,-0.8151697880516612,5258.0
0.8427183254115681,798.6162121583529,791.3783138953692,0.8299384568959812,4916.0
0.879460803134763,1001.1654074591835,999.8273176256941,-0.6369759678663311,5061.0
0.9316191104954735,1018.1291242181194,1015.9722910561546,1.9042830001110311,5192.0
0.681319643608571,866.3229123064606,860.7150390952426,-1.531621337265993,4519.0
0.6848416596205419,930.9997329590268,920.2843220024632,2.04106006602441,4336.0
0.1776134135333277,333.017553527249,328.54162064820633,-0.7953122355244964,1612.0
0.1715291161987812,315.0837291992822,313.4885619328296,1.4196830643411384,1568.0
0.8285168562429106,1050.1423040587963,1048.9143872172726,-0.09278411563140995,5038.0
0.06085188367417227,113.02275354268957,109.99567345376889,1.6073883945012477,576.0
0.5974287143889435,776.6364181847799,769.7300152339653,-1.8755086852350293,4060.0
0.3948949710589257,540.486558459108,537.3583776140342,-1.1132066710109931,3042.0
0.3763364031587587,545.9246534166479,544.5408575515635,-0.1104165418494329,2948.0
0.7717096306864936,821.165212033845,818.7187612972768,-0.4820103456330657,4764.0
0.2696132369318027,424.67801466107596,414.92874947800897,-1.3759876376947104,2272.0
0.3426521355566361,531.9122729201625,531.8307312599541,0.38226992105060353,2764.0
0.6362125760495664,720.3477411091013,717.7190987864606,0.2748496963917162,4232.0
0.40454559117094846,563.3217781481814,561.8406994068035,-0.5799225721231078,2964.0
0.9827649478988384,995.6297136923306,992.0927460260486,-1.108774162594701,5294.0
0.6696742739688356,778.6781181329452,777.0102350647586,-0.6891506597075265,4402.0
0.1403151060278205,251.84113384442344,250.56844012637612,-0.5270523237299859,1239.0
0.7619363285717957,827.8756361493156,819.9870491118803,-0.7399467349417074,4754.0
0.3025063288733967,489.31989739610987,486.5091493492993,0.59703000493244,2481.0
0.22058921489030847,392.7997486213173,389.4816456184949,-0.6179658068452315,1946.0
0.08786847177004331,172.66372947744287,166.29010496837552,-1.8719354761152711,808.0
0.8428054261113855,908.7609252110087,901.1053317823267,-2.215866406242351,4943.0
0.48047839902447276,637.7631432258908,633.9605289908812,0.19419435109847138,3510.0
0.6388982171375187,798.3867140605672,797.9892025877961,-0.2725539150086061,4220.0
0.21883274591967594,356.4195292765866,353.91694213044366,-0.6116302409943679,1917.0
0.5376315045790284,721.6019672189656,719.2555422614408,-0.21200616631291672,3798.0
0.8278302272299027,944.838268701552,944.142433306196,1.3500025158511764,5020.0
0.06530156023012423,121.26161530309439,120.41190269662583,0.6667920763315934,636.0
0.5045442498554298,750.2139449408451,746.281878738289,-0.43309822642707946,3666.0
0.3432031926609146,491.0632267256238,485.08526907673763,-1.7396559610590643,2750.0
0.9096405184693429,926.9173974888556,922.8962442658345,0.43977651232990944,5311.0
0.9945795410539305,991.589693616347,982.2138756287018,-0.966965996612903,5428.0
0.2436460147209608,378.39221883352445,377.24054566978225,-0.16532470694272255,2026.0
0.5782117821199394,774.9010104941775,772.3750217827318,-0.7100445927936391,4017.0
0.35186687816694595,453.2534826906496,452.4599723690818,-0.23831513871570284,2744.0
0.6746911408674713,819.2076258955484,816.7107257545188,-0.5609548355012457,4451.0
0.27269384442948463,414.80658102046124,412.42235171245414,1.5118887445421056,2268.0
0.3942524752211338,546.4175183038358,539.7827117119061,-1.4929368068031579,3041.0
0.824528057549873,889.2234350353863,884.6780258209786,-0.8198220313224619,4915.0
0.42464680647378805,642.3410156384411,638.8503404512123,1.0964334011093204,3191.0
0.9992916893648459,988.0191885689485,985.2459716148579,2.0375950530590505,5417.0
0.6200942197248043,747.4323595404646,744.9078595372688,-0.607863998637264,4097.0
0.793461868767357,840.8801560976133,839.2959409694711,0.17318751823882925,4834.0
0.6181590882928059,792.3839244740615,790.3108521974839,1.2475628513108197,4132.0
0.39932509613158174,604.0591680724455,596.550407638381,-2.15455033182688,3058.0
0.5937304443842071,753.6487821734631,752.5830313373443,0.16658712541538176,4075.0
0.07422102554832732,121.7548149535863,119.14197178315844,-1.226553309012662,702.0
0.14251237673589534,211.30995970677236,203.95938978854443,-0.5122362247279875,1254.0
0.17697976743938149,351.2074112470053,350.13513182311897,0.25101275417349433,1606.0
0.034055160223272374,67.8824687373941,67.08195011802553,0.10715338444843188,341.0
0.5551010924304752,798.2359735129805,795.3475771733829,0.15247290390030652,3969.0
0.5167702469073401,696.7158343600264,694.394201440245,1.0297848928054254,3695.0
0.3639074381446139,597.1243653319061,595.3728786741091,-0.9487099447332412,2933.0
0.045894244817881735,127.48508228272325,125.85669830970052,-0.886216529397771,491.0
0.4359647465525358,675.7842567107327,675.3283300285126,1.1470011619418552,3209.0
0.4622277606870965,574.5493818038213,571.3352243648685,1.343755729359861,3407.0
0.6017172028797745,823.8304618860126,822.9501131444757,0.8088673631793174,4140.0
0.48133083724928305,685.6222922464049,683.6900414433625,-0.015428187936967886,3538.0
0.6996697261971945,908.0665404309404,907.7648883648789,0.301633865834251,4566.0
0.7329763770882762,795.2002603364527,791.8149614989769,-0.4366224392224369,4638.0
0.8386755607894896,873.8833481087861,872.333352271898,0.8451304369478052,4996.0
0.20470783388663683,376.9005313015575,375.3533004005172,-0.6134066467086903,1807.0
0.37941402474509145,578.5489444107296,572.6928031120044,1.002202488115227,3032.0
0.04973015815941739,78.31312110965226,77.84195129003112,0.6879522706802056,481.0
0.5118774351769153,618.0692119451443,613.6173244132431,0.6867890933204818,3575.0
0.9754442539403994,1048.1803449458557,1045.6443926526335,0.628242187557133,5448.0
0.480657231502268,601.4571592076223,594.79373407932,0.3628980356596883,3531.0
0.09177493814268867,158.7390813772465,154.55525521732102,1.7499824595110403,827.0
0.6224163994768688,732.8887458069996,732.079503899862,0.8623282551254899,4221.0
0.07915070265183577,145.27790527077377,141.0759063027534,0.8846577196533488,752.0
0.10060458723433363,208.74950308371766,207.98599293536304,0.7607671250533264,927.0
0.6552189492784277,834.6166145597067,834.1903133789158,0.501674457542382,4342.0
0.44668966722655645,680.3260566526405,676.9717820383595,-1.0079697631461217,3290.0
0.5673898090124987,749.6231334678055,746.9773205035352,0.5142388368610628,3984.0
0.29731387009188937,446.1825275649428,442.6637127313113,2.3071925131659063,2518.0
0.48853621985524964,681.8064841127978,681.33742232025,0.6671552366906262,3545.0
0.7433027169272771,779.0376474754428,776.689967217391,-0.6887320707066779,4628.0
0.5011913869198318,715.858200993309,713.2802533990695,1.8694746258303607,3556.0
0.14805453122231416,243.2438114136467,241.27623705868336,0.6253298345558113,1292.0
0.762432735834797,905.154909675312,903.8779900293124,1.1886699547123085,4740.0
0.9956534045587199,1035.2658195820807,1033.8743659291265,0.6346132008215722,5406.0
0.19991452935238818,360.9962188878697,360.1910653187074,-0.5390550272298212,1762.0
0.6502466676314003,852.0346038525552,849.644863522846,-0.6812739101182382,4281.0
0.4090477278033917,622.2968662413672,615.5302261431798,-1.6856421462209532,3164.0
0.6999480864792161,878.7754348796556,878.3409055401712,-0.09626367907760856,4501.0
0.2983620475890363,459.0989104006786,458.556359892744,0.13997058405533247,2474.0
0.7915941881054884,856.4945653573131,851.4226610829274,1.2748608347538442,4823.0
0.22590397341869284,320.8178952952941,316.0880178775717,-1.199863030094135,1918.0
0.8590772164844831,808.5013801474668,806.5929158152481,0.38064172471996516,5059.0
0.5198343248647204,703.312820365474,701.0924168096366,0.41675616394466153,3696.0
0.010961563101005711,22.421717171717173,17.007626782884316,-0.1827417603091351,107.0
0.0750307143356117,143.1325810093328,142.13642794001507,0.6989092483346585,700.0
0.2297610105021305,370.57230027523053,369.6102561153163,1.1443290654207265,1909.0
0.3859319940935204,523.7167622163545,518.1571107204168,-1.5792482427076098,3027.0
0.45796743188583433,655.9827567145118,653.6302571722374,1.0809781321166452,3312.0
0.35364332038815105,482.8341764118495,480.90397712423317,0.2011815533688786,2856.0
0.15590513590964283,282.9267112597038,282.5780139886428,-0.03748094332762803,1418.0
0.5877639244121052,704.9508651011352,697.9149091892075,-2.400990880127647,3977.0
0.04859945969663215,113.4554091870862,106.95218965458609,2.597740082506274,485.0
0.3527818761700833,521.4675591715969,521.0675992706697,0.9209191277154073,2762.0
0.5140926827977583,784.7491297840493,783.2396463866532,1.306393839425979,3659.0
0.2980200714434236,401.04168145791897,395.58312294984745,-1.1272169446510039,2469.0
0.7370567799155431,880.9954994736389,877.0470646686174,-1.0187970976894447,4609.0
0.7934163841634467,922.4018629108098,919.5806549905595,-0.9403502572252163,4813.0
0.2857771911713851,415.5654795446716,413.9484775766655,-0.23441765394385605,2309.0
0.3536244335318074,530.9018140865257,521.0601190064791,-0.2892260156745455,2802.0
0.27518825042544637,441.9178878395265,440.802656485471,-0.14441830551060394,2311.0
0.5273374521366392,669.8730116602497,668.7349733473261,0.61202270196565,3705.0
0.715460352144455,877.9329940513874,870.8084063496437,0.8412042003077902,4581.0
0.3537715722778074,517.7257814023585,515.7469725752006,-0.6439415939579997,2875.0
0.23056350548903792,402.23627073194774,400.6406275682789,0.20698343640095257,2006.0
0.33492808176682054,506.54151647869105,501.43042897796545,-1.0948812313793657,2660.0
0.4527735973397956,647.2714627389665,644.2149563703149,-1.2309188992004194,3387.0
0.8125829263972534,843.8026627665683,843.4532544255625,0.3885969084731038,4880.0
0.22989925227219632,390.3781938038803,388.536974082932,1.714115289576036,1953.0
0.5793362515966612,753.6807956159245,747.2757765708358,-0.7343797917837956,3982.0
0.636531464479761,790.9754423856155,789.3527294274307,-0.18266864471836128,4225.0
0.5611589846247546,704.4817396684322,701.6730058846343,0.6064910374586799,4020.0
0.9937450859663524,997.9035823867889,996.5733008772565,0.5291454135738846,5377.0
0.3935231656026964,531.8471810794308,529.5100174781817,-0.1008325216339093,3042.0
0.17889430786344296,312.03293465025075,310.4745654953113,-0.6024673293216981,1600.0
0.6655284693888189,787.5677710259881,784.3624814961721,-0.7565382428432726,4296.0
0.5545738724623299,729.8660538055061,729.5991245373069,0.6080480074671627,4011.0
0.10515360174142518,159.23274420232917,157.10435600799835,0.0943488921619498,945.0
0.9193656172585412,1010.3748840690447,1002.7269368932996,-0.25842312619862995,5233.0
0.6258014549918223,776.0332587791014,769.452267515073,0.02942545445529784,4180.0
0.13318317860537376,226.0348165764453,224.92885292150706,0.034438372669352534,1208.0
0.9698261197350411,1002.2912381849276,1000.2786847672779,0.2653740898943235,5327.0
0.1744375054524634,300.69106689591456,296.52407262046256,-0.7218044125049894,1518.0
0.4838708674242319,691.8797406029189,686.5393491370093,-1.6120746356270985,3512.0
0.3384252647188494,560.0348420318253,554.1873199560506,-0.19118593699479908,2790.0
0.7838109997712528,820.4298960780762,817.7448943555606,1.922023192270284,4897.0
0.7411540692780149,885.9602478214716,884.2193213255656,1.5624297181469269,4674.0
0.5144261847457254,692.9282927881411,684.7181848579738,-0.5033639770618544,3713.0
0.8187662749852238,949.9278059034149,944.1053950687402,-1.3561870961121283,4915.0
0.10108141466717924,177.97791889252633,176.52158785090836,-0.68363743263936,944.0
0.4850193868807223,625.3626605191935,624.8403161817739,0.6701619927955855,3596.0
0.6045626802393866,826.4245065649607,821.0778080790625,-1.758267852883607,4163.0
0.5547933551602889,841.7716031917215,841.4031085870923,0.891141572190941,3820.0
0.5429193721936645,728.3664046188836,722.1518293945485,-0.24583115733652122,3853.0
0.4164984711215669,722.1342999705665,717.99660909993,-1.121286323968613,3145.0
0.6937773460620824,898.7235784959295,896.8416265818689,-0.5023995204259706,4477.0
0.34086803922743547,416.4352052634882,413.91634332124016,0.0610409196595046,2729.0
0.06530459857424165,102.44982916383272,100.13319992733751,-0.7966461506487013,630.0
0.6452726406039199,828.4217596047569,827.464977516509,1.3369898878072752,4250.0
0.08298029534840756,154.3584550937452,149.4534572718664,1.6894601907368758,766.0
0.6035724255542988,830.105149382906,824.7295507982566,-0.47865761699842774,4079.0
0.5230899442103935,688.9952648063747,687.4521083014758,0.7914251141159503,3767.0
0.6290424881112662,838.8852851576097,835.6930380803974,-1.0498375077475584,4268.0
0.8015623168122951,873.2345445111681,868.9302392218425,-1.3795014964448329,4850.0
0.26509109789116037,445.01818395140117,442.5484474016295,1.3508620323716785,2236.0
0.15823496462248265,241.56831833238027,241.22885069613258,0.9310627044798476,1432.0
0.982381981014163,912.5802795136537,911.5378585894083,-0.030261427654645106,5359.0
0.09113517677983884,152.09587370849442,151.53387995646582,-0.07453819764529798,876.0
0.058485589852050324,72.82784678866282,72.04554616128046,-0.404192270536924,568.0
0.9701995204636429,1119.3883864383602,1115.8831384702949,-1.2872729747101244,5488.0
0.07023678444869463,131.61399653545095,130.26009140963262,1.0466722625089644,679.0
0.13532682051483258,253.7294814564669,252.73021841806624,0.08467858580769964,1291.0
0.14176504756180586,282.3276053223562,279.01548842184144,0.4853470191574693,1292.0
0.0711413627119003,116.199499426531,114.70659569941778,0.4907553528813709,683.0
0.38611578011163106,579.6877068471091,574.5446335674167,-0.8120017458455685,2959.0
0.08298685893277657,142.3045655180486,138.64552945805437,-0.7642117384578218,791.0
0.43011537888694407,666.6640275384368,664.0598464821322,-1.3596831285084579,3219.0
0.14156763513465487,208.52208884918588,203.00757819948416,2.213235251346995,1261.0
0.30355996327924106,537.9302749740671,529.3276953834086,-1.384822331410739,2480.0
0.0013415607880333802,,,,11.0
0.5983977942277853,771.976535281671,771.020261492196,-0.2519427430721954,4049.0
0.16273504928479987,313.75499300855455,307.1497223671498,-2.501001953633245,1471.0
0.9748928836006888,1018.7433834898634,1014.8686900036189,-0.5576744904808464,5242.0
0.9318541133318573,1033.5096003292915,1031.8854205601365,1.2640103864728214,5182.0
0.14897465825666878,234.00600449110524,231.03545172133283,-1.3159764059845365,1339.0
0.07635596989443127,154.5015378088473,153.35324596521158,1.4676040478457093,720.0
0.33524007595595595,518.786912095364,516.9162802805025,-0.2093304026581606,2674.0
0.3518413838095429,579.9044954231235,569.9081905395557,-1.0757980862052632,2793.0
0.2359106616205935,471.04274389874723,468.5877266156412,-0.17506303309840424,2043.0
0.1098532526731083,252.64654903975674,251.77100939715456,1.2295188959678398,993.0
0.6014851311868512,726.8611644507564,725.8699426187347,0.0007204691194659921,4062.0
0.6809534815473357,849.2119932717185,847.4417546405409,0.2927763526287966,4427.0
0.21527782948586538,352.6943526938028,351.106644843493,0.2717836046179959,1889.0
0.49882325414412476,681.2455691882049,679.9438536179715,-0.13173127977216062,3621.0
0.41888216893362284,678.5825860584977,673.1755896246544,-1.1225913129645644,3244.0
0.6552734560298968,774.1576973798567,771.5017345762907,-0.8061908003142785,4330.0
0.7310720996588702,789.3847649271514,789.1707987213965,0.2041443939887108,4633.0
0.4942247581093966,632.9820158045119,632.4529888002253,0.6924668991023936,3471.0
0.98446064835705,989.4183439957785,986.2733168574214,1.4790834909172044,5442.0
0.17378147825939005,312.58961126607693,307.5779941084664,-0.528359049833244,1584.0
0.9311173498746053,1053.8236522220714,1049.3378838165866,0.837268027604906,5263.0
0.6836449363365035,805.5975231713848,800.5240968704286,-1.1431748977138338,4470.0
0.3712001584578368,540.9026025429865,540.7956086371472,0.5682585475273478,2955.0
0.5318495451572086,736.2273225064647,735.9698986599778,-0.027813723988648308,3743.0
0.7915070155577776,863.9355190704343,857.7961062269673,-0.613780094475268,4909.0
0.7175819508743231,892.3534732849228,891.9966815250318,0.8488859049694027,4410.0
0.9865065537231743,991.4737332246445,985.0885385733931,-1.1410924888332623,5347.0
0.5688048920161181,662.869737679313,660.179572552229,0.8300235713007166,3876.0
0.9152185432420757,1032.622090510413,1025.8035805960103,2.9741308451970054,5121.0
0.09103542270211573,138.67985717331052,136.96101837737868,0.5586359381245163,866.0
0.9453238730133646,996.280044241314,994.0775193936155,-0.29404782618619885,5309.0
0.7429540720340231,783.7799749906148,780.0057400313276,0.44813779523519814,4658.0
0.08204609959901199,127.76369880238475,126.39292461794527,-0.9697584031065231,770.0
0.21506224140879382,356.76729740497285,355.51150133034866,-0.3028067770800891,1834.0
0.9186221227601677,908.5782235978161,908.0494839699172,0.28566109204812395,5177.0
0.578743808398503,778.7457876554811,775.4258253308554,-1.0448022276784,4004.0
0.6283913828004845,801.7502945015403,800.3782040568267,1.5735222629245051,4199.0
0.9007181941924374,983.776050601306,980.506315736108,-0.6447711019260568,5179.0
0.9891513725724992,1020.4730026246724,1015.0607963507551,2.644575956389274,5470.0
0.21199470843156576,361.4713382109683,357.3973297690056,-1.0942032547265361,1869.0
0.4800683674253913,680.2321408872608,676.4694443431958,-0.32995115985024337,3468.0
0.8925964339536079,957.2634826496488,956.0648012083699,0.868372700144457,5136.0
0.48870423779559735,688.2080352977467,686.4761806944421,-0.8809224312915881,3554.0
0.41976528339360797,602.0647846576584,598.5762772697914,-1.0225272068823317,3201.0
0.9765708996517102,953.0485387661191,949.2216340183118,2.6126341865170084,5369.0
0.6173417733391946,834.8394933182714,830.9891616292459,-0.5132897244519787,4163.0
0.5241164552913125,709.7233116270108,708.9602475764625,0.49695643133420514,3713.0
0.06220962327745583,132.541379716943,132.15073814761917,0.21613082848577952,627.0
0.6005676021852003,742.3601889524921,740.6883816372292,-0.5076031117097194,4019.0
0.1264648992394074,222.1226806502299,220.14078615164266,-0.9488475960807783,1155.0
0.2269310965831992,375.4658936595476,371.4787707592903,-0.5567898209182269,1944.0
0.23664817603299304,465.02886787032907,461.5292231475083,-1.125683789161622,2059.0
0.5650403930357775,750.0643424490668,746.4517038058403,0.6885775810623922,3986.0
0.8509740431977306,913.7322554933119,910.9512636862337,-0.7030896991742464,5088.0
0.22858088934832888,309.43197794270895,306.5101088364289,-1.164469475632815,1951.0
0.5705939791356821,724.0237466153892,721.4967077395806,-0.6557646923539844,3885.0
0.8178984431796461,1039.2248714263553,1037.9725188540108,-0.0257087065879746,4923.0
0.15928264046800966,253.57556397622034,251.11237508685645,-0.6864438553540061,1464.0
0.7629215291627582,935.6453899119019,931.399577834749,-0.615190872937031,4706.0
0.29286089701928875,379.6539848730068,377.20218940403197,-0.9580171423125358,2372.0
0.21303659813934184,351.3544701103348,350.8740357593502,0.9185012655387981,1831.0
0.5261416399250176,728.471071739035,726.8387613584306,0.14553224735233172,3821.0
0.4203187626276764,605.8047348367977,603.7758329595994,0.7989789022443281,3136.0
0.08269685716244157,152.27411208862821,150.95174472030956,0.5238559847442666,752.0
0.22697014516624092,384.738570006654,377.37626809138607,0.2704852796785427,1956.0
0.1450896886896741,238.60331297854518,235.5974613308629,-0.13944187741240235,1336.0
0.8879480731709823,903.7030389563647,903.5340257463079,0.12576651090967078,5180.0
0.019900402166754705,40.36931173324335,33.107572030089415,0.5058594072726058,173.0
0.9663453035968119,1012.1947823324635,1009.13659802665,-0.9811053737356423,5353.0
0.07283830762728238,166.4131135893571,164.39141783447891,-0.8820655638532005,709.0
0.12212672867755747,211.75997043351288,210.2773754896186,0.09130705370113619,1112.0
0.0763953831069879,163.09064993491876,162.6589244211917,0.2343018529630204,767.0
0.39996346012463546,560.4965066471782,560.197057005023,0.16533131354312647,3072.0
0.5397560859895371,714.827490802763,713.666205066801,0.43111593304500284,3778.0
0.30235969198836676,493.6594899628253,489.09382588659224,-1.6444186591061791,2466.0
0.4247981078601176,594.5606187728991,594.1101170869131,-0.3765887124201257,3216.0
0.005831312118083853,9.876623376623378,7.970359129994939,0.6090655705894756,54.0
0.9298396366165522,1040.1852245319608,1038.5576411919976,0.7272169261404466,5266.0
0.47522937481669747,737.9759406221079,737.511887369368,0.25748974466566826,3584.0
0.7073726815448357,846.0255947187553,845.0075226564333,0.8676188922444656,4553.0
0.6841692033327987,782.1840744742477,768.5399246213884,-1.1681510137178477,4361.0
0.2929922793327112,383.7472447791355,382.20824537147877,-0.9927943674573301,2390.0
0.15661266769048854,280.74710938369475,279.4584599872742,0.016888145224224688,1382.0
0.3439844172681994,481.2424238449705,479.6616035660664,1.0699917355464776,2690.0
0.17966535927028826,313.4117778318492,310.34208136619844,1.6975259932932887,1576.0
0.6557197487151403,852.9978722673849,848.1859459346373,0.2898339910954364,4377.0
0.10152336001035012,225.86982858183842,224.29152419537604,0.6646918981874093,954.0
0.277379807376263,424.08541471419335,423.5722236008894,0.8818029261864166,2306.0
0.3444756943569156,469.562018265112,468.5564857449492,-0.2747430550357624,2674.0
0.5144973127240098,727.1360144675176,724.07589539308,1.5465501766557996,3743.0
0.3378133194555578,505.42877563622733,504.0684322094187,-0.5013499279831606,2698.0
0.5614678903024461,711.6480191630161,710.7539906959561,-0.414325988560794,3958.0
0.26621462176823474,452.61485155817854,449.052152567793,-1.5227246411702107,2272.0
0.4667399200571819,644.7683754899181,637.5319625443065,-1.4238796523042214,3488.0
0.19519498406322988,306.852383022057,302.8011253311186,1.7297042686421766,1655.0
0.8614754745386743,964.2876773143616,959.8872464696394,-0.033821580579208185,4964.0
0.6434118315114946,810.1274427688328,809.9530741732325,0.6157753825613703,4244.0
0.21782774833985385,338.9356778216177,337.61303612645855,-0.6177982082073812,1878.0
0.2747332103430774,435.40646632993634,435.2466563791604,0.2953716360207019,2304.0
0.07559641954079033,152.2597236615928,150.55155099547284,-1.1414392949183083,678.0
0.899934394136318,919.8454666037713,918.5317121428798,-0.3971028520734035,5150.0
0.34713783992099356,448.40220691756355,447.6707803100669,-0.2465242155029546,2741.0
0.13069367097618145,213.0290941472997,209.32920877621996,1.0448005169761394,1198.0
0.8812816916370382,951.3686311357204,949.3658641317035,0.07849914909850769,5146.0
0.12828986449873914,235.7454053889481,231.03554703861,-1.3190106745265202,1182.0
0.3304561783345775,470.6141135830937,469.60278525558965,-0.1875529452555612,2659.0
0.48998338635883343,615.9778238835619,613.9527386726436,1.0988274236955482,3506.0
0.7486297399113455,805.0593538107778,801.8341761120579,0.8626212152049468,4625.0
0.4306525034627995,596.1621288234229,594.8313344807975,-0.018032071908040893,3260.0
0.6866589629892863,766.500690118537,765.1226823756384,1.1395215404574166,4467.0
0.588316003464883,667.6333307527124,665.6117375145818,-0.9326785575349027,3969.0
0.9255436230188094,973.9909592899779,970.9118811065024,0.6443419344562955,5228.0
0.8495843813429568,889.2343611280597,886.4502578989825,-1.0341715797433764,5019.0
0.2660814528044706,400.9054815229341,397.38086295261684,-0.6005256592630803,2197.0
0.44921818148152926,713.705739422548,711.4850345938246,-1.1399897727312231,3267.0
0.27388826699624746,370.6557240190363,368.409822980431,-0.2073732763435839,2296.0
0.5090967733522158,641.8309535687888,637.4781529221899,-0.42348942632139625,3628.0
0.9484745695870698,1093.7815256539507,1089.2405107354557,-1.4394061455789215,5376.0
0.9626417880095445,962.270852426458,961.0485541542362,0.5444960365389853,5364.0
0.8293293526677058,936.0384329174138,931.9838763353922,2.0326705034451535,4951.0
0.6148247904110118,773.471419221468,770.252260389208,0.8290208370409967,4115.0
0.6105670729494126,881.2400876518188,879.1275381677018,1.4414656473060055,4148.0
0.4618723213493582,679.0614196093048,673.5941045577973,-0.6126202920969108,3495.0
0.36986034809411406,660.45330785405,651.7409203187005,-2.08998006155715,2915.0
0.8384783082915405,907.1826663392612,904.986250520995,-1.0383592892375897,5010.0
0.7101217246010749,745.3867059199993,740.8741136183402,-1.7980053241605725,4498.0
0.06111447056718455,61.40416853213943,58.18867684654404,-0.48375444788321853,540.0
0.36198287941544516,545.518738741082,542.0296507416127,1.1531913658647186,2834.0
0.5847024761542495,704.2666865379016,701.4822292434231,-0.4808513020179577,4028.0
0.9334855601920046,941.5877836605762,940.3800040832332,-0.40206799856183867,5372.0
0.08122282716591123,155.86777885342454,154.46953273070193,-0.6928481214261325,764.0
0.6182586461687509,787.7916208016006,777.3367379431018,-0.2185158352613976,4217.0
0.25644761495401003,431.85325380075693,429.44196402356494,0.22772753601245427,2162.0
0.6092362840622289,744.650263670848,741.8061218924357,-0.7144414907792239,4080.0
0.22580101662927043,412.64394523219914,412.5973458711952,0.1107561639216096,2004.0
0.645001012536707,936.6178563566386,936.0727110873661,0.15971702847742683,4278.0
0.12388446642477391,239.4110897406224,234.2758069935077,0.9864817399434009,1054.0
0.6891293378208267,820.1886034474228,819.1707661911977,0.09646360289453855,4366.0
0.17617834250237474,268.173927400714,266.48903874594066,1.427877660918504,1482.0
0.4290937278225956,680.0243998096446,675.5799900198538,-1.707500059845401,3231.0
0.20922123970814577,315.9945093511096,312.33612029170797,-0.10403600136839694,1795.0
0.35569331887952105,445.37772707016285,444.19953309125265,1.1683789015935029,2826.0
0.2156286190461899,308.6655016705373,304.2596783991681,-1.7195999963937583,1816.0
0.5213391400611972,737.8668381865133,734.3232884898058,-1.2142958155184387,3689.0
0.011599082524165305,18.435087719298245,17.185442574981714,-0.7931911828111594,105.0
0.9655687435092309,1049.757542705004,1048.7787092905078,-0.17989202628975173,5401.0
0.037755657258729314,71.54357040740005,70.89638853832881,0.20349958752324462,351.0
0.05367225946745924,99.9769295548076,97.6682237509753,1.39854189513073,515.0
0.8605164057121599,967.1489654681951,965.8228735896452,0.9710837057189803,5045.0
0.240447042356004,422.25986146797266,421.5823287866284,0.8429263135091107,2050.0
0.7854645995577234,873.6998256544216,867.0470027639695,-2.151961164143797,4820.0
0.6540713795059471,825.5107182621165,823.5736274288804,2.00952336328872,4306.0
0.2794439691471937,449.0969018808433,447.04862737644,0.16918231047324472,2285.0
0.3416683107582915,478.2249793093507,476.3835393988124,1.1149342935600344,2752.0
0.5679875937292761,737.303379523338,733.6842397423862,-1.4005284175370731,4009.0
0.7567145061945296,1023.1265707811859,1022.6246421927937,0.10676431492331206,4630.0
0.6291699965539477,793.7879850071596,790.9322898253014,-0.0218112376755436,4157.0
0.5270671251970566,783.0934491276992,779.6829626428797,-0.467455948141607,3706.0
0.05691785819860595,105.90351713597775,104.71561487255333,-0.7262395893229587,513.0
0.7609624120090863,893.8472666001096,891.502757445728,0.17958156323458774,4747.0
0.9978512175749387,1006.8925356696108,1002.6861169106488,-1.1037873274340986,5393.0
0.6190079599611199,796.4041302595667,786.9233391486503,-2.7121025768943725,4219.0
0.4642031387747706,674.8106820665909,671.0413516457143,-1.4227298119133536,3484.0
0.012496153889686834,,,,125.0
0.939804243953837,1028.7411320424676,1023.0389162904336,1.4370792061645752,5145.0
0.36367421319429616,583.5093217903633,577.0580551405593,-1.7495467976347494,2913.0
0.7449201834433399,876.5144485365347,876.0246333487273,0.5621677106159201,4782.0
0.0993564912378444,162.6927405540501,162.4029839236482,0.04291008930654138,913.0
0.6919318212908392,884.3932481072626,882.4497609951638,-0.3590826966120199,4469.0
0.35823673269626666,548.3388460499973,546.6895905231274,0.32270482671624734,2815.0
0.6134158729148191,795.4431570733383,790.6037170611128,-0.21743093429615232,4183.0
0.01924699734250268,45.38260911202088,39.86420968947639,0.43902585912006,173.0
0.5212191651758691,746.1877980033298,745.9133374130461,0.22072098804572737,3737.0
0.13976377435191567,247.9239534620319,247.25107723668208,-0.6156588536858505,1244.0
0.08275164473355334,163.8377317369563,160.22339204645743,0.4647180908350613,775.0
0.04105477524308454,72.78925306577482,68.3811107536993,0.8375385171259172,367.0
0.05765147535623849,97.98353262307634,97.1254372449518,-0.01668845967273496,552.0
0.2819282300253556,388.3586718587845,384.45290459429964,-1.5683914891820108,2360.0
0.40707658343500375,575.1405905311586,575.0215607475672,0.19379392634299092,3189.0
0.5602490408184928,635.2476484191671,633.0588605304908,-0.7315991690103448,3908.0
0.0032811165067057058,7.6,6.3652028904947215,-0.24493770938315915,30.0
0.1655058099521859,219.82226771694988,214.18648933285107,0.18787867658730015,1488.0
0.29574584152320216,482.57441948315596,481.3960527070686,0.088322612686169,2459.0
0.6972709573600535,848.5738585511438,848.2113743796928,-0.27318583169001115,4475.0
0.21291670984874034,391.9140796037358,391.8045331970585,0.3194348038036521,1816.0
0.07460084157793634,155.24247413892604,154.8819008613347,0.2541626546456793,763.0
0.1706745140995093,310.3467636858763,308.95355989819683,-0.40101333096381714,1492.0
0.9058669836881232,952.5900324658588,946.4248760726767,0.46331230784699573,5238.0
0.9176677484104419,973.5438974747769,971.4070125713491,-0.7968332398826148,5236.0
0.5094077348615452,687.5956088800209,687.5687790937936,0.310762574255737,3631.0
0.5596792557216763,705.9255230161517,704.245442701103,1.9058460029630409,3996.0
0.6511074105049849,784.9857595011312,781.7515883487598,1.9268072036639856,4270.0
0.2079282427890139,408.3596375078894,406.9617872356908,0.26473981386986356,1826.0
0.11745578606379248,226.00625700797298,225.21671115508283,0.32869188242453257,1051.0
0.10243784022119073,204.27403176256362,202.22983965211264,-0.24909382798893998,998.0
0.2848443709050529,449.29545483179106,446.2349959871923,0.7138530213688585,2452.0
0.9346529064610163,986.799361067819,984.1711621938281,-0.9042931676838555,5263.0
0.8890617524988621,909.7668636631315,904.2695613741964,-1.8204814228152897,5186.0
0.08381783106573648,145.63607414275202,144.3443546708757,0.060625587763591636,786.0
0.3134595517946809,459.29591537747723,458.1574707475095,0.4433782859065846,2450.0
0.31545552099673746,521.3285345590003,519.0705058567276,-1.1625071010225827,2574.0
0.8485638383061078,972.8096348063191,970.6823991530661,-0.2683608678709072,5038.0
0.27732633336381585,382.30187566854823,380.84183837459244,-0.4397382464143489,2264.0
0.7392825738551219,925.3401496311712,923.0133965102793,1.8468878351817561,4547.0
0.2983672379250457,537.0574366364563,533.9631715690858,-0.5300101381679273,2442.0
0.16056153166914855,233.56714536332433,232.68526988342268,0.7299287259798095,1443.0
0.9921301379256807,994.4845933528193,991.0840295954578,-0.2450848272848958,5445.0
0.4309485507498857,619.2119210870039,614.5204976240609,-1.6499618681013113,3215.0
0.053342111140839976,76.2680041084584,74.02067351634325,-0.35630379944842877,498.0
0.6880954635803319,768.6261953916461,764.2982922917524,-0.3892341841239281,4573.0
0.23517229304967568,372.87362946070283,368.5743168519257,-0.7834107638353,2046.0
0.6577155561020142,835.3205572834166,833.1029166954914,0.7808065105445273,4335.0
0.42913660734517056,648.8250413034721,645.9489460735722,2.3533381630853607,3208.0
0.6121627819555269,665.2937459426279,662.6654513625328,-0.5670777577640022,4118.0
0.05532617417360053,115.85317437368992,113.90598899184991,1.6593743386161317,559.0
0.6588313128508397,785.1451625170354,781.2760108688395,0.7618750405898921,4305.0
0.38873494304369727,637.9745544089925,636.1395233801173,-0.4495285848566508,2971.0
0.6196810272032383,767.901600980625,763.8635954101857,1.5622991332193916,4174.0
0.6237180596367193,753.0698139109894,752.7697453182909,0.4730134879803336,4220.0
0.009563170820327649,18.96144009443242,16.170970442398097,1.0069408703755776,108.0
0.44373332383100184,627.9731070362031,625.482926142725,0.32432245911049984,3347.0
0.8320086249514185,931.4287256055768,925.368773307209,2.436422147522262,4895.0
0.47873896621061407,741.6831953678409,740.7821017527046,-0.3498388683612185,3408.0
0.790486376530739,821.7145543348635,815.8369195688174,-0.7394421398245787,4764.0
0.959386549811556,1031.413186633309,1031.2958969206643,0.4887234891209266,5351.0
0.07396017471705385,163.56415629098444,160.70693278959132,-0.4371199816062611,662.0
0.4798942200592685,640.212618725958,637.1726779345427,1.4073370521689403,3539.0
0.15341299957012133,314.87322115002064,314.76060322021056,0.6054656316917523,1400.0
0.4212646519782576,683.311361171445,681.9800077798309,0.43538185645109884,3329.0
0.3206814133559318,408.97007305495123,407.8373473062906,-0.06367235770956324,2580.0
0.2639571208850463,401.30032874446016,393.2276084422727,0.6684349613303248,2217.0
0.833195808378961,936.9369642333047,934.549236609312,-0.7832897951758385,4944.0
0.5245444891281267,701.661243484127,701.3512626729071,0.9982931955710214,3675.0
0.9183284385667247,994.3936816418818,993.1158796552036,1.0227716205569273,5215.0
0.2286579669776453,410.432939205251,409.6554487870549,-0.15324439927018435,1879.0
0.8232922381741852,899.1974884563466,896.4406642245401,1.2556483789958175,4955.0
0.9747623382437138,936.4139152555061,935.6035672765588,0.6778804784752142,5319.0
0.6359010975757488,828.8853447411476,819.585516295467,-1.4664811217246783,4295.0
0.6746333465630993,848.7856706126234,843.3972021905092,-0.8820721640343703,4317.0
0.038981322621409964,80.0115624555563,79.74948668808246,0.2560904180210238,423.0
0.645836772529335,748.484805978215,741.1419943884293,1.9400297827766615,4278.0
0.06318425110693582,121.77031269701172,119.3871190900713,0.07075893310299329,580.0
0.3091835316925099,519.8118338089586,516.2347518645132,0.9994884862445046,2550.0
0.5110695706942316,615.3926372975799,614.3914524235075,-0.19950949722046044,3631.0
0.5484847941752248,673.6506915516322,673.0033452338545,0.24423250137655597,3841.0
0.16132377515230978,244.60407817981405,241.81027065181706,-1.0646563484296387,1415.0
0.6895306310708726,800.8124751492977,796.8366463378526,2.122582322650793,4436.0
0.6557746498266182,815.591574579876,814.5143602131375,-0.1018402751817264,4351.0
0.6810443862388263,787.0923030396251,781.9132671473642,0.2639778839620054,4347.0
0.21950337677785747,380.7365382314738,374.06384455510465,-0.16459099945799438,1845.0
0.7407795762399971,876.8308305791552,873.0418623417587,-1.464873741313933,4616.0
0.17149347968271333,271.70999526040157,265.86778219968915,-0.7310738290002052,1525.0
0.24861305626707253,419.91019673072725,416.56179881219117,1.4054480877618671,2096.0
0.8295245323289445,857.6769963037141,856.7213460483956,-0.4494423827547056,4943.0
0.8426573975803939,828.7750800640664,827.4503863232642,-0.45865129191424037,4995.0
0.2944805988348358,428.1336424485888,425.5242707430166,0.24008162084155185,2371.0
0.9270965374421694,969.0498134400561,964.5717793859286,-1.0694911976098738,5281.0
0.5621594771838173,746.9644301786668,743.4943753767861,1.1722974574502225,3920.0
0.013875731495258559,19.274194577352468,14.24743467028952,-0.22851093174735607,117.0
0.49351661927564316,622.6434958900008,621.5777014581892,-0.545856381647149,3596.0
0.3335884352301509,589.5993193542611,588.2731127601796,-0.31508620253836056,2734.0
0.35168738240733777,566.8838437985893,562.5976101781878,-1.8236321411331822,2810.0
0.4704961592894842,677.0192024110152,676.1621004968003,0.6411395967394266,3459.0
0.11483535170559356,219.37371441059577,216.94523944414624,0.4456995887702524,1059.0
0.5604182721207954,674.9453829668089,673.602835142222,0.5146119774677501,3856.0
0.15168589165532864,293.30085820035214,290.0228745198543,-1.4258276338020983,1383.0
0.023478437782200046,28.75466511807975,28.4404324614713,0.1303692046913261,217.0
0.49468372615916556,655.2644352868807,654.4777295490087,0.15165710358161616,3556.0
0.6777265842012453,839.4975781701739,837.9367302356435,-0.22836633257665379,4375.0
0.9980751212988075,992.5579196544023,988.0926883216194,-1.53183363645592,5449.0
0.2966215685910595,440.5296520159539,438.03408758476957,0.5202569110234286,2373.0
0.14302076852752166,231.26280390381163,230.59180878031108,0.477279292512568,1297.0
0.30347384788300424,435.6203851531729,434.4015618752041,-0.552203955357036,2504.0
0.4260912324749745,607.1669593770083,605.1899514199736,0.576099663811823,3328.0
0.3233034566402023,464.68535767661365,462.20782148860974,-0.8097641383591171,2644.0
0.5183450904628905,651.7394512745228,650.978785922996,-0.09466733545889319,3655.0
0.18653291508286485,264.7846706642871,256.44044987384785,2.121705043313019,1552.0
0.8549094961459397,909.9233784551639,905.3326886089758,0.35217825130834973,5034.0
0.025676608698631975,49.82430139913246,48.977443116502805,-0.6724508456405384,235.0
0.206848081098008,358.4434359731874,356.7833710318607,0.3049527213052456,1834.0
0.7410091613421779,746.265490045375,745.1750310010494,-0.7928985342659303,4644.0
0.755387841362741,813.5567696163367,812.9229361770196,-0.5111084910675268,4707.0
0.07967137166938187,135.9478955073225,135.7095776415944,0.0110984401887317,730.0
0.012824364434818825,33.754688057040994,23.738659819765395,2.054374447811004,137.0
0.6209378075534704,779.1276291458602,778.3547582399704,0.4032318520689851,4179.0
0.4810417923451752,595.5864474618463,595.1669182666608,0.24069667081902038,3455.0
0.8820297024542677,977.5758135801657,974.5483303585032,-0.9452322098881287,5170.0
0.788288837028118,940.1294407844701,938.3018417930672,-0.8769538907340909,4810.0
0.7007094350898654,916.446101878193,914.4800539228419,-0.770277751133337,4512.0
0.7446690053914344,931.8092200468504,930.8590790917211,-0.10892921623128968,4653.0
0.0903882453138053,163.63198927151228,162.93604550668047,1.0317735979227156,797.0
0.4384589574118287,646.5788882976275,645.638032249138,-0.40542485439699655,3356.0
0.07560070252071094,116.9462291101186,116.48599629478457,0.6633358590761466,760.0
0.7796082729593424,932.0516098434799,930.8836136559642,-0.3740487735077019,4740.0
0.42932792831519273,647.6474095526814,645.5796949599717,0.10922114204588856,3201.0
0.46572673388600705,698.943908648055,697.9182140253258,0.14462616435079528,3318.0
0.8438017901867767,965.1228318895011,962.1546548218388,1.6570131012236755,4908.0
0.6844255888229546,776.4943210737591,768.8146731140884,-1.0120999539263453,4432.0
0.7479685513493627,863.7601875515696,857.8790441552699,-0.10684733009927795,4653.0
0.030675365020115253,82.43491636962104,80.86880844714987,1.1082691921038008,312.0
0.6894330054121064,890.6009489995948,890.46193100633,0.6143484349202822,4532.0
0.4415211999073497,632.0096330993846,630.9298184267318,-0.008431793464948387,3331.0
0.05935757144846632,163.05254313275933,161.46288171146264,-0.6264673893948178,585.0
0.8020863511933852,941.1411850436482,935.3812102872834,1.0541147713784629,4832.0
0.7642278711188651,907.0821337804973,901.2010495429985,-0.16185207267227822,4676.0
0.14136756600073375,249.82620053395095,248.46772860773552,-0.4789605149287576,1272.0
0.7125329312027863,928.6969668235494,926.8969548122903,1.2243026622328896,4555.0
0.6063252055025801,748.1180673934684,747.7598234351601,0.33614523820279063,4189.0
0.3486729750692258,541.9305652090335,537.7733170935488,2.106663517794192,2820.0
0.8418252346484086,942.6063117321341,941.6223307570859,-0.38230040073590793,4986.0
0.7142152198166724,857.7355263636964,850.4828356582059,1.8328042771665507,4602.0
0.2838819875431323,444.01018493403865,439.43511835087963,2.114347753658304,2406.0
0.13202101601438676,225.68460367687555,224.66135370432627,0.03755167572757628,1167.0
0.9750112939502511,1038.7472512267032,1035.2072040502715,1.9365643166192061,5396.0
0.2871786281277119,420.62317712288336,419.843598812281,0.7703740883654935,2360.0
0.23565687661251644,360.55581396251506,359.6520532989799,-0.4336548207461585,1941.0
0.3148244058644958,481.1760395981093,479.59324580439153,0.5232148861964867,2514.0
0.9099217836752524,895.3134922554232,894.3693431339883,0.6443938625480212,5217.0
0.21759585105837764,352.78795844042315,351.7265895978619,0.26584548850424483,1897.0
0.2988341329942299,507.2988478741978,502.2031435054769,1.9160042191861701,2412.0
0.2637199430041002,379.93799455362904,377.7655137121171,-0.2928834900921301,2194.0
0.9821975861091509,942.822987292589,941.6171049050587,0.7941977132444712,5334.0
0.9362113427595739,965.7239806932186,964.0905408104774,0.10970946322584892,5230.0
0.20160902598640063,273.33481477681255,269.65854021283036,-1.0625499923176196,1721.0
0.07698777726865313,216.03086447573207,214.73432073135274,-0.2574263256088027,740.0
0.48893962426582527,685.0749226247577,683.7434569744405,-0.36511365306165555,3559.0
0.9202198229628844,961.8531585975376,960.7698576908772,-0.2673649575049701,5241.0
0.48625645830562503,700.5071831613897,697.7811109774246,1.1369210116039299,3615.0
0.21014151424805594,330.7005528994482,329.6242162662241,0.6299118190141451,1757.0
0.4020761206245228,635.0057427459843,634.6931148287568,0.23356255090220399,3126.0
0.5833239091420057,690.3403911601467,688.2219916275074,-0.6937649228501319,3970.0
0.5521994875318622,801.4978857021649,798.7687846901235,-1.1526282523276499,3879.0
0.7179715575472123,852.3941915634459,852.2390464831527,0.8070280914642974,4517.0
0.4117509531731175,698.4283426364184,697.9926340832395,0.1807984834952588,3137.0
0.788038527492571,957.9752962547818,953.4782292153033,-0.815666188240539,4868.0
0.7324678069427657,826.0736662608896,824.9224019610596,1.530053203695814,4630.0
0.24523552027956408,469.15757130343115,467.08955472655174,0.2877341166388007,2080.0
0.4522080082130209,584.5344966067271,581.0083336835802,-1.1416712300583427,3383.0
0.5005923255939854,644.2961954748624,642.3595924264351,1.613560433101952,3633.0
0.5787075495099233,722.0487321967889,718.0302242672673,-0.15953510890590342,4021.0
0.10451529757775846,242.98318978146534,238.19127541788342,1.6794587121764284,923.0
0.47289365989010623,577.1173741871523,576.0257343619677,1.2466638312299976,3475.0
0.3235484323472374,432.05100647408665,430.9618954304922,-0.3125694002406848,2559.0
0.4716401273891436,663.3724751277668,662.6757451103516,-0.16566015008413026,3472.0
0.9995240541720991,1069.1035130733808,1068.4970738515294,0.09223840081539043,5494.0
0.026464715447688247,52.09917100443417,46.590708419393685,-0.17240368175976026,241.0
0.4744535258829816,670.6137152691024,667.96527985127,-1.3893013055145509,3514.0
0.5837426695688473,787.6056085300672,785.8052206045121,0.2907485003703878,3973.0
0.23668531507095514,410.7545411010171,401.74775197395587,0.5084307118600067,1987.0
0.8493256753878365,909.7968782278415,909.2960823239733,0.34446628383538735,4932.0
0.8495369604141236,909.1695756356625,906.4813987722077,0.46042701952414017,5030.0
0.034394442724651864,56.422837004043174,50.89096668103353,-0.09755741998335464,365.0
0.8370734601363989,961.7059114966236,958.6190573056666,-1.0786859477402395,4997.0
0.9745546537214584,1074.4942341012415,1069.9176852443293,0.0712189043423403,5426.0
0.8886208832244481,1048.0026305929914,1043.0377027390525,1.4935380396702738,5094.0
0.09002935508207988,148.8804124195273,142.5330632751471,-1.853049432137299,835.0
0.4828405843659277,652.5353536387561,648.2543054653564,-1.177929398634882,3484.0
0.950482573202297,991.6154191743394,988.539657882742,-1.4378772292275217,5298.0
0.38411137361270387,640.9026024221935,638.086572419375,2.108249622272919,2973.0
0.555538319231496,690.6789274233017,690.0763918280035,0.38234597600349474,3918.0
0.8006041721255347,861.6506010012064,860.6184868490795,-0.06877172178938233,4925.0
0.4160928322590637,642.3477905692748,640.7959549742731,0.7320597703515841,3144.0
0.2575799255555977,414.711114991342,414.26860501599094,-0.10361363681665942,2147.0
0.3672301796401587,555.9224711464499,554.1276247682187,-0.9901036883357636,2784.0
0.13941561564158544,251.132034317074,250.08443598107897,0.5217905594825444,1213.0
0.907783245226508,899.3733810843557,895.130715822558,-0.08039763957290579,5140.0
0.16810360171473582,331.711852149842,326.45943137978503,-0.17870303153164244,1456.0
0.4868563196036926,646.1044261192997,644.0822943907716,0.5519875624280892,3428.0
0.6207934268773522,765.8671834294007,763.7258870668765,-0.11989726179361569,4187.0
0.115895872038139,232.8859399038608,225.85156014509428,-2.5294200324549267,1065.0
0.07296935797320625,123.71501209925908,123.27191888558374,0.6157344950605126,678.0
0.8909122951362927,882.4815372628979,882.3456907754654,0.7655627580590687,5055.0
0.8755309508529601,977.8460518976332,977.3166932824134,0.4735821153601377,5106.0
0.4859493040059407,734.6538267065719,733.8050753823364,-0.1463223839722283,3503.0
0.17239770216531203,281.762146783815,281.2873991884797,-0.3652277173304916,1566.0
0.44701388134245035,637.5260052708536,633.2226806405561,0.45664477782178065,3352.0
0.43324747685895426,584.3304866536923,583.4841571133154,-0.30831958628854783,3207.0
0.9609189154637884,1018.417730244349,1015.2625095305791,0.7439012811982786,5338.0
0.49032529958046767,645.9580115917632,643.5722853656131,-0.017533178095816813,3598.0
0.7140013630724343,853.9643191048734,849.4884817117346,-0.33144940014555857,4490.0
0.5005270698278101,661.9893280008049,660.5503623947023,1.1380671263123248,3632.0
0.2602071377568034,407.51991666482405,406.60726603552814,0.4738036143251443,2174.0
0.5089082939736607,658.9540580337053,658.5910399120795,0.9576053498667608,3602.0
0.058885388107692394,139.379873136272,135.48672558716302,0.5191530750273639,548.0
0.9158013621854434,878.0766954682775,877.3526399340107,-0.3529438017549467,5231.0
0.9175943707580594,896.3770116444889,893.6969330373712,-0.10753487313128937,5233.0
0.8230395022305799,893.1902846368097,892.5212860362037,-0.21052639700151182,4975.0
0.11014579933859714,220.85999254407366,214.35629999195544,1.7692775333751878,969.0
0.13444068651746643,232.0010354368464,230.46015157656169,-0.6029664139274017,1251.0
0.02735972894610117,66.98682565979884,57.774674048343165,0.33021184473868803,285.0
0.9640135976546487,975.0673186105582,970.890828613382,-0.1803000213478174,5323.0
0.8149081868374045,951.6337009406149,945.3752383544961,-1.176129509902559,4846.0
0.7808881152451663,895.2977306344019,887.8619454576609,-2.1784759222653904,4838.0
0.7907786287612173,895.7979393542759,894.8996070691859,0.4647745716127514,4830.0
0.28252168166594716,379.2109202044812,378.9558728898107,0.2107329318763932,2288.0
0.6737365104053027,813.0428800420179,811.60848784666,-0.6154209712504888,4379.0
0.26453519665343583,446.94884888166865,444.1186680206414,0.9209422971413153,2228.0
0.1805025978839796,219.2727581354499,218.68140447685593,0.4896779776001764,1576.0
0.07214162039532857,149.31006143965877,149.1495718126279,0.5339906390071272,707.0
0.2164386944927159,373.06488661280275,371.2054996343631,-0.8781303940192475,1796.0
0.29647428925043373,397.08928027073154,395.1644912831801,-0.5570981958009952,2408.0
0.5074571866866471,710.1664670498828,708.320411084868,-0.021927982452342048,3648.0
0.1722843259485798,310.85822006294666,305.69507027234323,-0.46568163649887595,1550.0
0.31376253519921005,481.522079147604,474.39841221852225,2.5273076874607843,2445.0
0.6162914223464842,760.8142065385384,757.6607828163542,-0.9498686802724029,4177.0
0.13607087884392,269.6164598006025,268.30773474828567,1.185061266341756,1292.0
0.48326955892962586,599.6668533288716,596.3641112325413,-1.3132726151076242,3503.0
0.6535100152676468,812.3579453125586,812.0658021920599,0.42066251773016433,4329.0
0.3815375683502713,597.7535059218626,597.2206939122026,0.29341121845339463,2963.0
0.29660745967855395,411.2859620078356,410.2702058964192,-0.07340613986514131,2430.0
0.4910718786224023,612.8583214125541,609.4096976486272,-0.8345478492769172,3541.0
0.9446441751267027,1032.7753968561565,1031.6978815152472,-0.2576741850287297,5271.0
0.7207905089111961,829.2766981913247,827.7644704519718,1.6407918049890706,4610.0
0.7116064820658115,810.7859880011335,805.2017857293926,0.4795710192325174,4518.0
0.301012206248538,469.29779837805296,468.6764290118616,0.1195440294617526,2421.0
0.14818249839222142,252.67108164432474,251.5688689727526,-0.8002431529928332,1368.0
0.8993979822482692,982.6362959086938,982.0190740292534,-0.04777298234804332,5209.0
0.5675217588343469,658.2771770817751,658.2267931464581,0.4734106545215305,3927.0
0.2358907907807125,374.86087140044066,374.2898856681651,0.39608853036702035,2059.0
0.9742158992583634,994.3577867667609,992.5021189973476,-0.4507846357448709,5372.0
0.562765207754688,745.013503167948,739.2408453878758,2.420500588535277,3845.0
0.7413726163183006,950.416855336734,948.034768813694,0.405588514631851,4644.0
0.927852739406276,960.4414158626076,959.4709534957452,-0.04040321573190424,5174.0
0.04144381839509925,105.03201574544858,104.66043247385996,-0.07274374288281452,381.0
0.44779888314829297,589.1107148333169,587.886349656294,-0.6539565943286583,3321.0
0.7584248929722341,906.0243556750302,901.8553362140384,-1.6111456115626743,4733.0
0.6925707451715931,761.8863243195611,760.597529541052,0.5512904285358452,4441.0
0.5510852606148894,736.7776721495833,736.1819711228694,-0.3368497450110552,3833.0
0.686329390286026,839.6831030892521,839.02803052554,0.11295136190332149,4454.0
0.34616143347241934,536.3117437975,530.1075734642018,-0.459599206117233,2771.0
0.9338008571219406,1000.9309186489168,994.1007478377809,-1.920551083554086,5205.0
0.12837092165051323,233.30786315962953,230.60978408850983,0.5545621987277223,1203.0
0.7247215776646427,875.5997574833227,875.1512867492852,0.015289013723627874,4493.0
0.5089813124954102,641.0811486196541,638.291027986874,1.0663629432123296,3688.0
0.589459116142104,803.0087943308523,800.3223984725154,-0.24813809488636335,4069.0
0.7424555544539353,903.933591162797,902.5340288266259,0.33210467046515046,4631.0
0.42860094690854333,592.2221481867466,591.2839455480848,0.17866208725330412,3226.0
0.4011569951976429,528.669214030488,524.8461907480299,1.1620381812201672,3087.0
0.4592561462586663,563.5699938805144,560.5078772076323,-1.1353362307148396,3420.0
0.6826312017433647,815.822237715507,814.6269806830816,1.174391466085442,4432.0
0.35171102731331605,513.726282594749,510.5185534689358,-1.3225834184303322,2766.0
0.04596802177684922,66.04910722702012,65.74451971124779,0.48889802963690104,445.0
0.5430262445006724,750.7069730736224,750.6481309330089,0.49524659454174547,3789.0
0.7918616696464346,839.5068585034658,833.5930009988429,1.7110720892598448,4736.0
0.45860104441348615,678.27046887778,673.3447731495017,1.6615514807127434,3413.0
0.8882302174488959,916.2908955617668,915.2737867271773,0.25743289309164874,5159.0
0.2592516774032645,459.5609362960238,453.9539136499528,-1.7707131237380682,2214.0
0.3428392138018379,517.7197502072728,510.61183993302245,1.233145938936026,2685.0
0.3782052108647671,532.0003575162527,531.2718149243226,0.7960926920269017,2930.0
0.5964328319937756,815.2501094762184,810.3978040848868,0.2438441228402218,4023.0
0.18152523009909383,334.1886655453284,331.7479175745912,-0.22385971527368892,1607.0
0.49239883474488655,720.7153313419761,720.1713334711538,0.0722238516248339,3527.0
0.27440644975002215,447.5974859860888,445.488405406663,-0.10934160786521298,2251.0
0.48538072589913406,701.5333004688957,698.2094982964541,0.004171467768839827,3481.0
0.9283422709931269,964.9530462852681,963.4067734009631,-0.02643608075924166,5203.0
0.37036939140409897,529.2997186706692,526.7558075403323,-0.958243623323669,2887.0
0.6270634839344982,758.6783640284482,756.1876920776438,-1.0689655045500455,4198.0
0.9436926837960484,986.4011151634985,979.7764159394975,-0.3743727468993742,5343.0
0.04077668915368782,84.73973148434592,80.29817060299328,1.1579573042567641,378.0
0.9025597209082689,960.948875437696,960.6856649878746,0.6224192726409196,5223.0
0.09241290863738882,176.50580818483087,175.69388045951055,-0.7427662175704113,837.0
0.5129368531085998,680.7238444335228,678.4807140057815,0.6158219932662174,3714.0
0.5574514331058992,704.0897023208696,703.0254872678073,0.3275044053999273,3846.0
0.31320227578863113,467.2561154527832,463.0606370170197,-0.8162809746526328,2419.0
0.7800249227553078,833.2625117539051,823.8350152809062,-0.002766162402248355,4764.0
0.5754807472874848,746.9431429186312,745.239156122352,0.11916828605110696,3943.0
0.33372494963438804,478.9532527093872,477.2826223086092,-0.8951539997421217,2647.0
0.9444660339930645,900.539212120382,895.9002946337974,0.5522073198260518,5284.0
0.27003549183147524,420.2688700120233,417.2619066256964,-1.2696383660669972,2286.0
0.5609198132150487,711.3197892571462,707.1725222070189,0.23185268767874076,3961.0
0.2649339366129849,427.5926310931764,426.29203035963053,1.520810945030507,2207.0
0.6742138792875564,858.2459443655116,855.9876065475738,-0.043669111117786034,4456.0
0.20094431527562218,333.55083572302397,328.19981019602125,0.7628532122608153,1755.0
0.5363515030424848,643.2983043638278,642.0467377025689,0.8053050374641838,3780.0
0.1797433567029867,323.8503686280906,322.53450333674675,0.4061439428723898,1651.0
0.23737348177916617,417.3080904666773,415.7665765714546,0.7079004931571884,2096.0
0.784907045038289,898.3385375170677,895.6229857163374,-0.012747328460843473,4861.0
0.19731574251950046,337.54175828129195,337.04719972487624,0.029909945599896827,1698.0
0.31712667514146375,536.255572278837,530.9409746913504,-0.7992100064299946,2613.0
0.39267457641517656,580.8783608008879,574.1340165722327,2.2352880121236947,3052.0
0.7606420245467411,821.47654700177,812.947895084637,-1.4462672648327144,4700.0
0.840126977120421,927.4562392181133,926.8142026133222,0.8045775422609242,4933.0
0.07214355844743847,139.34797527520954,136.92393339937306,0.31913496550366643,704.0
0.1817971999107263,290.24332455767706,285.0363467135777,0.21412209061487478,1570.0
0.8091139813395362,920.5061289758297,917.0850954308304,-0.29429950846707176,4815.0
0.9552815900905468,1001.5187112701276,995.1938261611886,1.165023094395666,5396.0
0.929473462547736,848.0214892749129,845.9750308535292,0.6593120158612302,5284.0
0.6962519637362219,838.6731692341409,832.8676200027172,2.0517890336766444,4485.0
0.21975332328368424,334.6543105105506,332.0551769353528,0.027488672906944966,1946.0
0.5982452452223838,727.0039281848273,721.7579082250952,-1.233309364780882,4085.0
0.6145263100743121,699.3548716467582,697.6904529067252,-0.5510886119363971,4096.0
0.9711656106326442,864.4346245111932,860.9397017733111,-1.0930346844223027,5323.0
0.44434769235878924,699.6331650423658,696.8004045693718,-0.48440414177426333,3350.0
0.7021431721674619,785.019120839262,784.265876951023,0.5789670963350244,4478.0
0.22136528185323556,336.580827800308,334.5099668898118,-1.3518146732756007,1946.0
0.007966702132665482,26.11172161172161,22.77941125360582,0.05711217039462693,96.0
0.6118248176181615,784.0696549495502,782.8206081970903,-0.5057559157247984,4173.0
0.5541410726929004,668.7545698884265,667.8425515771531,0.3597162168899521,3923.0
0.12714751232597032,233.93002987836348,231.37506927092065,-0.027689768197351066,1156.0
0.6883476830923686,783.0028703690793,779.9286131127838,0.09645846986540269,4406.0
0.12617326942777185,248.72878031380807,243.40787759826597,0.23593048224352275,1167.0
0.5141537739672576,686.2345832374193,681.2841197222693,0.4628118218434126,3706.0
0.17704175862247917,312.25652681356587,309.5650963294629,-1.0131221846119178,1621.0
0.740295742285996,867.4122469061606,866.5645878391063,0.2874014305302088,4658.0
0.46171445139942313,712.9667267493361,711.0136333807466,0.38821160701540436,3423.0
0.4863446964765161,649.5307869812663,648.2530347785174,0.5212634527895806,3445.0
0.7789125588254027,943.0095924200486,935.8562858673713,-1.141306471961421,4787.0
0.995407543637969,1095.4878747578284,1089.19704466696,0.3464907363854387,5412.0
0.6755907861655128,810.4602398590001,809.5403603386133,0.3524574631416991,4371.0
0.7541104562937992,958.466362786758,956.3800240027883,0.30102980127795226,4734.0
0.5351865895367199,748.7196864446463,746.9931130747609,1.6658672213656494,3761.0
0.9218749786655966,1035.253031105813,1034.857146859144,0.6547461947301331,5329.0
0.33732494370438226,529.2870691441323,524.7410536685856,-0.9333828844766666,2620.0
0.7151151451576967,835.7764992770756,828.583466048104,0.8742064645715362,4625.0
0.3268955761604012,461.080872335909,460.4839403926822,0.7016677356913144,2614.0
0.17388462268718763,243.75410058820987,241.44462981147123,0.38341966702118485,1537.0
0.2933238052123105,475.5556591153114,474.76658118870597,0.06314893173383798,2470.0
0.042439565770217014,71.97028942160601,69.67250983564598,-0.7220727137225302,399.0
0.0027180608896179015,,,,31.0
0.678673815906816,795.1315659119481,792.7093486224265,0.5576852722253772,4398.0
0.07105100665714859,133.53318984026956,131.33874207548396,1.1808474453308782,732.0
0.013277198818735791,,,,122.0
0.6343835343162302,854.2105868752473,849.7116027075397,-1.523657628127732,4155.0
0.7332647942645789,817.0128351781838,805.3909383726142,-2.1290488692581047,4591.0
0.12108887181361438,211.73736882131766,211.06441520069342,0.7506134517185541,1113.0
0.8484331396629985,935.9939447644384,934.7717835323022,0.482626075080932,4961.0
0.15938041350771115,256.49711248886666,255.73040476450586,0.7012922214344163,1419.0
0.4807555089136334,565.6075119238145,563.1914459155714,-0.14309408288604164,3482.0
0.4818768641248685,575.7080720541109,573.1561355259691,0.9113086591221914,3566.0
0.9855854539463709,1055.2796190336933,1051.286677178337,0.4785789152021986,5366.0
0.1561247370639669,270.3922129387299,267.5297564229732,-0.5068712318872479,1412.0
0.060810288923740186,114.43793030109683,113.17773586112088,-0.6838787207658252,603.0
0.12938650031853927,213.74814140953347,205.8136614453062,-0.9132632742637432,1173.0
0.8693369161348995,1017.98985050457,1015.3078544902615,1.8167307608606562,5037.0
0.3855616025236801,530.184069063282,528.2687617829542,0.704076089885756,3009.0
0.5345710311648679,674.2732800644158,671.8936368005178,-1.0611021051072729,3764.0
0.8608302698845065,904.7247148950969,903.2060558388529,0.4706179639307391,5106.0
0.02204264411544532,34.91978274681852,34.430404124941056,0.6626732240254908,201.0
0.7573876732565941,870.7386307558443,869.9783621791149,-0.3613454694694462,4666.0
0.24342660192007626,426.73420014938995,424.05774087156556,-1.5140731937737093,2060.0
0.3100281766347055,447.9749020369902,446.23376250766455,-0.4519914744656618,2516.0
0.39633900470290107,625.2449244122561,622.7670623199949,0.768883531670696,3086.0
0.21927211121411916,284.0572229472159,283.45163932471553,0.4626475087070655,1860.0
0.6064001501255354,794.882941147789,792.6047004389106,-0.17178637489636064,4099.0
0.7041644607440563,890.7629340939427,889.0839744095057,-0.3548813443497214,4528.0
0.6649649091310996,802.2464102624315,795.8391010390616,-0.1932131392294154,4404.0
0.2810294676453877,443.83845081171944,439.8156212700069,-0.386214011086532,2362.0
0.9857969748284724,987.7106405061618,984.9986647283124,-0.6158528115798994,5385.0
0.4505428177871357,561.326622967548,558.5316393328307,1.685646529347541,3411.0
0.9755679539396931,987.8810490311062,986.9169886098753,0.34373312464348915,5330.0
0.9915339593880799,947.4087660852892,946.7449653604577,0.6808904192461319,5489.0
0.6944049280993956,863.6755724731433,852.647387050427,-2.8387621509924124,4435.0
0.28954928194176643,461.60326010855084,460.81513592473226,1.140029396935473,2384.0
0.9039919741507093,847.012149601212,845.369941643008,0.9280893628107126,5127.0
0.7562461019346246,923.5073914259107,922.1345836116792,1.5740099862915713,4715.0
0.3803497403818714,559.187180884955,554.2912671293577,-0.25481399175926983,2995.0
0.07106856935278061,131.74317967271745,125.43669338297455,-1.234776722196017,678.0
0.27546108375869605,437.07434100235093,436.01330841740355,1.4797115020710916,2355.0
0.9094568470344897,903.1920078860165,900.7093086801663,-0.22498796905671745,5115.0
0.117155370008584,192.14984438596161,185.1740018954635,-1.464230308403635,1073.0
0.3724028453505951,522.1174912607746,520.0456744183616,0.29740950845863035,2853.0
0.23616158472040183,377.7049756412468,376.2812071617706,0.8867939959355567,2037.0
0.7231397942589812,855.5485877643905,854.3568571556036,1.3496649204357907,4548.0
0.8796392458589999,936.3508718987397,930.0957370173388,0.6495297127758879,5130.0
0.26123887021313186,462.73323408264514,461.59475602810835,0.45610127971571085,2368.0
0.11676911929810507,210.15884615258275,208.23638438513086,0.2831071738748378,1097.0
0.21330839536825907,307.71816539226324,305.5309413283179,0.4067847435111978,1847.0
0.4770925682996945,614.0499517808006,611.352000230011,1.5254444797131193,3535.0
0.4671517685921106,690.3319782077191,686.7311245200284,0.417429286747296,3416.0
0.38453598931907096,617.1393877452176,615.4864783606498,-0.8090146879937651,2948.0
0.2768045359509903,459.61536018521457,458.62591709182027,-0.4372644466610739,2274.0
0.2663353787424223,403.945203056233,399.57098093242274,-1.9544865325792906,2211.0
0.4909366977140418,768.57068791258,757.1466607197258,-2.425625818026,3609.0
0.7843941253067018,895.2793969399727,894.6395960332243,0.09019976249646997,4839.0
0.5328034055006556,677.4585310148308,671.7500791285255,0.2614223618169521,3775.0
0.2896207672190698,459.12862519278366,457.78851143206634,0.4999868937281433,2358.0
0.2210556614972583,418.8502670565547,415.36731809971934,-0.013098399165182774,1987.0
0.158581192221104,326.0844190416231,323.8922478602692,1.7343809147418803,1423.0
0.4782919994929741,759.6799146569307,758.2428164083032,0.8015643563280636,3531.0
0.11411746933666012,186.8116586011359,179.5895311683988,-2.2804590127134508,1117.0
0.8246885947739248,972.5048393805648,968.6688944683683,-0.9531248151834667,4977.0
0.9640695659300966,981.379495679619,980.7882075320327,0.30283760136454047,5316.0
0.09307562992587215,179.60141869527254,179.0779491768538,0.42925036015856183,878.0
0.7058524237352186,870.3102778315053,866.7814523141166,2.2545321241235428,4504.0
0.014948710240012542,49.02684452802101,46.26712944255807,-0.8204617967278444,142.0
0.44312965826010864,620.8631523131393,619.7415231882039,0.9891325434174784,3277.0
0.6405976580565786,816.4192975390201,815.4493648990017,0.6057945699897106,4307.0
0.31052063970544197,450.7646442089556,450.02810505681435,0.14331325042455248,2503.0
0.7380493661223456,891.7480671628183,889.682346337323,0.721083250128621,4640.0
0.20267025387100746,356.72668678797356,356.02740236950996,0.5431517495551986,1747.0
0.9373390177852966,1097.0636444775846,1091.0908708311952,-0.54625396537074,5296.0
0.04086460052913232,69.54164962696878,64.93601968838283,-0.5626353829165276,377.0
0.8006575745329321,830.3597863975702,827.9355198979786,-0.9076710244562589,4874.0
0.26690653892781846,432.30500549028227,429.62827422807806,1.540058612912691,2257.0
0.09731540442983755,171.55723311607267,171.41224819364865,0.3964508417733561,936.0
0.989540409312587,1001.8579647710119,999.5586839012947,-0.07498272335597406,5417.0
0.1766317238991726,297.1987089569951,295.562760803658,-0.9125208684872541,1570.0
0.08104381484739231,206.64977225010298,197.24106778072422,-0.049651405638695675,765.0
0.3422399879728458,531.3240952614882,529.6454516925152,-0.43285985194601206,2822.0
0.295775869254049,466.3904339970124,463.86394781524723,-0.5488067505509877,2483.0
0.731737213362531,866.5852945331216,852.6588831182506,-1.4473549370322116,4599.0
0.2663453332010075,431.85244711483637,430.1877033322799,0.9077384682682766,2159.0
0.5712148211576855,622.0485945518452,621.7097775566239,0.5645023082373666,3885.0
0.24510572312073187,338.4528661795662,337.0485822099904,-0.013836701995733405,2063.0
0.4721648535865246,676.1627289088816,671.0227562350437,-1.3588509188925944,3531.0
0.42120805799036476,621.3627079785231,617.1049847777117,-0.4415657597101867,3119.0
0.6988054346862259,890.9001303024163,889.696838414878,0.44438323381665534,4528.0
0.11453171401090179,215.4531125780884,213.2615364673519,0.9830535080759623,1071.0
0.487312529287276,702.7492144534388,700.7186758545504,0.7470573408450563,3516.0
0.3164888563136443,459.9970082674786,452.20527852908515,-1.945358580689692,2526.0
0.6452458511454559,810.147753226524,806.0025773965795,1.4629025446818842,4349.0
0.27277823073378227,417.7345008337997,415.7405127399754,-0.9321776009699437,2280.0
0.2941103140785395,451.89725157409555,451.09640448699145,0.78134186220158,2401.0
0.6392705863771986,809.4424973229172,805.4892253500319,-0.7851939704172732,4255.0
0.17182415003174756,245.1449576810102,243.436392536656,-0.07926538889152852,1497.0
0.4578498227051946,697.2154418576258,695.9773548721623,-0.3323281058200417,3456.0
0.8129010076120543,881.5660050848098,880.1659453230055,-0.6614642732742156,4911.0
0.17200841964083058,293.9576797933482,293.5173690943882,-0.11744711570267495,1519.0
0.8151153879648445,930.2975212711987,927.8214895735351,0.31897646385943795,4897.0
0.9205844130678306,961.0912956016524,958.5895380727442,1.3556245064786647,5211.0
0.157498825808563,317.3840286797133,317.12427979757564,0.7482785783345623,1422.0
0.41843596054209364,699.8005816206951,698.8773956515262,-0.5654761647952598,3193.0
0.8884926843711265,891.6272218754184,888.3115954377693,-1.2245022131854646,5221.0
0.8360780137881886,807.4294943320353,806.9512738715491,0.2457813630322051,5008.0
0.15984060118316734,265.18530950500616,261.9345277756435,-1.5004386753547996,1430.0
0.28497772372554664,448.3402449759903,445.7243957265539,0.12080515364380356,2323.0
0.034488891497928775,45.428194354664946,43.905014028292044,0.17642130911069157,310.0
0.40083239773123636,597.4260472190351,596.3921964788191,1.5385784735822676,3000.0
0.6041097763131305,802.6301288380254,802.0997285698179,0.20002511866273015,4143.0
0.30104034532508384,410.28544683827613,410.0776107449331,0.0690289427617916,2407.0
0.821459402430486,901.7806035532712,899.0595169932294,0.7179146934416101,4888.0
0.7962236454920967,891.4632329538376,889.0420072054874,-0.9648514894982445,4835.0
0.3991109731943304,561.5440126510053,558.4008341903861,1.5349570542604358,3037.0
0.7086918748934393,784.2019959166166,783.7948569961858,0.0812085496891155,4581.0
0.0328836623089922,100.7212518524676,100.02183919972973,-0.04869991857462135,352.0
0.8658410771158184,971.3952544521759,970.9062935775129,0.2621094041568135,5115.0
0.8223494744012735,881.8792004832179,881.2653380133353,1.3620827356468694,4890.0
0.5907270536100763,813.5301233460674,811.586184031348,2.011525858786232,4050.0
0.8975495152224741,1024.2173254696233,1020.0957408004782,1.2562975380096353,5166.0
0.2189487017153764,360.92738016860693,354.7463586624849,2.47381153040688,1912.0
0.8060634944799938,939.0835020691381,936.8827441146555,-0.3551155198603767,4898.0
0.3977202789066042,578.4974503394951,577.7299947910816,0.7170572300658559,3095.0
0.1851129968831604,394.2464471173449,389.9611065451168,-0.5742592960829654,1654.0
0.03445187137639538,55.86506371120508,45.37210433358981,3.1202725208071516,357.0
0.130898864025494,230.6954752598869,226.13208310601496,0.625582440041119,1180.0
0.5217479899208487,725.267581228859,717.7604126982068,-1.5446615500453051,3777.0
0.09446162600696661,171.08670854902027,168.54613504447383,1.337040326242281,865.0
0.5991748642038326,723.9225953453664,723.7934035017283,0.241788643450394,4108.0
0.6124759370293366,714.0564481782685,713.4404124010169,0.9662975513465661,4107.0
0.43563737431069527,605.2643604118111,599.8917317375311,-1.8772441098943593,3295.0
0.31962185881252747,513.4459700682416,510.10070383103715,-0.7488096659803019,2602.0
0.8247567008104477,946.9164918497129,942.8911449424468,-1.4331105222194198,4915.0
0.17431465962683979,354.5176545956114,346.635245001176,-2.1077770628324433,1621.0
0.8864759080816506,913.965681620884,909.8593380072301,-0.18845806030232795,5023.0
0.568507557234381,677.6285897048164,676.2731408460596,-0.5916911867794022,3996.0
0.40342607421457366,629.2174408763126,620.7967294497838,-1.8630098711560101,3150.0
0.4117109540611156,625.0349489497038,620.6802635108279,-1.7594354638920413,3101.0
0.5404646812578764,715.7088506538685,712.7651005556448,0.5645866013588866,3881.0
0.502463102926238,635.574772882203,633.1693147746313,0.06250659491743446,3663.0
0.2285244594206376,366.11475165252,362.53372239274586,0.8653994271996996,1978.0
0.9122986667880958,906.2633115062308,902.3871405165959,-0.010632375926422112,5305.0
0.8510172395816306,952.1431188769373,950.7260087419456,-0.6566050085279208,5099.0
0.5808086756511446,812.2065501431207,810.7656140142826,0.7871389440384481,4032.0
0.5718140966070381,625.466877907338,622.4453494130646,0.20020781814831798,3931.0
0.6007085600809221,805.461524615639,801.9819062876114,-0.9238909671192638,4133.0
0.10929493139918045,195.84218422722623,195.2094048548893,0.22473332227645187,1043.0
0.17281041822462517,299.7895125733703,296.2375461658307,-1.193862495403612,1519.0
0.5257864368457001,768.8908804267954,767.2358535553235,0.5791719862568214,3742.0
0.9086443230645299,956.426631885253,955.2472035276793,-0.23736599106410544,5281.0
0.7926461173073396,854.1808231530597,853.3811900399088,1.2065486145665871,4778.0
0.6361029519284629,742.8262279204273,741.3984367433608,0.7916856246329571,4241.0
0.7550671306547642,926.7314462976447,922.0829968511978,1.8712998829151584,4657.0
0.13613944307847836,240.6329011855872,239.37263877253636,1.0321865169507496,1300.0
0.25659654805208765,388.1369588727438,383.444240595662,0.08421207314721936,2099.0
0.07995288340854778,170.32536004890395,166.49113348235215,-0.7241575349743073,755.0
0.17166314629934398,245.81507715936755,241.51880082454187,0.26040646277427926,1448.0
0.27158078487661685,371.2122121918954,367.9311999302124,1.4554247827349966,2240.0
0.8704990801060989,936.5710762268652,935.3019084193604,0.297531957761632,5139.0
0.9925527811401028,902.277538982779,899.3080025847413,0.34642638260399394,5458.0
0.37747240255656334,534.638817630256,533.578079511407,-0.3795217277751767,2935.0
0.31318689879526096,552.875991317699,549.1667788406705,0.254512927845624,2565.0
0.8695065836652667,902.0154939540253,898.7991449887415,-1.0494212040309012,5177.0
0.22247666785099884,347.9397524902526,347.0645385925917,0.4533098099732611,1834.0
0.8411867311366761,861.5957422925657,852.3218475928679,2.328042252268938,5085.0
0.7080349086612506,831.4036827624359,830.1002374517112,-0.18847923300444983,4565.0
0.7034805923467243,871.2597041666442,865.7238891376627,-0.9799874896319228,4549.0
0.6778018481848559,890.2980644795028,890.1908604703767,0.4490350482215414,4421.0
0.8863303005139194,956.7926152631696,955.9134588783028,-0.40048948114572774,5160.0
0.2992837761315187,433.30543912466067,430.2601397565132,1.0899445222671724,2466.0
0.9806310765494564,978.3805829634354,975.5447294560116,0.2901591116926202,5402.0
0.5053977281270853,656.8783587798139,656.1234847905621,0.2916784271464745,3582.0
0.2826380471265738,406.1528280149767,403.29895729884527,-0.9381239759405166,2285.0
0.5747922946566426,747.629766724415,745.9882993524157,1.2847063373233185,3898.0
0.7673959257673911,808.5289112543032,805.3349805288693,-0.06409665256094849,4661.0
0.1844842740683923,289.2225605978215,284.98453362004557,1.6482256866049045,1680.0
0.5088731605945922,591.0682903275397,588.8839147795154,-0.8924055277430517,3619.0
0.21571986273066368,330.3016660282823,326.6867179008548,-0.06946090574995051,1826.0
0.43566785169441913,639.2096447573301,638.961518128341,0.5200748410616237,3304.0
0.3950860825612933,579.3449389941524,577.4151250419937,0.20779782949667872,3020.0
0.8886122592913027,873.7610597341514,873.4953913506358,0.5186901993570459,5130.0
0.8274473153672078,944.3610903626561,942.5297340207611,0.38826417360083565,4970.0
0.39779680753780156,590.9778513480629,589.9735794665067,0.6227129744128624,3095.0
0.9447237281970585,956.0509418076973,955.784212689107,0.9591615989316914,5374.0
0.8937605335795672,882.687055107278,878.5400980395488,1.439657466332841,5184.0
0.31250161354028394,485.7008530499919,485.2199269942482,0.8401294725258934,2464.0
0.3915780504739994,490.9130289151993,489.18620753586134,0.31191619375998914,2959.0
0.43988224547080523,605.1137551813541,604.2009631111026,0.28051342046747424,3211.0
0.08424876263691805,143.0802950594225,136.57994770045283,-0.8393747088573156,776.0
0.5016305141595971,679.9836039789752,676.3139329974949,1.3819152626780342,3722.0
0.14515263116126353,263.67410429909285,263.5378674248874,0.4330479760747434,1266.0
0.38024793868258433,602.3249495359548,599.7968635585981,-1.5776228379234793,3026.0
0.7942018580650388,947.1134964383623,936.3797679360762,-2.1433667311690385,4760.0
0.99755297349105,1129.6061765489674,1127.4809492181762,-0.6718829798390374,5403.0
0.4146155194298028,647.3223643661464,645.0518237502617,-0.16183164161975017,3228.0
0.08701769181949137,144.1751410586694,141.9987397610792,-0.23199673535543197,839.0
0.6591017175043737,848.5802830313578,845.215803698444,-0.5568362642919239,4302.0
0.5939697057669638,751.4500535934968,748.0300279873649,-0.7165618828896565,3972.0
0.4291311432781122,565.8715230136193,561.4856405448099,-1.3324401819748162,3221.0
0.05400805509921058,117.11378812023479,116.32751798999509,1.0351639638032952,505.0
0.27744091084020195,425.7885798746133,422.07742010172774,0.20931439799268026,2346.0
0.22649664931588986,358.1553001817104,356.5817006543114,-0.8252169850656815,1917.0
0.45866916807280245,611.2510826826393,609.938917919215,-0.5314469554930239,3410.0
0.5466466384161905,719.9630876930388,716.8867011874017,-0.07399290425357606,3869.0
0.8439507598405467,773.6228814977463,773.3013307504368,0.5250952654395549,4933.0
0.8264346880635295,997.4985304585812,993.3050789411068,-0.67252403642578,4982.0
0.29835905048723876,531.3453489614847,528.6481280742591,0.7720480850700617,2572.0
0.1297521688540254,178.67962826539207,176.02232046814066,-0.8294957100421474,1174.0
0.5504679585009835,699.8377269821591,694.9822717846474,0.3967997778838863,3854.0
0.7573654918064701,931.2368687034686,924.9176101579343,-1.0372306512916623,4751.0
0.8339532473809045,931.6347055907373,925.3757472341354,-0.2646119224112975,4951.0
0.8828800764333239,864.1208603483046,859.4624850069221,1.3213371801865486,5194.0
0.08657007834946706,148.02536722497797,147.65225838795436,0.2582995289635844,836.0
0.20259057433278682,383.38794611046717,379.82080265035853,-0.37976594579696044,1743.0
0.8725571489203636,956.7111202478131,953.3460405338689,-0.039497630558757484,5074.0
0.6426075971317228,803.9063959859832,797.1128740699554,-1.40308021962312,4237.0
0.7704902738935328,832.7800249060555,830.034449313365,0.6211626040125741,4746.0
0.1519373889538751,243.72266042415296,241.45568290436478,0.8425853549857986,1395.0
0.0817945691963834,148.38782336052185,146.3568716188757,-1.2665825455105844,823.0
0.7148154718735366,896.9865641713092,896.4231969279541,1.0671419251275502,4544.0
0.4177875433360737,623.0125127270272,617.101679966986,2.265872145885863,3180.0
0.6327323759101633,766.2450061668122,765.4186766112481,0.40561698065625146,4203.0
0.937812997473923,922.2291139653393,919.1402433605189,-1.2636302903120995,5247.0
0.46718917210524136,672.056984939745,669.14770994989,-0.6755836642884798,3468.0
0.9830909014677732,1063.3157090461868,1062.2536729988972,0.31690371935600326,5370.0
0.9045771868351588,927.0441026726883,922.1433076064116,-0.09437103364408479,5232.0
0.39639492594973436,534.7700286149583,532.4057013034517,-1.1041037680468793,3025.0
0.7896085553006826,842.9303959470099,835.4651660160697,-1.8876747887986374,4784.0
0.010195324868442768,20.749084249084248,20.688034129033166,0.13221551103675644,103.0
0.08161131756763129,155.74272111485564,153.79442819658644,-0.02770692592601448,749.0
0.9975480394037567,983.2001609639443,969.8207548127585,3.8862877983603554,5395.0
0.7150380731322,861.4889148381773,857.6536919024413,-0.5058780569249232,4610.0
0.32016551202602384,489.1023076895428,485.62280462488735,-1.4595086051664004,2584.0
0.5092794834852417,701.8576804185184,698.0885754757951,-1.4719894003470946,3617.0
0.6878904214686663,848.7183744844731,847.5393823896607,0.41528587359381225,4344.0
0.7694792442550709,798.1578445733281,794.7263882039508,-0.6050220889469906,4799.0
0.9373879320192685,888.8575990419844,887.6717688932993,0.2001873294865551,5326.0
0.5185121878774411,723.1897488658107,708.0692574027613,-2.1920557141745944,3650.0
0.09249268694646495,158.7423971087916,156.27285109150458,-0.4536852369886846,854.0
0.5485297480171119,704.0277485471674,701.0815327511608,-0.6684620673925917,3863.0
0.6066780574233129,754.9397863490369,751.5183798488125,-0.8001155185770439,4033.0
0.2664213700560205,433.61763287708396,431.67759505327865,1.2647104752167146,2223.0
0.002774648278296876,,,,33.0
0.2578999840444477,427.4108222841844,423.8952846146623,-1.842495681539384,2169.0
0.09815200273698876,180.0515257999188,179.0713703528001,-0.24328423733889437,917.0
0.6365525409957419,873.107041452087,867.5237181657104,1.0776082105483762,4230.0
0.36229727113301124,606.9372892125084,604.4988519553029,0.026144870402930676,2857.0
0.053566088628427155,91.5077084807716,89.19143383667964,-1.0650091366848526,558.0
0.6876041691849436,822.035299735863,820.6731395744595,-0.39176080893434234,4444.0
0.0328197624923503,58.88998613023381,56.08724704085529,-0.021362843293751387,361.0
0.4061253015362609,527.4751667070016,526.9221297481419,-0.1819010767774422,3217.0
0.10601726363627484,190.5287596297753,189.51757741203144,-0.7566008518606606,971.0
0.6881151586173904,861.1459404992416,856.2910089850941,-0.6413121908837799,4427.0
0.5133385065747685,737.891201984331,735.8978172236099,-0.3006957492657266,3669.0
0.5711431604183743,797.669478561846,795.3134405174036,-0.4360103723293506,3968.0
0.7484298799538338,972.3154584435308,970.1722004736939,-0.6952013167494497,4752.0
0.6975934277970689,823.1271870672924,821.8692573350967,0.13853124120103472,4518.0
0.44957179365468847,594.9062417252828,592.7463897691574,0.4838045570510947,3314.0
0.9756344970407095,967.0600103376522,961.2946780251173,-1.5653575195552805,5417.0
0.4969389732129371,739.5483567859822,735.2651458141804,-0.7728534954387923,3573.0
0.6374589223254881,802.0562788336063,800.9031714731805,-0.09450317382005295,4255.0
0.7868734114380294,858.8641269386483,852.9245095219286,-1.6155199498480084,4748.0
0.7291770600957002,885.0996080963231,884.3671202018166,0.6536550465821614,4609.0
0.5576939134748718,737.4449865771578,735.3642604332983,1.823589279868749,3851.0
0.7618513617002446,929.0207745332119,924.8853859885369,-1.4895478472049062,4772.0
0.5812302088912936,813.3405441850288,798.2414917142154,-0.08593202582653155,4090.0
0.798499781074442,862.5593423383142,862.0564452806432,0.8526226969154869,4776.0
0.190377665963417,332.6342693298022,332.2533571248733,0.14996459875698706,1656.0
0.6089539422042428,705.293805300772,704.7491287718493,1.1787166852957305,4027.0
0.7208836941993116,781.6891396079106,781.2874746836051,0.9911711556813719,4489.0
0.2607815701193297,418.4887966216815,417.3693638366167,1.0984144115455505,2202.0
0.8975831163248948,1014.6971927069706,1013.4279179472015,-0.14180933627068132,5250.0
0.43938259111888334,552.4348711006378,550.3938388153873,-1.0300151915181697,3298.0
0.734401448152622,907.6982297162328,907.1226583284039,-0.30915050858014437,4615.0
0.6240980285344458,731.2873678048113,727.2269827921274,-0.9216448070567348,4113.0
0.8192247801405851,916.4625506215425,915.7965007461497,-0.11605431614838531,4966.0
0.676096293275733,821.4316300447314,819.2535144953375,-0.46489210040110596,4428.0
0.9689135409819752,1033.4310379559638,1025.3554197341289,-1.5395302614039914,5312.0
0.5841770655071341,768.8283037783926,768.0000143452214,0.6257530232241977,4007.0
0.06466476258470566,126.50283875259622,121.41610774901324,-1.9989599900571902,583.0
0.21090170041598344,327.49581397779957,322.51251176137845,0.7495899930473114,1815.0
0.7741417874913741,941.7284635813414,940.6393013941505,1.575216234509638,4779.0
0.3880879193889417,561.4195949818715,560.1140728623434,1.5473822955806056,3017.0
0.10363659679289039,175.45749533277566,174.6530919634116,-0.4736590598912415,917.0
0.5543013812649058,809.8037275911129,806.9441129766127,-0.16708972938257144,3896.0
0.2959068672797964,427.4752134430904,426.13069903140456,1.3676350292203294,2535.0
0.4467066966412818,582.0309208869319,579.9538463232057,1.1640409234572233,3308.0
0.9593578300643942,1015.7405184471371,1011.6143818536212,0.2634705233600143,5310.0
0.6397959753193416,746.1240457103195,739.0902468064584,-0.35611407945613804,4228.0
0.711521858544031,788.2326247310976,785.7737613757731,2.172163238501032,4464.0
0.29980917035412347,472.3360374398147,471.0620467557498,-0.503229345233862,2500.0
0.5012587063850085,705.2709751272882,700.4832884684674,2.105638653393727,3638.0
0.9413322868724804,865.8602227515837,864.27942387544,0.2624212430380024,5247.0
0.5484651239572641,726.9340291417834,726.5439391771931,0.2912647117275692,3862.0
0.48124777098642046,644.6665973543247,637.9776223471383,-1.812751561204013,3541.0
0.7009402877256783,759.3353727954916,757.7094154082912,-0.2677965118690977,4437.0
0.43599301934345147,571.7598163795014,563.6561657985952,-0.990128004107279,3217.0
0.7069336352989692,904.7699664686328,898.6541456594605,-1.5697700779270198,4435.0
0.3465253395439043,560.91473781767,560.8517194904421,0.39602436192377033,2743.0
0.0900785017350001,187.1966947278407,185.04022796430866,1.0252985616835215,896.0
0.12579710703438718,223.9929279531872,221.840970118193,-0.28295236171237376,1132.0
0.2607738987074323,456.7173941069457,453.59990274126585,-0.36757921399118537,2250.0
0.5203217869622521,689.9570275623889,685.1463546177765,0.2269960341866706,3717.0
0.4976235054640997,679.4939911786653,677.610757647876,-0.8754573456009307,3665.0
0.6232538974997817,847.3708642842296,846.709578413464,-0.3889832635925658,4136.0
0.5991433932553594,705.6003020054145,701.1279528953824,0.2111357535883458,4067.0
0.4043245642454748,610.7455012484282,610.5636788863729,0.8320999397785822,3134.0
0.31560956558625264,481.94087482905564,481.0547296293478,1.0692267267502575,2572.0
0.45844401133175094,609.5837065950845,608.5407870548916,0.7634552686936273,3362.0
0.8088853098502882,925.3226977500735,920.1131610696235,1.6493279405152579,4850.0
0.5093347174457193,713.3146727407338,708.012744633225,-1.5528265122653997,3602.0
0.5016440167893088,657.1185730448755,654.8097136219288,0.4543435318089826,3612.0
0.2157366761295636,371.75959756084274,370.79620613354666,-0.6961663045022333,1907.0
0.01981755899493809,41.23693779904306,29.72529914218586,0.4957272767321989,201.0
0.9629055164990924,915.2282086141229,910.7014818779816,-1.1962068621111848,5339.0
0.14657818182381188,244.5173695442847,243.0435715585223,1.1759210618240563,1363.0
0.8536136511531173,988.0594454114897,983.5684785927411,0.057869389331831514,4963.0
0.12031691736549166,220.42622309820425,216.33375051665914,-1.22597111407068,1107.0
0.5703866010380751,694.8349648652414,692.915804408631,-1.0844418025586835,3919.0
0.6306866069082608,817.5623275048694,816.9621714940199,0.06518725878666913,4288.0
0.9653835688147598,917.6410845006336,914.6697536280928,-0.4876383187078545,5309.0
0.3565193815092571,477.3041085500109,476.12459426456076,-0.8575677123712447,2750.0
0.5099888351492518,647.3934581901337,646.4093959375384,-0.4628044493670554,3622.0
0.28592097941666517,377.3514728047522,377.1253141918397,0.18646788696870548,2347.0
0.4717521194447878,615.6444477426252,610.1543143952229,-1.1161862532604068,3420.0
0.2592294363962272,445.6017617622655,444.9618889333848,0.7663172932743084,2218.0
0.45035229059803017,637.8711068298163,636.81779572458,-0.28291145804017725,3353.0
0.7409957240238333,947.8533279952089,945.4510236458743,1.125257694565085,4726.0
0.298287852867525,414.04770569384806,403.8452130659941,-2.5960867249300894,2457.0
0.4553840765499485,603.0321667111314,599.9616574703869,1.8037455049186426,3424.0
0.20505936613632403,315.76958535583543,311.1065632707825,-1.5773119588309785,1820.0
0.17210422481312926,293.1537391341255,287.89776958532866,-1.82625456889318,1529.0
0.9895858677072688,977.6971367562163,974.5879178169512,0.4397414163134185,5373.0
0.137505256976151,258.32808097831355,256.5642106486096,0.6956453790513372,1259.0
0.5737226310256679,773.5112004060389,768.82025747625,0.26037756670451867,4029.0
0.30660895356805895,452.50915112643565,447.48429709579216,1.9428677185705538,2497.0
0.11220900388273569,189.5193893619417,188.51168987616884,0.6905963882653524,1093.0
0.7390479047450393,900.6116723155716,898.3532832212667,-0.9773945773623687,4697.0
0.91603294468784,916.5584128115663,915.153228153469,1.5974132530611063,5121.0
0.7558519857724916,900.5970856014421,899.0037763342948,-0.567821298903393,4780.0
0.009206131147395102,23.3287784679089,20.955253538748376,-0.7609936184959553,84.0
0.34570210234231336,532.5603162578002,530.598858294199,-0.8932293924216937,2721.0
0.10923592203844068,185.04815655750497,180.56283655836555,-1.0649919062427295,1045.0
0.9061273946716042,987.4306504521558,986.4479360601773,0.3148038898109201,5160.0
0.47723998289192404,671.3923059718308,670.5102814050349,0.1467124427514956,3498.0
0.39541861478910856,605.5959413622104,603.5285756062359,0.4906047051816538,3010.0
0.4917220405974877,668.4117744413433,665.9495262259501,-1.1437741110563648,3528.0
0.7812394930809611,841.8124299183794,838.5222787890875,-1.441181424023993,4752.0
0.6638756839139743,819.9807651620391,818.6963501721572,-0.1652058339304135,4402.0
0.12023508439848107,231.28369964981087,230.12834567072136,-0.7645314151249275,1162.0
0.3643295157752906,529.3202591692184,525.210272063565,-0.01683357291698878,2813.0
0.2436614448320753,349.425346990785,348.75964595130904,-0.1770841473596108,2057.0
0.6918288311792129,834.5776417300343,827.2889380901809,0.6536798036317802,4404.0
0.23484290034062283,431.8746850994553,431.6976306809153,0.14757304047467396,2016.0
0.6763102632076244,786.9528330000117,785.4795355341258,-0.8117894972193723,4464.0
0.19734151048770499,429.91525469106466,426.89943923146024,-0.6826201832864273,1788.0
0.8717425021266073,1028.1589771629813,1023.5342972545656,1.7350624961243064,5006.0
0.5915053519040421,742.5680802914168,741.8420734813326,0.29503044826445446,4009.0
0.6656185485602568,850.3496872137807,846.6008166153931,2.367576629319759,4406.0
0.5365362695851098,691.0505348040417,689.6153944813357,1.3256137450864036,3734.0
0.8835825073821714,935.3170883902216,931.695109280821,-1.1755266689938155,5066.0
0.1153930450910905,226.90821963418156,225.0618649033773,-0.9938642743109914,1101.0
0.8372738893245416,893.4582459730458,892.8706735565784,0.0066943973339600935,5045.0
0.6783238824405228,817.5523166343501,815.3639881835973,-0.7386537049407924,4375.0
0.31138261804921974,427.3044614555713,421.6292314936253,-1.367650161076534,2476.0
0.9540010473684409,1035.0143020636658,1029.7374570505385,-1.2812342345457868,5365.0
0.9378923068614372,939.800315477563,934.1325238753565,-0.21160305588687453,5277.0
0.4915531081667913,678.6807081140371,674.5799658349418,-0.9628957538848952,3571.0
0.19253344434551345,371.52722913718605,371.1878188149619,-0.09736349676436104,1698.0
0.9156930612517844,935.3581993003119,933.9913041984887,-0.42008211657399686,5255.0
0.9685726714643949,1015.2627583661676,1013.9681586957184,-0.3258050236061162,5279.0
0.7464663662936525,930.7637955921821,923.5666918425516,-2.036640785445387,4714.0
0.9072620294177018,924.317493746269,917.781952416016,-0.39248056485062394,5168.0
0.21341152611281933,352.48696601943965,350.01875291248393,0.935237124044104,1895.0
0.5390184847683683,775.3868911726104,768.2618352558638,-1.8301609676953916,3821.0
0.6313948846114842,848.0102392990154,842.6446535429181,-1.3688653141752232,4237.0
0.95610998623241,1014.9957845710784,1008.5858873560635,-1.1180691169905255,5398.0
0.8415612612330835,998.4345344542171,994.1552223137472,1.4528009968417384,5100.0
0.5233600393965335,654.8877174915783,653.1254624176559,-0.674595678774958,3726.0
0.10420400574395483,177.6501728249696,177.38166968274996,0.31719413765148047,1028.0
0.48896364252976354,657.9854949035021,656.7736233049981,0.1226998782499679,3556.0
0.507332474760497,660.8242501267014,660.143306001445,0.39492567066653406,3573.0
0.22197646977747332,353.8914409005084,351.2697073492952,0.14652697371666099,1961.0
0.33984006653252574,501.8069172971705,501.59227212341165,0.09469284237533068,2708.0
0.08098925339288976,171.11560307245486,168.4495861726547,-0.7790298568217766,766.0
0.3105765875979042,511.6814507249703,509.4165653695543,-0.9343934014989742,2490.0
0.36893295845715457,541.968771942314,540.7498583906256,1.2578917614069371,2775.0
0.580587265761576,745.033822804185,742.0384716147064,-0.40659490872678583,4058.0
0.12424091759931799,205.77576348852557,204.3788746982,0.32440720592436517,1122.0
0.6094992824078557,834.284956625567,829.51404762291,-0.11972891881509079,4160.0
0.7693342434154141,840.5636903094918,826.1156111730653,-2.754168543435293,4682.0
0.2800816909634716,463.1058613804994,458.68067286398536,-0.6353467481940068,2357.0
0.0686694091196397,140.8490534302525,138.5567595855216,0.3349446582352653,682.0
0.09297043358360335,192.66078319604003,188.23126968996542,1.9249341189372575,901.0
0.8746019155806218,951.5498364767026,950.486246226201,0.8042674089264904,5117.0
0.6439050638546924,807.3041864609007,805.9544734759785,-0.7575102410930983,4296.0
0.24026625704653548,367.8653557791818,367.2416308870734,-0.35101491719844125,2019.0
0.9089984524584308,981.884405867397,979.9585636993652,-0.5843939020065321,5205.0
0.16291054092896673,235.01607795853428,233.71849036048474,0.35051444041613966,1469.0
0.769414490792015,938.5310467572198,931.3933611620039,-1.507285578696303,4773.0
0.5476489251390455,766.0566550171617,765.3619664519252,0.19081279572407567,3808.0
0.8956015220541488,1092.1591251677025,1088.9122134322938,2.7230953807925777,5095.0
0.4753364203130924,659.8348999380789,652.3585143229927,3.334570355750001,3520.0
0.35656474714080566,511.6659058497551,510.7493837436168,-0.5862080556408982,2797.0
0.019151916856170237,36.87463261376305,33.276978725765694,-0.024784636247533697,182.0
0.8661345171956164,942.199734428285,934.0262553488476,0.4205701093049819,5039.0
0.7146942053024203,852.8794883163758,833.2214871877228,-2.0992881120553264,4579.0
0.9800633952997565,1060.821760602846,1059.6481457502487,1.2938584664259383,5404.0
0.25259506621508576,378.6041004246137,376.3143281680288,-0.6050298604737587,2089.0
0.6151854058649664,767.3448051464848,765.3948798937872,-1.030247328042486,4225.0
0.17278884871009859,266.6192204331087,264.2953999019187,0.12438912736216404,1478.0
0.3877491640928691,543.6512212854637,541.1851248764342,-1.0528175314952604,2955.0
0.5945086617695345,702.3263215840349,700.3425236381267,0.03380586544374514,4032.0
0.2733445454009442,418.52780946226767,417.3499104710984,-0.6426843927894228,2263.0
0.8430158596647267,936.8726353796044,935.5319450607295,0.8866244111336785,4950.0
0.5146514705878913,740.0174829222427,738.9888567060424,1.3038632505531822,3678.0
0.2863928989651713,457.8582238966146,448.73686371648785,-2.051723788410899,2310.0
0.19226066196247937,317.90846437550584,316.01688413794886,0.725846771799623,1648.0
0.050646104495074895,105.80476578095626,101.26731115990741,1.0420907601293117,494.0
0.7456916579324486,884.7333218185947,882.9726912055451,-0.45724633520877916,4698.0
0.27783616621916774,405.7361978530442,404.661299946874,-0.31257954602869004,2301.0
0.5369122668152293,764.3615335776913,758.850141048196,-0.44527827493455385,3766.0
0.45254272537652473,632.7390412181197,630.6646365855194,-0.7308641637409086,3453.0
0.3381427487138352,563.9269387083194,563.3251700771576,-0.20961006173425759,2690.0
0.08673771638288352,124.04031579032905,123.06731117167423,0.9820274150852102,800.0
0.502684941818241,719.0247413106309,717.1442348861528,0.8513903040646843,3642.0
0.7391799004118328,888.212917294756,887.1381104095344,-0.4756949176811897,4631.0
0.15642033619034756,279.5779871899457,275.69756446466266,-0.4094996798059316,1399.0
0.005321884521977349,,,,57.0
0.9296515868993045,867.5893761991554,866.2607622759432,0.6732032183666995,5210.0
0.05784696088386165,116.01102888059471,110.23676289445001,-0.49923535784319756,551.0
0.3776589751726197,569.0684958158868,566.2882180964273,-0.25238017604714363,2982.0
0.4491259780921647,653.4166894590044,649.6950216005516,-1.420947115930198,3311.0
0.6624171714759832,768.1273258008662,766.8041128015932,0.007888488136272473,4318.0
0.9124393839111286,959.7042521824461,954.3397915662163,0.9921041721651039,5180.0
0.7294799411691889,871.4754410097903,867.368347914955,0.3750199974110439,4573.0
0.5698151231351869,779.723811275262,777.3544686808781,1.1676421753937405,3843.0
0.5322015851887031,689.1272325431058,686.8741304354373,0.6073087423130491,3759.0
0.33335910503023125,483.79432605094263,478.8399548041959,-0.9945626097603986,2711.0
0.6672620530597725,749.1961869404324,742.869766569693,1.7245869567754157,4329.0
0.20310703159468435,372.44643272222083,370.702049798501,-0.2725725422703902,1819.0
0.10928627252598011,212.364908575039,208.5913800925351,-1.0945947792639863,1026.0
0.7258527210841994,813.81564498601,810.4890492442072,-0.13411550454278023,4637.0
0.5545750794461982,686.7134442987051,685.7474941446899,0.5299347851972788,3890.0
0.5294546111618464,740.7842701607079,739.0815911747848,1.474745587626389,3823.0
0.6450121161018733,785.2482399911229,784.3276220088551,-0.47732650503885793,4297.0
0.9061895786246681,934.6869628140025,932.0082562621708,-0.0816589947433788,5173.0
0.3512501093023572,474.75899313401095,469.9796992140168,-1.2245851489549924,2807.0
0.7936621094672571,909.2701565903684,907.2583681538067,0.19880649220655175,4822.0
0.40088677824130525,564.70399825935,562.134598588216,1.0798767333457429,3091.0
0.08914654167629721,173.53540209719642,167.40356806798192,-0.96203279355577,827.0
0.9619532212143245,932.0853453580764,927.6921416649708,2.385775741784966,5345.0
0.15611616160775132,248.92280599002612,247.4208607949843,-0.963455069300067,1424.0
0.0629586073209546,110.98864974944634,109.87123743639047,-0.10216656742034634,572.0
0.7962674533564145,913.0506310897956,908.5315784574681,-1.469996903903544,4940.0
0.44653032743019394,584.6988094425604,583.1582412538232,0.1869172402482278,3247.0
0.0957783648265651,205.06149656794818,203.0475935212934,0.6795630093042919,871.0
0.9467125328036314,944.3983392325389,942.3123283710363,0.16063451646583377,5245.0
0.4778935752522754,652.0378324634589,651.0977371786375,-0.15800035932428136,3464.0
0.6045706949049583,787.5521798502383,786.8070496662606,0.7156545299133065,4116.0
0.39855731254189974,630.202639440244,626.6994637733885,-0.023410014153477772,3074.0
0.8177662937227166,993.3033026485599,991.938192453996,0.12317171489124637,4888.0
0.7586592097734987,935.4638950535543,931.1510813448325,1.236455069101163,4688.0
0.4567928949247444,710.2033950024473,699.6244490909095,0.4244463832735699,3377.0
0.1471221416867623,235.60165321393427,234.97310665419565,0.13741961186244572,1277.0
0.5612102056362541,696.6571763800113,693.883439335897,-0.1468723000054306,3964.0
0.6830338041945043,824.7689942450966,817.4443211678109,2.101626104007323,4500.0
0.8524970998266969,933.5329135875686,916.3395493066627,-0.542071135430701,5038.0
0.8022103321408057,919.085325053332,918.0531260179708,0.1231118880746691,4888.0
0.38891504046996384,594.6072533824653,593.1124676035802,-0.491164756462283,2926.0
0.6517614136827883,840.8048157177253,837.794997856921,-1.0049560141083367,4302.0
0.898058248217599,891.3208787859812,890.0078708829978,-0.7838076973253905,5073.0
0.9112581261217066,1025.8836618044484,1018.4531207382765,1.067175666864964,5166.0
0.5638509306114352,700.9035658786354,697.379525857589,-1.2240035821916893,3897.0
0.9247521068516474,909.800496712896,908.3751184269375,1.2521074919868715,5238.0
0.48383163099416604,698.8228065215839,698.1461088440662,-0.09001331449124449,3569.0
0.3290813257865455,458.65166351852554,458.4355831752055,0.38824185601806593,2592.0
0.5035484841759649,702.7143723240317,697.3527250550056,-0.13573173700078506,3623.0
0.17600660430453385,271.8818536379339,269.62582346926706,-1.1239510357054392,1592.0
0.08341425133065261,225.6399031292716,222.3369330450723,-0.3978571922935796,778.0
0.6779140045099513,824.3057541100625,822.4422560159578,0.6099415596282736,4441.0
0.4411072979214343,634.3689043305003,632.7927416121256,-0.28843590575575334,3263.0
0.18085038743067772,327.6837108093659,325.0480460694272,0.9606487488781159,1589.0
0.6989170889899242,919.6620238112521,915.4011174660781,-0.42440812168964337,4423.0
0.19106407226161704,351.4419686790732,351.2957832950126,0.6953469878277723,1736.0
0.21331448459162694,357.7085060133934,350.7015659297157,-0.7754672715402503,1864.0
0.22865034913926174,366.1066207412794,365.4428250838807,-0.11586515987995977,2034.0
0.3863913478483878,608.1751750067617,602.2201086239194,-1.35500648331869,3048.0
0.6653031845304718,733.8128480026529,732.3854608428279,1.4842443240254082,4297.0
0.9578172466198925,922.7216855927447,921.7788496159839,1.3222298244015978,5406.0
0.039931359473233674,68.9578122637638,66.99771463722207,-0.6492523788143043,399.0
0.8971834406317605,1050.1601872393658,1047.0165830001977,2.3427187097269195,5218.0
0.35687026843894176,553.4723754965971,545.3610048738569,-1.1800219153050684,2862.0
0.8770543949355301,934.0777291736252,930.6263948599593,-0.5792812443337876,5054.0
0.4461176395132518,706.7828215946527,704.4778268383591,1.2362720858517242,3290.0
0.8944443115231046,930.4736252358136,925.8660956972052,-0.2649687700287372,5130.0
0.32629260705960617,536.5400661805304,533.6570089980306,-0.4416032547592081,2567.0
0.9311245274013311,1016.8767287898431,1013.9862006266344,0.0075770993873477115,5251.0
0.1060803910125574,266.51509649587194,263.02318739390836,-0.7321957514053391,1049.0
0.26333976578296514,442.6711701901085,439.74360184596617,-0.05477581660899654,2238.0
0.5172635521670973,691.8831065951856,687.6336199035137,-0.05572063792178782,3689.0
0.253243711220126,336.05830354752555,335.0729309631268,0.31067047331442915,2134.0
0.296959917269338,471.83654045739166,468.11324370787247,0.3015950869301477,2459.0
0.033633550870545315,92.11430391330266,89.13436546769252,-1.2150970283208888,325.0
0.4120369665220408,552.9603303480548,552.245928427777,0.691155527326282,3122.0
0.4295755170866964,706.6015169409841,699.4500237289344,2.704231904703458,3287.0
0.5514111435417566,628.8371772529005,627.1772936885643,0.9394313360063032,3760.0
0.6261135086514836,758.633904489468,753.885364644965,-0.9007012478680104,4206.0
0.8671095596517294,978.4643667322658,975.7536540621526,1.9695173432250188,5100.0
0.006293381973318524,18.445454545454545,15.890728476821185,0.4964904762869822,68.0
0.7731531006625734,868.4501412750509,867.0682057477994,0.11653758748062909,4735.0
0.882193528269845,995.9813816422926,989.1076322430755,1.1135657147463829,5157.0
0.27725109288402117,452.9251051014067,451.35136388603627,0.95953879799966,2334.0
0.1292122999160561,210.26432628776368,206.95000976197227,0.515114270810527,1151.0
0.6770961164553896,732.2550058159464,731.0477508614329,-0.4474505945237732,4409.0
0.6670841669131797,742.4256035041974,739.315348336647,-0.771965698179007,4314.0
0.5662114117597785,704.1940381234338,699.7083242803888,-0.847380274934525,3914.0
0.22138230941270154,383.20998924511844,380.1349313926017,-1.4589480495303913,1916.0
0.7727769785567912,867.369464528126,866.6781142641028,-0.06176709613730237,4666.0
0.5733141182999433,724.608706374537,724.3844254280515,0.09438765487356852,3888.0
0.5123954161147076,735.5255956539385,734.2896748436289,-0.656471575117595,3704.0
0.13350582209349848,212.77012510545066,209.43465462647532,1.2906299107264378,1200.0
0.3039952108825156,503.19521435175005,502.24567778532764,0.8079800206642686,2529.0
0.20770934527556784,306.746783584421,305.3292401485483,-0.8602363092752875,1802.0
0.04433255784014889,85.0317886852712,79.77446051019061,1.4629955369847307,466.0
0.04230067210113864,109.35730345364836,104.02581648969394,-0.9941760688901263,417.0
0.611759493823842,804.5125777321698,800.9603993702492,1.6913409967496091,4142.0
0.03896495489989937,78.83678905645218,78.4686711097583,0.4141127661996312,399.0
0.5099308717209398,812.085105926808,810.283552224542,-0.5807835662587478,3663.0
0.5156215029832637,688.1474095258201,687.6868514221009,0.022246652097282306,3711.0
0.08835691393349121,188.48451043338684,186.23508554998548,-1.2330417894175931,851.0
0.40312035357033227,644.1247877945194,642.9254648098612,0.23355757218746478,3084.0
0.6821941729420838,840.4866656393401,834.904933090689,-0.9289099040483177,4353.0
0.010587698553322755,16.737912087912086,13.292721518987333,0.31781412166195655,98.0
0.9212788141487213,987.0071807718596,980.7932640015463,2.2517928517251034,5239.0
0.8899409866623881,958.9455943339312,957.5024182435224,0.6585849781033309,5157.0
0.24127454982279284,383.18990142179246,377.1022876471773,-2.07393415947287,2018.0
0.3315131845418,460.94009701218994,452.17442280704165,-0.24463188671796676,2643.0
0.0036998371236884875,,,,29.0
0.18041007933526,279.25578405404,274.32413172304206,-0.23961665116085495,1575.0
0.9301162242599702,982.4755585615155,975.3856911299996,-0.2153341883845506,5243.0
0.9724651162341269,1084.0747302497816,1082.5907098723599,1.392466964963051,5338.0
0.25195149255414806,415.2440830663218,415.0972966977529,0.6959319545558109,2150.0
0.2768671121636549,489.21521872034543,483.2669796579858,0.009664439086235025,2275.0
0.16109023297811775,246.40251782669029,242.5221207227789,-0.6809594928071508,1469.0
0.8589230667766188,957.7850371031417,955.4149347050014,-0.23290980965830999,5056.0
0.15959032165696763,270.02797547531856,264.3404260786797,1.412282550357749,1389.0
0.5623903086137901,720.693831057818,720.2159759623692,0.33572838478702044,3888.0
0.20483168161708099,316.4277970248345,314.49130020665524,-1.168457492305797,1816.0
0.4336859903913829,626.4703569901485,623.6173968503956,-0.7379340551826381,3310.0
0.06290955367515638,107.77300833445886,106.06682400654292,-0.6681338168390085,608.0
0.9671457802419942,1032.4414386659394,1029.3127131123151,0.14603435224895123,5405.0
0.5030842456272053,674.496006709995,668.8723459966832,-0.49958438093613655,3618.0
0.21884079228428044,415.1472952470393,414.18300021903724,0.8429336526426258,1906.0
0.12612165410837173,232.7653303001027,230.93205788982314,1.3411881242053252,1194.0
0.2919036707923155,465.73618053721185,463.5760135957347,-0.40120307024522794,2448.0
0.7059126799465807,744.0253658725392,740.4921516308542,-1.3187322803624904,4529.0
0.49990926807590574,677.5777269591476,672.4760773839249,0.712870200749197,3585.0
0.13685817736666372,211.58654002167577,207.8926240065871,-0.6090480490695811,1302.0
0.07004084499857433,133.53332372407192,132.30923412878641,-0.5433122108907954,657.0
0.7496415479319061,871.067022973382,870.1934892636864,0.8249457891131218,4652.0
0.17212974126446756,273.34768928073896,269.5123463437731,-1.8650348949967437,1533.0
0.7289805107977845,827.330455179504,822.5589910605495,2.840001348464659,4597.0
0.18626967836072672,308.2412735024145,305.18904172051737,-1.5941657353382435,1683.0
0.3138476911465168,568.5637994822123,567.2197265208803,0.32371327233228814,2518.0
0.40725742749903193,572.2413537182899,571.0937078908887,1.2675134646417276,3058.0
0.6049874294809799,838.8074920207767,833.8424531055111,-1.386200735051782,4130.0
0.6445895678360807,739.1310061248911,738.5625634332572,0.9987983083017594,4245.0
0.5722609551868545,724.9698365935847,723.2857805818542,0.7665657817632969,3970.0
0.7579430959194583,838.4844042455255,837.2108093860721,-0.23022599061179538,4733.0
0.6142683099568284,742.6876281545779,740.7916837666725,-0.4862606595552142,4120.0
0.8448984708767654,904.6551213701081,897.4065358644043,1.7105690608385848,4943.0
0.9280459990453872,893.0373563502534,891.4845317065956,1.0281449599838148,5277.0
0.17458623331694934,289.3947701824957,289.2032941134096,-0.09502868519119248,1538.0
0.3258361146585568,596.0249015834462,595.7042901519669,0.759597155909393,2644.0
0.8990122537613264,966.1766581405057,964.5934913863618,0.3417202099314085,5119.0
0.155067590375928,285.0067750304883,284.43444057590557,1.0598451214617737,1358.0
0.06131208896327456,124.52027577916427,123.18444835183075,1.2212684725903793,595.0
0.4592990204119012,624.6851447494587,623.7136605989261,0.7294465523269814,3381.0
0.8083195551328577,938.4544482039162,938.1264118839172,0.8356864490199062,4983.0
0.8639980186110345,907.7762851121372,895.6824365880129,-1.8801648527534784,5106.0
0.7898940635776588,903.9591194711336,902.650020698701,0.41630784327865933,4768.0
0.8935755584415285,890.8180059955431,887.8244760097198,0.8159580367248428,5130.0
0.8084563738245563,833.9713478714067,829.9714018936248,0.4920247739920768,4931.0
0.48632521198963263,743.231413916556,741.4187344596949,-0.825234598085786,3611.0
0.5563333185022923,698.790251525759,695.2129468879995,-0.4802448606993775,3920.0
0.2756210706636405,432.46620193788164,431.6531998915577,-0.17379600573320395,2309.0
0.6416463497456737,772.0343811268401,771.6042770681004,0.08866656993807513,4291.0
0.8456693379232745,981.3222140327372,979.1073813721029,0.38995015399212046,5063.0
0.835167981030429,983.8955873695975,982.7307835978511,0.4023321380673507,4983.0
0.7028355844035492,830.6189540743734,829.8836149133605,0.20275334403092352,4437.0
0.14814734850507572,228.12990178523225,224.76876432859893,0.8313056731143043,1356.0
0.657810458244892,804.1035401737587,803.7741222192229,0.6490905962724439,4273.0
0.9866279564402342,961.687636837641,958.7258641171865,-0.5315489554354635,5444.0
0.4587048702143758,661.902653406302,660.3225486652757,-0.048956484518454274,3491.0
0.3678336647203184,541.972842810894,540.1007505618352,1.149781274027064,2916.0
0.18095747819646713,286.3824950283421,284.79642670685223,1.120984651285391,1551.0
0.42439125105466613,646.5210382849415,644.131772649187,0.650587188896283,3235.0
0.3190374903226302,486.3567779414075,485.2474675676786,1.345238586700916,2556.0
0.5612614408534269,828.2246919327263,827.0534058621931,0.5342734659367471,3955.0
0.03400592743660835,53.64054471843946,53.1738396547509,-0.024737277203991576,351.0
0.00384152247939884,,,,44.0
0.030409363864898342,86.34339181410664,86.0665769905955,0.5543122101468287,298.0
0.3475861707436536,538.1416660751031,537.1970790170067,0.916776553411029,2712.0
0.04248677889281827,89.55788363856873,87.47791114041213,0.7703453830920463,422.0
0.3651167469339991,548.5450923862754,548.2258237645256,0.670415537346794,2898.0
0.2978497949363105,521.7722074914309,520.3900820984799,-0.34028160913241634,2436.0
0.05147834404340601,95.13382005738984,92.9555386578925,-1.2990091586003039,528.0
0.5610963488820127,732.4059057192545,729.4937094120208,-0.36779449494391586,3818.0
0.47591595066858305,599.037951573412,598.6998663686935,0.4134739879594338,3509.0
0.19704062851207071,294.03877111962663,286.96663771459646,-1.1600072661208176,1760.0
0.2054739974735671,358.4933960499611,356.18430668348515,0.988589590258355,1794.0
0.07734396825539591,114.58309015829049,113.06952186491885,-0.021436384303167827,704.0
0.4550821464281969,647.6654765197175,646.3052663553322,0.2001607713991279,3281.0
0.5133918301075344,597.3478328232925,590.7352811031221,-1.676915892232776,3722.0
0.04398049242778079,88.93187970193719,87.45884632178146,-0.8992983204836115,424.0
0.47964522079379046,614.0160955422349,613.5415886465818,0.03178208195371008,3363.0
0.4319644360101269,641.3875571230369,636.8102131203456,-0.6737562493904655,3294.0
0.10438073677046711,193.60292145220342,193.55750220462636,0.3142134736033557,946.0
0.9527481467819898,909.176221088361,908.3458637855977,0.16462038546308855,5380.0
0.29611826893815285,364.684936202433,361.95273908992857,-0.8871623307454064,2415.0
0.8969562998740186,920.1314833854601,914.0829322052818,-1.681978721190801,5165.0
0.1971020782203522,307.46792879385765,305.44520979166043,-0.8346363212931551,1729.0
0.30015008699320245,444.73959925856747,444.3934958591038,0.5255047761580275,2406.0
0.8689712344822141,817.1666766017121,816.7632100907506,0.3574554666012396,5050.0
0.4776130889723448,606.7669557965085,598.5196753641435,0.07041607839614063,3458.0
0.8632236535494436,937.5939816320608,936.7957740585794,1.0246593925595118,5091.0
0.159348854678785,274.4685619105186,272.7174142821584,-0.4384544641964459,1490.0
0.9146119202113009,971.6723902746596,966.8868042554631,0.3381810355229065,5201.0
0.5211609780074569,768.6189297671815,765.3469210119417,-1.5605008746696272,3702.0
0.25339479889111804,456.4098863355044,455.4370493132924,0.2535486744082481,2127.0
0.5818421539762889,684.3220487708224,683.0724288452824,-0.013488735830953094,3961.0
0.9880821214361668,1164.8616264715708,1158.4290205433015,-1.4418826859579248,5349.0
0.1618428036251497,290.8266692664232,290.1198682234811,0.7261129955130365,1513.0
0.6717307563197475,789.4896145196625,788.1776403263653,-0.2456357050947932,4331.0
0.10790505096467784,189.10652618542952,185.81715595538824,-1.6820460070951166,995.0
0.43653829607788897,597.3351528194727,595.3239249242913,-0.9178493990143124,3293.0
0.21380965660532658,399.97357342869924,399.07516420347554,-0.5911556648857417,1919.0
0.9409611696889866,949.1028625495784,946.083317586813,-0.10630013421305115,5323.0
0.24124345706317984,391.66593228185786,391.25945051252654,0.04153718380011199,2030.0
0.2150533489832701,363.75042873396825,358.8965328420642,-1.3265684535834998,1824.0
0.024131411151957938,52.64463747131221,41.41737382946373,-2.495649589492108,222.0
0.8323420314973066,947.2911261055142,946.7886380152398,1.1720233555257824,5025.0
0.2822836616854303,457.729881607909,456.5387837980103,1.1389303092959497,2294.0
0.0207929307729815,51.13786249592702,50.69564872651025,-0.9960033963566922,194.0
0.1755269400940076,278.98340007195316,275.6127148984618,-0.9731303904953013,1537.0
0.5617937556721243,664.0104620896153,652.3669139610004,-0.7003447420580411,3931.0
0.9805013280129046,1071.6174279768647,1068.692354943084,0.6287578183054423,5471.0
0.4798047760884132,733.4794852295403,733.1656930446303,-0.008953191799088033,3613.0
0.6033333911153732,751.8308750833952,748.5358393139824,0.7266622301567661,4062.0
0.4270756088234394,585.3070601139702,581.5165015030531,-1.0039333594344215,3220.0
0.7344386969534585,810.4770941943556,809.5879400316036,1.1609802445897204,4674.0
0.8291021537158687,928.5930440180935,927.1568378752573,0.43357522043955926,5030.0
0.528724707998221,642.0308503452687,638.3026517647404,-1.3065615687721843,3802.0
0.9537508794625416,941.1301387857765,939.1580014228324,0.2580231556200228,5309.0
0.9507711873527913,896.9925233744717,895.0593999978119,-0.7784153602163392,5341.0
0.1421445803267838,307.3279357583699,305.1651955882618,0.594580842394453,1317.0
0.5308226587140917,703.0573652754565,700.1749949710215,-0.4362260859479764,3752.0
0.3555400398808608,541.6756769995283,538.8659926983967,0.24670255981443562,2799.0
0.5159549816827305,672.3260352866564,667.3504380845181,-0.8818923756493168,3790.0
0.8367467053120735,966.1347596040016,964.333215108575,0.38388874759932395,4943.0
0.999418101039286,971.718824844501,968.744437668357,2.0567135101855403,5481.0
0.12940225868027533,222.8587348781272,221.61346007853953,-0.477282476282087,1149.0
0.19477716139215084,295.2969717182526,294.33648474785076,0.8338397852782239,1744.0
0.8189119360682364,881.3886788972188,879.1547921275506,0.3449973415304059,4896.0
0.6160958847134834,757.0879420780116,754.5268957995185,-0.028075633068258967,4157.0
0.0007856590661076135,,,,8.0
0.9107992001553133,960.1928989336916,960.1412306063042,0.5255282322059813,5200.0
0.7511764015209443,838.9771838188294,838.1927229049165,0.7131946788252741,4669.0
0.12650392497462148,244.3884460140616,243.20818015967825,-0.5076833084448407,1178.0
0.17641003325062476,267.85536437792547,263.67467548806866,-1.920112950248868,1548.0
0.31249991913304087,476.7875293951185,474.0356762419161,-0.8120560345048782,2622.0
0.04225038770195855,95.07307967674735,93.32914650678374,0.09689097759312454,397.0
0.512424961659748,634.4232529250049,633.655355324603,0.4560476565522518,3663.0
0.0779157623310357,139.64141508455992,136.2935380169701,-0.6613706329214549,677.0
0.22831859282664546,367.75831448331894,361.4867693750141,1.9075121379253324,1927.0
0.3795981611452083,563.873329857065,559.2680739801165,-1.8199360695486102,2992.0
0.3795843619618636,577.8047578796045,573.3034824059255,-0.020619989984018088,2972.0
0.5976303460753914,808.7419337278665,807.622435327107,-0.39282693976636784,4119.0
0.7885782109981109,841.9848361213876,840.6158466601469,-0.253950093135163,4816.0
0.16623272666738098,259.6022785666726,254.3894981529794,-1.0567133731013356,1451.0
0.1299566058446462,255.2509553130188,255.07230060399303,0.33675595022718585,1192.0
0.04305611483864502,73.47016470773586,71.50683725925431,0.4328001086040597,367.0
0.5792689829973878,747.6331511997852,745.3567992041261,-0.736239731056552,4023.0
0.9169039711691163,980.616510296788,972.92484617848,1.6433090050809205,5226.0
0.5895382629150185,781.9849340830347,780.7852515108978,-0.5778979630574681,4020.0
0.2646875237385199,476.1876810075597,475.1024881573277,0.3866399281027237,2253.0
0.048353591613505276,105.78105086150369,104.81839656946681,0.10632420333725247,463.0
0.29881136021682353,479.5210490108147,473.4933810548369,0.14246528208181708,2550.0
0.05316824721842872,77.67023662409625,76.62653227721951,-0.11558892736184259,482.0
0.4412986305240175,649.2071081266331,647.6960691720088,0.6616407164687987,3236.0
0.7672520125793031,911.4158148780252,908.3814358208165,-0.9430509094984776,4778.0
0.6957471324770613,898.2108380967464,892.5081476504747,-1.680210141992733,4386.0
0.5729287602488273,704.4550997758099,703.6524996750691,1.2275005655918902,4008.0
0.8458469694314555,926.240917924414,923.9508171082595,-0.8331074920099611,4964.0
0.9851426286624224,1042.5307510822915,1038.2025949248039,-1.3378036986343933,5406.0
0.6269671330175776,792.0330059528071,791.8292205702776,0.7336120481533677,4190.0
0.5203446251869218,768.5016884051702,766.5881243896201,0.0032112761256320554,3725.0
0.9838208415243913,902.7322496093135,900.0017764400735,1.5941830471362695,5372.0
0.7634207415517595,868.3505524584955,862.4065445454536,-0.3969852697782408,4668.0
0.5072795425921495,719.1795401166812,719.0451546772156,0.8559910988413298,3675.0
0.33471404586449305,449.28193182093577,441.3958972946988,-0.35819400187789013,2693.0
0.09722988326278381,194.34484836975258,186.7304852889027,-0.811553803835676,975.0
0.6060083262775896,675.1080085491938,670.5788755119672,-0.6307833691853706,4093.0
0.7729775227170289,854.5510105375231,852.4299152267142,0.9571123145503078,4803.0
0.8217428610733458,989.6916150955765,988.4323850712891,0.17637148160495056,4979.0
0.5626030341508499,770.3307499640041,765.416894547553,-1.0588036684102886,3959.0
0.6309168221254524,859.4638619119758,857.3549306338164,-0.1719301471491791,4250.0
0.7086544854838087,934.4502138689802,933.5203601564626,1.0966327450088567,4472.0
0.00023548989590982394,,,,6.0
0.7841537887787365,881.4310811950069,879.2275084162889,0.1597029942624967,4828.0
0.2748149776049218,473.6252640312707,472.0119315506534,1.897178441262368,2287.0
0.08692780392543431,111.12911064658655,106.92335789694746,1.9347866765985375,750.0
0.776662777218205,895.1518642766677,894.6929376797511,0.2102802359341479,4694.0
0.6756871634931434,831.3338582580596,827.1600038197518,-0.7108810018489077,4385.0
0.2585203313331319,473.2238253521071,469.9203074520761,1.5151191731408375,2241.0
0.8759635659823148,992.2162688912846,987.5391513361033,0.5972780532037613,5122.0
0.23749360020436727,378.4975912026963,377.40840868849256,1.156413545891284,1989.0
0.23423716461511102,428.67560133283996,423.61507613157073,-1.3440852775065082,2036.0
0.2285515059764921,386.69581433171015,384.7415475815904,-0.36902656670073103,2033.0
0.7229940362904878,806.2741407637285,801.6325461400183,1.0444220874488919,4588.0
0.4882511331588193,761.0657784808974,758.9030062417801,-0.5554645024399193,3597.0
0.3298305474006761,560.6958589902858,559.8414131856856,0.1468569584119381,2662.0
0.38596828975556885,522.7779842210377,518.5935196449958,-1.6338796851321522,3065.0
0.8074054048008572,909.678189312579,907.2265987090215,1.6583212410049841,4778.0
0.18359416287144492,334.84533175227705,334.12550297630327,-0.74911041335015,1637.0
0.5755025177752661,711.3644671802501,708.6010100251123,-0.2333816822414869,3894.0
0.9625346987364319,986.4642232919578,985.2334305410719,-0.08234976944607982,5337.0
0.37113103426974225,576.2816174085381,573.9382717069825,1.0830001638828641,2906.0
0.4231595954236299,576.1114094584112,572.3614370168035,0.3093298319775822,3213.0
0.406354420791219,583.6723978768262,581.7414751572085,-0.2973288094236606,3116.0
0.49104469953505847,594.1606762599275,587.7902205554594,-0.15605948442491646,3540.0
0.6126655589033435,822.2408911736994,819.9316441924987,1.3252864704758238,4131.0
0.6394158435548197,833.3940313379801,824.9059597937601,-1.085146835972594,4210.0
0.7831401515626287,926.5376678258148,924.8740886511742,1.2123080914809332,4746.0
0.5068638781692308,670.7898600356187,667.2762749658084,0.00047464935699601023,3739.0
0.7085267505562421,808.321665270864,806.7270374127669,1.804159476592205,4478.0
0.7369616361887412,810.7994023833226,809.4127487385555,-0.02938320747011874,4574.0
0.21334478118021083,301.91173248119054,297.92228859838576,-0.8038615567223775,1867.0
0.6390015933626718,887.3872905966804,885.9724433980365,-0.1346319681597144,4262.0
0.6080482599145286,740.3065974348008,739.2933015405114,-0.21451322807485423,4042.0
0.008951112381829773,40.28556998556998,38.90314419949404,-0.5460255457018118,89.0
0.1416475613511602,270.60422396641684,269.39783050989564,1.10601558198431,1250.0
0.7243259102445162,823.7267361137398,822.894815013803,-0.03997046238174473,4563.0
0.12857277360695352,226.17014342045334,226.0087777986892,0.41178016469956014,1199.0
0.6384870806930492,827.8831897708495,825.6562095071978,-0.8515089266953287,4262.0
0.8276058744956621,850.2025325773059,846.116297771714,-0.25227383443041596,4929.0
0.3336738782366351,503.3090865476951,498.1614156574685,-0.14427018518323542,2718.0
0.8395484879921294,957.7178797188163,953.6270990803622,0.4239319831396808,5099.0
0.5918999409111386,791.5523084797545,790.4609255760687,-0.6416240804409139,4095.0
0.0880483435395274,181.98191631891999,181.5452025127062,0.0442802367358969,870.0
0.6165173539976961,736.5120412391564,734.9036821128585,-0.9266985122384702,4163.0
0.4005529601385386,478.6293814902462,475.6178950006565,0.06555665176858458,3044.0
0.5993320650847338,746.8848540336875,744.7541787609894,0.9236331393105837,4091.0
0.766487893401135,851.9311643219282,845.8640906977641,-0.8554989151575024,4750.0
0.03878241706289065,95.57528743643385,92.49481512852265,-0.7461835295278347,403.0
0.3455168931237744,529.2043467292842,528.329757722103,0.24111491624871806,2699.0
0.10964436378570563,241.17401761492053,239.5286367634003,0.4586538990353019,1031.0
0.2374145994388851,351.8626970112625,349.7208663313199,0.7721729987016813,1934.0
0.5871824785423008,745.676312100813,745.4984433577359,0.6668784928078015,3937.0
0.271187117878425,417.3888533798686,414.35182434188783,1.0140374958051719,2251.0
0.23118542288428479,415.3621599681781,412.4576310648177,-0.08517020592710906,2041.0
0.23282821494167683,349.13581186352917,346.9382869043368,0.822333598138328,2015.0
0.707389486633598,886.7413976786345,885.1834165252918,1.660331349337982,4421.0
0.6684932269553555,838.4942405234116,833.2901654988667,1.645944923557402,4396.0
0.5599104309122933,763.1218401109968,759.2591920950646,-0.6851189501132564,3845.0
0.5723994105148021,696.9707183491154,693.2392047764217,1.7395714287607849,3976.0
0.6558101626446331,751.0794166247127,750.3533452042766,0.4915395044594599,4358.0
0.7245769080685366,778.9247739617091,778.4102631972773,0.588437707282237,4592.0
0.6137036765228052,840.9604017052824,838.1345859329864,-1.5220102937164528,4198.0
0.9701793000662439,991.5855044719985,988.825358029788,1.1566344829870807,5387.0
0.17382964325561956,277.3259893340028,275.52480990599025,0.1823191198541711,1527.0
0.8339054859006088,889.6269351867104,888.3045178771332,-0.799816619813279,4990.0
0.0917792395835405,175.61732278799727,171.6519985578843,1.0185883744733821,919.0
0.7212757928478764,953.5179450904332,944.9061571909937,-2.572193992640192,4590.0
0.15072188789265417,293.16098309857864,288.6338228471422,-0.33932437760470474,1384.0
0.588871247002644,801.6066651895529,801.3431865755927,0.4982867940406451,4047.0
0.3849340123016818,556.0113800086225,554.3157602638113,0.091710236739484,3066.0
0.2783178255594201,515.3338560677302,512.9115479121854,1.169590203175196,2370.0
0.588645914598881,755.6658912036994,754.6097721181679,1.3242392606883826,4009.0
0.832163173311492,967.1286101619789,964.9380234321922,-1.0093641337305788,4956.0
0.36358645085105035,569.1455288632263,564.9925478331475,-1.587151359840972,2827.0
0.29137065921235483,505.53902505756645,502.5586751636485,0.7962123997718591,2359.0
0.23263902494719224,369.53271354423066,368.15785140994586,-0.5153864780068131,1995.0
0.45995394181785776,668.630805101295,668.1756017562568,-0.3539561898506128,3447.0
0.47009675125130423,704.9807534681976,703.7194354039578,-0.13323146226971905,3413.0
0.5765907265839295,750.0907412316536,738.1427433121294,-0.6655880722658397,3988.0
0.6552123932774103,774.1178633255126,773.8775528620248,0.2115479625363221,4248.0
0.4849564785897805,756.6152657074759,752.4340696108482,-0.5892270516865635,3506.0
0.27467588231115503,489.18249624555114,488.3447700418855,0.8656177926119801,2310.0
0.27092929803815513,355.5157908530443,355.15171078905195,0.4004369922327506,2282.0
0.2806239439957674,410.08407954555406,409.92846771181763,0.3070671151204975,2293.0
0.6825318596589353,760.7552842888603,757.922697482036,-0.4094557874588958,4383.0
0.4912687155523249,675.651545562963,669.4781111484594,-2.026993080871136,3539.0
0.5518622462784714,636.8486403591205,623.2876425019706,-1.9966350983151713,3854.0
0.7201893586019416,926.0318984777028,923.997993569477,-0.2668048541270429,4439.0
0.8640874280865332,1032.3760377115839,1026.2547593693096,-1.6146233322063486,5055.0
0.5935567560193084,696.5429043260989,691.6307608902061,0.20228889444789258,4049.0
0.47317591063854647,677.8743692550232,677.27323488948,1.2913742031676143,3417.0
0.7337481440021215,937.191499946186,932.7964669346115,1.794614091814573,4612.0
0.8319230359252943,988.1404796476029,985.0689805431143,0.18611442246888918,5013.0
0.5205337438704352,743.2987822766312,742.9671189277567,0.18527353499716886,3751.0
0.19705914815448988,322.6391418868308,320.57129168691165,-1.1712240170168162,1688.0
0.5891353822348846,863.2392756233777,858.4629129498967,1.3326335002270453,4014.0
0.24796343047484903,442.1076143218346,441.4721238751981,-0.2953365837796204,2105.0
0.40405511355315205,568.2716602204358,562.0429093660617,2.0817572980616648,3145.0
0.15260984053203142,239.0334457349278,231.51713701405575,-1.3619560569630917,1335.0
0.03378403183677392,74.5857438627625,73.72614483537079,0.05809515268506094,360.0
0.29933733338638213,430.22479201764725,425.4324392064487,-1.781165378813399,2382.0
0.8727916540491718,880.8833535319751,877.6452351905488,-1.3298562792466446,5017.0
0.10038862046079067,205.4163805115097,203.49840571456815,0.18040191675911982,928.0
0.6089600784530033,794.2671618522526,793.3613282233125,0.8767003602763083,4174.0
0.979368281772484,1014.2389643059213,1009.5998189222814,-0.6076053641649333,5391.0
0.7561617053621814,861.449970877884,859.9208320899561,-0.4831543102032573,4665.0
0.7291627521383901,827.834763940417,824.5273701533689,-0.09707234549731296,4559.0
0.7587565625546505,901.9338479735104,899.6710227791244,1.6904246324652252,4710.0
0.06634787478797222,103.3285794789479,99.1604753781395,-1.750596553771806,649.0
0.949292070599175,957.5317471016485,956.8214320010088,1.4821440456609731,5288.0
0.06841952273926755,109.22216186526157,107.59263452344015,0.6469630512693253,622.0
0.009950553309072019,21.993208593208593,20.71133120389733,0.8808377191706122,92.0
0.43479508137387235,582.0261241723447,581.2301865259337,0.7750551998468058,3274.0
0.27361128247908806,390.4583639445109,387.6732534183327,1.4404606032906857,2265.0
0.6330685887775752,812.525366174674,807.5769674465794,1.3947436527198356,4301.0
0.6680957782771484,829.5602076124721,821.9840200981861,0.2738589229481877,4380.0
0.34472445382701256,515.2114985527711,508.3932095618196,-0.27637135598318807,2671.0
0.3589609215421269,522.6081387688607,520.7076981585079,0.6321445388485133,2852.0
0.5119119821015599,742.2525334424088,737.6130427835908,-1.1970360202877413,3754.0
0.2520774892817148,342.241046141529,339.8751371737747,0.21886118248512765,2121.0
0.7542762630935446,897.4903062601987,895.3681260626455,-0.2395862637273709,4753.0
0.6598426144899923,872.0964002734033,870.1301558465318,-0.049185596288526236,4396.0
0.7069189081236354,826.0782391401963,824.1481667150175,0.42139080275912033,4561.0
0.22489770597954595,331.43512026429585,330.55941117261557,-0.6410370830529164,1946.0
0.7310354724985951,871.6017474513559,865.5854100379996,1.3482043185965433,4709.0
0.5419738364132906,701.6324300623846,697.3498391108996,-0.8577151450278682,3843.0
0.05410175694838104,90.24286798320423,89.20812105426512,-0.1360350790859572,535.0
0.7745327067221932,848.8226309853633,848.2104425107332,0.6196694274018566,4686.0
0.5791117313533711,734.1886687762236,732.2909399801299,1.28401457890392,3994.0
0.043851884468955604,83.04439869989166,82.28110567127327,-0.22830865706726777,406.0
0.5911791056157707,783.4889090609115,779.4239546175718,0.9262217647282386,4063.0
0.23806741046911106,419.4535835803436,416.91429739349996,-0.06864768899686188,2052.0
0.9568488632161296,924.4595063282786,924.1284603077132,0.3781404001213138,5287.0
0.36606843768389297,579.6123194458468,575.4470383012047,1.3039560220817878,2918.0
0.24990972991911065,416.1213265185171,412.9351489218294,-0.23917811111498824,2112.0
0.7385858863511914,803.1633275008097,797.2232319590382,-1.234287597557736,4577.0
0.46494058389591086,635.6627803354434,633.876127223992,0.06379059833890138,3395.0
0.6616650950331054,768.4422582635159,766.7031438686647,0.09606670071214199,4382.0
0.11617633846119813,194.00531914907623,182.5333035389063,-0.6761661653316976,1099.0
0.020070551865574382,38.50692798061219,37.791520157325465,1.0350594988151307,196.0
0.9066182826652897,959.7677619430457,958.6560675108353,-0.17483676764194728,5097.0
0.8695450275513175,954.6279167770341,952.0251436775659,1.3015517214850536,5130.0
0.5026248905206653,737.4606652571379,735.9476795906627,-0.5522301401592095,3702.0
0.8958928648903153,967.4979236869385,964.7492246455082,1.6520744838203307,5138.0
0.8831264891226596,870.2718139351107,866.734928673639,-0.6395182809234259,5054.0
0.020634549436787997,34.8110682110682,34.09251445389518,0.9188517124113849,195.0
0.2531033549933097,383.82430088488655,380.5296547821044,-0.058509750435894466,2121.0
0.6371169477833273,814.671850641974,813.263482150324,-0.3168276355371316,4330.0
0.39967800441807655,577.0983839568175,574.2026603564834,-0.003820466838548986,3056.0
0.9160346766539681,950.2664838852209,942.7661753667658,0.1611696564276759,5192.0
0.04537256131474299,102.57116299832454,100.92427060661724,-0.2608917214274375,449.0
0.039189243655804895,100.61324494542507,98.03573436921941,-1.4683874959168393,407.0
0.479759204108151,623.1991117875206,622.9540750201458,0.713238715128425,3552.0
0.6779353260112784,813.6455347497613,811.1217755906823,-1.0736752266344356,4380.0
0.4303468042216767,665.1138655410617,660.4904150406858,-0.08300177666218385,3283.0
0.7203701721792597,769.8563304121286,765.5795030509937,0.874819872623902,4556.0
0.2684787372524373,435.46686838076926,427.9755813399399,2.4317209231878434,2254.0
0.06583504259715689,125.00337447923985,121.54247084329283,-1.6637712114280143,619.0
0.06811419815525976,134.2287729825401,131.4913990269976,1.2977366450165753,688.0
0.20988604951210332,379.57885832405645,377.11750243387354,-0.37689063639744674,1803.0
0.8309154955039658,856.746914751381,854.8020064543078,-0.6467867363867177,4960.0
0.9368772861391365,960.4428379138084,958.8362693470623,-0.5194551869514265,5226.0
0.6485554450355295,824.3755297995115,822.7589448743781,-0.757500338163691,4350.0
0.8792001776096148,929.7319335129062,929.3822943153217,0.6480806309721515,5079.0
0.16824776403361763,317.25921675664245,315.5016230852464,-0.027996341267890166,1525.0
0.22137246254136378,370.40636766466207,364.40561345707687,-1.7786600973768607,1957.0
0.4885513433441374,627.0011310487814,624.5307568376309,-0.26332788702818055,3608.0
0.1457782701193745,240.24683254312058,239.5916165335633,-0.09444149493506739,1336.0
0.31839932111662206,539.1760535615582,538.4345694355264,0.3166832417709402,2487.0
0.713577938029692,793.5105580685405,791.590415590166,-0.25809985229553245,4531.0
0.4076404819898397,525.0229646564159,521.2410427317462,0.31971788052927097,3089.0
0.7572116716082008,925.2454756048735,923.7594185556837,-0.5426778664352742,4722.0
0.45442105441520064,674.8079541986792,672.1542197046554,-0.617950097051516,3378.0
0.3023093274071551,468.027434363309,466.4706396438554,-0.8426811777500721,2497.0
0.49909405222622827,711.058568690954,710.3581054142903,0.5568266525325724,3598.0
0.5384487371710037,827.8347190952753,826.8534424551138,0.08655641911112942,3872.0
0.7350098642190187,898.3902063536515,894.7587948892472,-0.9883987136154859,4584.0
0.2780106077772997,437.09990836835584,432.7621842274598,-1.8249141149048085,2367.0
0.5234073303600612,678.1663286136024,676.7410560257334,-0.4772525892986799,3654.0
0.5865068402662442,758.7821673871674,757.4088653947275,-0.4244964956651944,4064.0
0.6026471528181874,765.9637182697721,762.5127480891206,-0.1324175353019084,4136.0
0.8804741937285122,945.7223598535617,944.3982478179702,-0.01831964408743599,5076.0
0.24645509898918272,400.84959891033503,399.45597830981217,-0.1922848296840742,2111.0
0.6406760900312769,769.7027801040861,769.0125620752316,-0.09034643197743003,4281.0
0.8539067792419301,831.9459887371627,827.491802395469,0.057383792130585,5003.0
0.7564947738661122,902.1321695536358,901.7655865969095,0.06014861553088563,4633.0
0.02773791537188597,71.88971774066438,69.05081639958979,1.6650455359480136,272.0
0.854044675205217,924.0384512413583,922.4840619471427,-0.36699640688362445,4988.0
0.6217989490052592,757.4830749656788,750.3921354191297,0.40142210766042685,4226.0
0.468052089144658,616.9707876796988,614.7030288376852,-0.2612106281949302,3424.0
0.06169247419583168,99.31546743098838,93.99677564467284,-0.6198640550388456,594.0
0.27534114209114957,384.6288020505413,382.08895290161746,-0.7724594411014265,2358.0
0.9108654672956613,932.2867115841252,930.6564557416879,0.5898274846505632,5197.0
0.3701840937360139,558.2504835522175,553.0143109954118,1.2242420644829044,2882.0
0.7894491772646406,861.6064945000232,858.3572997987401,-1.3794203571793993,4863.0
0.48210683303272284,694.9365670360202,693.8222291815295,1.6416536336012413,3497.0
0.5411861149130509,683.0295282913279,682.6192682441337,0.29515901128358335,3776.0
0.3448621286170206,498.7257252342679,497.3085946574469,0.36060930680704095,2748.0
0.22680689160832168,346.42035268619713,343.7139707350943,-0.027444388198350263,1941.0
0.46317025690048563,690.4400208220878,685.0466567316149,0.7356614585530324,3440.0
0.9067328906399251,994.0337854512713,984.8444727079918,-2.3497465727044773,5112.0
0.516398931052187,686.2982374656852,680.0791063102312,-0.3621038223776527,3659.0
0.6600009244497766,749.5549105265715,749.1959539708802,0.35942376157945377,4329.0
0.6927493623172563,763.1420260754801,762.0878242721518,0.5870581139276819,4506.0
0.32334370061268314,544.1210542354402,541.6208038134145,2.1621585715239204,2604.0
0.8047708663576038,866.9234163498072,865.5826230609773,0.5223449534315707,4939.0
0.4840590052739532,753.9303316616993,753.2676116783856,-0.06039892494045586,3566.0
0.9273273596212648,986.3022317709944,976.2990492340144,-1.1415653494091638,5150.0
0.7970475972952143,879.5800066176495,874.799421220958,-1.4196444832033552,4866.0
0.8986435556685897,971.111574291144,966.4850327389595,0.4968117045925822,5213.0
0.4814818154053342,687.9253950147069,686.6875239643125,-0.04572431545543625,3513.0
0.060844318731810065,112.4324877524555,108.48563135904061,-0.9948285032251862,585.0
0.4061893203364383,524.735321504682,522.5128412958097,-0.9526993289060955,3098.0
0.45014351790631846,612.4901745721223,610.4892755359804,-0.1852460793731098,3357.0
0.3801179586497273,571.9527269144473,569.3550396784959,-0.1913241873330453,2995.0
0.5076514385749633,728.6762750750638,724.2499524114394,-1.5682979153303405,3666.0
0.41171508551403224,567.1222332064049,566.430333364473,1.0877068777990102,3147.0
0.5149524519245611,734.4001726518298,733.4745657623433,0.23036874062891674,3749.0
0.577925399823315,781.363691172919,777.4357205505997,-0.6478001836684875,3955.0
0.08246211655917268,167.24776490505533,166.5157993993811,0.7200303486532946,759.0
0.8669016424817692,993.8622641968525,990.7815493975648,-1.1698166545864688,5076.0
0.8374427503887649,977.8640110818088,977.2442848909578,-0.38419594158746023,4939.0
0.0659083654352367,141.92530991117238,138.2712723253073,-0.12120596382929354,642.0
0.9747061430537328,1021.022745989625,1018.6985571567595,0.6108985856614604,5342.0
0.11183489907136146,243.1405794773435,241.68960136464403,-0.7939298595019344,1088.0
0.30829569024632053,467.70347928650904,467.2908198317627,-0.0003016788843751383,2480.0
0.8480025263943327,900.8346771000311,899.3623290937201,-0.5260618646775014,5034.0
0.012630717445615502,30.801904761904762,30.36139432764894,0.0379120340689457,104.0
0.30900980141682877,496.6253723096038,490.54864808279444,-1.50685252293776,2548.0
0.7585023467053483,847.5110593520939,845.4189212500548,-0.14669827271648495,4685.0
0.5045952142229305,671.6956192955482,669.3013367378935,0.5999547722320316,3614.0
0.7783720813715914,944.0791384113189,939.6189546428897,1.458490540291626,4788.0
0.8862723269074353,972.7210500636747,970.1506217183517,0.8596918735877013,5169.0
0.8157664773091867,1044.7207519198078,1030.3952268881385,-0.9005789390344362,4910.0
0.12257514151933846,221.49011914818837,219.84926545089414,1.3552535396425622,1139.0
0.7919017291054038,845.4462634718875,837.9919575702445,-1.1248538855245696,4781.0
0.7868587333083366,898.9194478397129,884.4754914581679,-1.2430031452420454,4869.0
0.13067300863097198,248.59825949483877,248.2705350597789,0.4147952787065727,1219.0
0.3134768483420429,433.3818561421412,432.1712220024009,-0.6259753890647551,2571.0
0.7581671398228607,789.5977666369903,788.638539739221,1.3259017277916698,4722.0
0.3674715777893117,612.9878655374634,610.4149143951752,0.7463370197384541,2925.0
0.6549120524122988,857.5162745794283,854.9275573857772,0.8653894127477051,4368.0
0.3794136219061004,517.3789176585149,513.015326633107,0.5168159316845021,2964.0
0.9932883967924538,984.390850595692,979.7947521778366,-0.7742117511059464,5419.0
0.34849210027571653,572.8165814893113,571.7259264977389,-0.6982751579504131,2782.0
0.5409520642766088,710.456964940036,708.7392168270356,0.22262431522881254,3788.0
0.6597507898049322,848.1538309949917,847.2344264683527,0.8805859035775427,4405.0
0.04186984073902544,77.4894399149412,73.94924206190373,0.7340775279764695,399.0
0.9678971489914575,1207.994033801894,1206.5063006296953,-0.308354568935363,5342.0
0.9929399332991757,991.3833214691554,984.7109232340733,2.906569218988789,5410.0
0.3008547201003374,480.1893403231085,478.5844214666133,1.4786334552925726,2485.0
0.3567237375378953,509.1974105679346,505.9600048534729,2.001356997092977,2832.0
0.46608673045350024,645.050177282296,641.8987934570756,-0.8098736253277825,3461.0
0.4615114936527136,629.0468080944106,628.2798190062188,0.1830554246276822,3464.0
0.8867808873262961,981.8645250086126,981.7341407599026,0.8810145846702867,5036.0
0.17944052933043375,337.67817184303766,329.3884455670242,-1.8139781196681908,1583.0
0.8113062944743091,938.7575280906141,937.2022362236683,-0.5171142492020692,4863.0
0.7710571155129091,930.9104647798306,927.2745542765723,0.17314202332510437,4799.0
0.7045717541411414,764.1987271535244,763.7908988870545,0.460400152163471,4514.0
0.057693868880544175,101.06043980726825,99.31372905813409,-0.5461462367497731,571.0
0.12884400809081265,221.37356582165754,216.9038792636345,-0.29419260844353934,1095.0
0.5919143091245828,733.5357279913949,729.2918075550468,-1.036487676946513,3966.0
0.04869838638603252,96.93867870867327,90.24680562944468,1.4345930423642221,486.0
0.5178009009367767,658.7774628521396,657.0564097018207,-0.45519344893736663,3658.0
0.3434701939149988,456.9387739006682,455.0634318596967,0.36352512678406806,2685.0
0.592304830157503,706.6192198731525,705.2664567381382,-0.34063691252134537,4033.0
0.24949759142451045,459.663403586768,454.7454617037234,0.7445271372479103,2137.0
0.3000794532963378,427.162858661697,425.6430499425388,1.317776736867954,2387.0
0.9798436845478874,1055.158009636881,1052.4113656542884,-0.17514346159087102,5358.0
0.8330630338817812,864.8464539483282,863.1790558333137,-0.05675674438345582,4955.0
0.2536040263720579,433.2556555345854,431.05732538393227,0.23428513217824834,2155.0
0.1343998330206415,234.7573453393606,230.77775725038225,-1.5368753288519992,1197.0
0.04383430823361745,86.68086091624939,86.00128941950602,0.6196982136796778,408.0
0.2454952354771811,358.24173232832936,354.68020699551477,-0.028186572943059884,2037.0
0.1210474490494341,202.55311134848378,199.2807327840882,1.7928962415283904,1097.0
0.501008893636844,701.4200829512595,698.058790527815,-1.007530302663797,3586.0
0.393314957806156,574.646101465893,574.4245160112459,1.020280396542382,3015.0
0.028028709179000244,56.48196000741639,52.78846642195906,-0.019274967682525113,270.0
0.019744653690143,44.91970342814333,42.14245959236018,-0.78120683764709,210.0
0.5597724972551336,729.5172971680273,723.5759447437067,-0.965266953111346,3875.0
0.9186068419198096,993.5713547119962,989.8487907273993,-0.8528561361419588,5193.0
0.7689806449856665,881.8176667840462,879.6775081468909,-0.39531597905860644,4681.0
0.979199356500022,1056.2758625253098,1055.0236654961775,-0.1429612910312298,5377.0
0.7397144706811242,845.6695276680176,844.2208807647927,0.6607719601311766,4610.0
0.5783056638153443,644.7380902162462,642.2287967469888,0.046725765500550284,3941.0
0.9330186730431218,933.1925036960495,927.6147608222491,0.9312678712509671,5214.0
0.7374634453873811,834.1059669288569,833.3645861673701,-0.17642815648467036,4628.0
0.024210541856681922,56.69432792879998,55.49101719027721,0.20776173549739954,239.0
0.41574630341097873,587.5923171037667,586.4053334171784,-0.2631794340110858,3216.0
0.23235585348589494,394.1567752605653,392.03782795221787,-0.6591610210503899,1998.0
0.28820486805103684,417.8813264883042,412.91097407073744,-1.184050100850417,2387.0
0.24044489082642617,404.5782037288717,401.03334071114205,-1.4426508191415635,2039.0
0.06487819398950445,118.66011380555699,113.30894709173488,-0.30251694678692265,597.0
0.691923687004878,805.8113004606641,803.8880464532449,-0.6668932647326865,4460.0
0.8247111480086965,878.7659029665213,877.6728398548751,0.5480844316997336,4922.0
0.6466021555776321,798.2396477635027,796.3069962539851,-0.18579513773656872,4307.0
0.9769360896422669,1072.2303082229164,1067.9960014290416,-1.662181799151791,5423.0
0.4854802948682475,709.5607606784707,709.5018390099003,0.592966308670137,3541.0
0.569451700977815,853.5495223466409,848.5037289747302,0.800038654479523,4024.0
0.5988474163819991,763.0487424909313,759.8554336248465,-0.9691406213923348,4024.0
0.9702619911974719,1011.563019000482,1011.0775475470823,0.6108177750154881,5337.0
0.8067158801618195,897.1839415461147,895.6595880446964,0.6986197035985283,4809.0
0.32534137123076623,432.55666210832715,430.68694995156903,-0.608591316347585,2632.0
0.25642806204074786,418.4713573133168,410.0608490705498,-0.5441133355932434,2112.0
0.02334278896389963,46.82371061432846,45.60416573899697,-0.42067679635976885,230.0
0.12057288000077049,257.5721858594723,254.7944360123962,-1.6276006572056785,1121.0
0.6289349147393907,807.9334137292809,807.205034991936,0.03816746003776465,4177.0
0.8940593071212424,850.9439931563742,848.7457188251345,0.018033686319842798,5198.0
0.942491081007864,986.3969467512006,978.9119579231539,0.14076909948497612,5273.0
0.2522845026338453,388.35172310467397,386.24742283480504,0.4705317125348458,2064.0
0.9184216436881886,901.5715148926809,897.5158299856824,-0.5638617680378027,5173.0
0.8094393386907787,813.4395368461093,813.216534939854,0.12775903531119878,4952.0
0.04767280202463842,106.9098747855963,103.73182233128375,0.20560651219084738,457.0
0.9692582558214263,992.1264824795268,991.6932029269278,0.7996358165466438,5346.0
0.8587746127398139,894.2232610550225,893.4167748431104,0.7294381613697656,5086.0
0.6718631066103736,869.976674090178,869.8549112425516,0.896735453226354,4359.0
0.43982363611748077,590.5848519632353,589.9050401627431,-0.3489833952839958,3323.0
0.5321791577153783,697.7615968821074,696.1276559277567,-0.6676201674400067,3749.0
0.28707261215384683,453.36811788920176,451.9324758853241,0.7777435448307572,2397.0
0.7961672918053301,878.016953072811,872.5076517989842,0.5896896007168272,4834.0
0.8166666705998349,1027.913727584904,1025.9824774690162,0.7428287101205311,5017.0
0.017550103273395123,37.54813766137459,32.13224116057145,-1.8322941766510108,177.0
0.052024074358956174,125.23992013183772,122.63168319117376,-0.8154150125265441,495.0
0.25629063387881523,431.30164944447324,429.5696779874604,1.1745884798259372,2146.0
0.759173553938664,904.0244455729991,902.7212213666785,0.5147421921418804,4721.0
0.2138108535391846,377.8263059781475,376.2948625901981,0.38111387056710466,1787.0
0.24457715757243859,430.1927052942117,424.9538059571666,-1.7992294495969787,2109.0
0.9341414846630121,856.0035819020592,851.6936707452343,-0.999511898678503,5266.0
0.4625966866521608,644.4666205543532,641.7753088496803,-0.3190808229484457,3367.0
0.5775588592629318,801.6937315889566,795.8441601732095,-1.8051392273158933,4020.0
0.0009741932981048862,,,,10.0
0.010163608144755365,31.479832810867293,30.356024476818877,0.7963657979585338,89.0
0.9672838795118627,1050.098381175498,1048.5696365856534,1.4555007492821943,5307.0
0.6442502195438299,846.0226124760154,844.5274043637249,-0.020040947478917256,4238.0
0.21671644858791728,383.5473932019494,379.87275516456583,0.2797676116027077,1881.0
0.007012838536968324,15.76923076923077,14.561384914326089,-0.12407031564965633,57.0
0.5344324439683157,692.3962686781871,690.0564440655647,0.48613852069856284,3837.0
0.1260932597317348,226.48282060158076,222.38690332576033,-1.1511076198618457,1143.0
0.014178249585289349,22.395051817252956,18.47329121194716,0.22485382188457914,130.0
0.9677536534273576,1049.285750281381,1042.4689708672186,0.7666152432444597,5407.0
0.5254842248297125,738.1037474427619,734.9711392285312,0.3188854245710492,3694.0
0.041031643999334566,53.17027839253458,51.5692352429042,-0.08893083399448123,386.0
0.8503608816505157,822.7826757335722,822.3952560582358,0.9432821777687623,5028.0
0.517860052856695,694.6766352049272,691.8664230791428,2.0628886143389495,3740.0
0.527180484363758,714.60163515163,710.0109442316527,-0.3861224965487589,3771.0
0.829332535900552,903.029084251412,900.0847832936226,-1.1221988175619944,4994.0
0.26180774528008277,468.1772484804841,467.54398199227154,0.1110381233569621,2158.0
0.6200296819374139,847.0928361068499,844.6231831086965,0.5062669874148298,4122.0
0.7684859780894336,923.8584477481729,915.2283461047682,-2.153452526441377,4725.0
0.7197500441575769,822.4266249124937,816.1257848792789,-1.3196694252468903,4539.0
0.6107223033559829,813.3094475318611,809.7236254972646,-1.4023728753045055,4071.0
0.5760003754447149,625.0307213899251,618.1836895351255,2.3972428750618793,3981.0
0.9126892203370928,1021.4539492772635,1014.1328963356702,-1.408684081549408,5193.0
0.9302337233349274,964.0009481073342,959.8248494864374,-1.541841812922039,5195.0
0.6951651850388347,905.93608102086,901.9844012352611,-0.4768403741183503,4392.0
0.515044876569271,780.8101736356019,764.4465476067808,0.7644469416448513,3645.0
0.9708482360873453,1005.4581040864779,1004.9768238556026,0.6924597999676959,5352.0
0.0064141634178448426,9.908624708624707,9.33496071046636,0.2506681971661825,68.0
0.6893045327224423,939.7731206505314,936.6662075165126,0.02825176199569605,4485.0
0.42769597178958907,606.5963196561376,604.2741694537655,-0.583930213873475,3215.0
0.5981824900113114,767.7260944141451,759.4096429944855,-0.15154211819866878,4063.0
0.06354952782535417,126.66869992505106,126.46909299881567,0.5564754195567503,623.0
0.3159365423261701,487.4842122157281,486.6975041650876,-0.1738304329183182,2568.0
0.012420665663265495,29.430139451192083,27.076480776784063,1.007261897722991,134.0
0.26865418508576666,463.64391853712056,459.88922658549626,-1.0934857082325462,2266.0
0.6611929482930189,766.4492586390352,764.328078773487,1.666815707568835,4411.0
0.41107395153727067,554.8014779916474,549.3616847521556,1.9845308699328656,3164.0
0.8685522726944023,904.5304947516114,902.8725266676051,-0.6484238623124632,5072.0
0.5442184092532294,740.4203788429489,738.7015846337642,-0.9389338821395159,3835.0
0.5545303872569081,742.4210511197468,741.0392475671919,-0.18611428390478316,3808.0
0.43972712436889405,655.0821963222864,646.8943900346718,-0.5772183592736003,3304.0
0.7564796706511318,791.2198645345911,789.2462148349348,1.082630938592642,4626.0
0.34434648333237117,457.002078294139,456.5002625132187,0.6335659409905218,2643.0
0.47176753724911846,696.1506269707628,693.5982925338491,1.0357399406165635,3391.0
0.09506930357805932,149.86099363645454,149.30711351536124,0.5578710839568911,842.0
0.08076708450113557,177.99257658746055,175.0374885182325,0.42057165215717124,809.0
0.9953861522335065,1002.7142914443392,996.6396998233249,-1.6396227772010983,5427.0
0.3413779056027959,576.0322421549266,575.7806772411075,0.869946537385085,2785.0
0.633376948626104,813.1001719719459,808.7857605822836,1.7791296299607489,4238.0
0.9556204302938021,1002.8215662229009,1002.5923722401701,0.16378129708382141,5322.0
0.33914753902305306,491.87256316261085,491.51788667218705,0.5532123458440206,2678.0
0.18438373291648913,363.1842764407893,362.3420194786305,-0.44197177222986844,1637.0
0.03700377995038373,74.57212232212231,68.19169617812126,-0.28995341109492384,352.0
0.4128924894336401,588.5430532171175,582.7078694255157,-1.791691282372177,3205.0
0.40452937585916837,549.2009984984879,545.3195257465252,0.5656178142102264,3060.0
0.11995119210853078,213.10068440927952,210.08252213581451,-1.2095840426546438,1124.0
0.5942074601795191,734.9291797104613,730.5559100506891,1.342900191776779,4165.0
0.9903717524261635,997.1083050287423,992.9153906606639,-1.520163167898188,5455.0
0.1950346050161036,266.47755493817414,263.1202915556322,1.7158563315526707,1685.0
0.5452818469693984,668.8493554587074,667.8434614548806,0.7558441007524589,3819.0
0.9444133397810505,959.6018950101195,958.9408143913901,0.1899393825841229,5376.0
0.3010822481235993,466.7766845153715,464.31094732613985,-0.4223973020326772,2469.0
0.8738656043150347,935.8267827716528,934.5586645704668,-0.3768515348524199,5061.0
0.6436327323432439,778.1208796340901,776.5143040468275,-0.5530833539966602,4137.0
0.060796332706083756,120.63219060811683,120.21623310351121,0.17661559506028304,563.0
0.21667595884276236,363.58807370712384,361.481642664136,-0.6452872364880454,1873.0
0.6428622785550527,816.2492070082344,815.0357752624728,0.6930385729590014,4335.0
0.15683411718532747,279.35924423608344,277.2213193643404,-0.8423721255074144,1411.0
0.9953875495061563,1011.3153186362813,1007.1863221798197,-1.0991597175690588,5353.0
0.7954163201701356,912.6287093941772,910.43253797008,0.05378349119367358,4764.0
0.7819151811835402,865.6753017922335,865.289306349784,0.9388178774973026,4812.0
0.5902434670671195,790.7784720656164,789.615245086132,0.7236716900701436,4023.0
0.642295362787839,768.3378921768358,765.0601346391707,2.5198738079140424,4260.0
0.8990463128307519,926.5770077807696,908.6409539873921,-0.050916490143316805,5126.0
0.6100796448145427,784.5166895190864,783.3057996645953,-0.16302067036648968,4132.0
0.03728905825768403,47.01844901248776,46.24042846783109,-0.005196779263347957,402.0
0.1510125561575233,239.24449428762608,236.4152832784625,1.1227988720161963,1371.0
0.9263771836965401,1040.0175049968516,1036.7600944202422,-0.16267345238002756,5283.0
0.6222105710467597,810.2893395939543,809.6958905317483,0.5198028224602802,4167.0
0.3347823774927523,487.89263333485303,482.40366383351284,1.2372390182234805,2678.0
0.964351369463367,887.2516090402491,882.6198818168757,-0.7239024087861348,5297.0
0.18065301861827754,254.805721830305,253.490164991512,0.9590956627759041,1621.0
0.5121870235557446,619.862232192935,618.8000824559992,-0.2946911882649283,3652.0
0.8842222525655774,899.4468194476747,894.1378802891135,-0.7160217621016708,5133.0
0.36928049673811114,602.6816070601964,592.6623260758475,-0.10443296643686485,2890.0
0.03383892803485511,67.82145859604876,67.68909008511326,-0.06825124020007713,349.0
0.3478290736674452,505.73478369256156,503.8338930952499,0.47732635450333794,2810.0
0.3005627469879507,462.8859012961025,460.0319230236635,1.5108864856450783,2427.0
0.8578650271151789,912.246758027482,909.4032703907842,0.05910215384220741,4998.0
0.3718756068192278,608.916744044968,604.0334880518128,-1.3212289189560869,2912.0
0.6799838691485076,812.0372486957712,811.6641393047123,0.16237299473827013,4448.0
0.8174796928505598,894.1782175026605,886.7453299445172,-1.0505217487106093,4870.0
0.05808415410964052,92.2201059790617,91.3036614222715,-0.45927119777226466,536.0
0.3809102841541835,556.5033829250675,550.8730796397103,-0.40670667077723244,2967.0
0.23408895851418243,385.9898338909172,382.4970333064195,-0.16744282061280705,1971.0
0.8098248629695812,922.8606394936219,920.16899450053,1.1628572612918984,4841.0
0.29774692477195985,540.3645875306838,536.8053018044039,-1.1410083281688528,2427.0
0.7485081732159015,862.9990530863275,861.8612400299743,0.5936571440324165,4746.0
0.7182844499861938,797.134397154792,796.2992666143779,0.8076036757632431,4494.0
0.6762433317406213,897.8768693889667,896.4257581791961,-0.3838555663573887,4356.0
0.6436844895929399,761.2533444071262,758.0370207714138,-1.2077556995714158,4259.0
0.7535599312543968,885.3421113219289,881.3734138429808,0.4791431585701385,4655.0
0.4886251584933521,611.4059743567763,607.0046869367857,-0.7055013245421392,3555.0
0.2711279662998898,416.67504324586565,412.1219948285461,1.737575725551503,2257.0
0.5190758334867719,682.4635386499257,673.4251207365401,-0.0665100167851866,3771.0
0.7557144734873942,883.9172903455525,878.6351653229283,1.0426857331774726,4639.0
0.9905614948836311,1126.1846879755226,1122.0780488256726,0.009791632380412902,5417.0
0.9039435666544474,950.1511038224016,947.5836732343433,0.326565308894484,5256.0
0.9166277208945491,962.4281796584964,956.1097247878206,2.9892137563700483,5145.0
0.32932983089545276,521.5485403488079,519.2639573124973,1.8839761164734996,2655.0
0.11790929746040002,205.20306669949963,201.24224555042105,0.9856506412643995,1069.0
0.18480625686289576,318.7627525707923,317.98471711679605,0.620989380836969,1643.0
0.8057259629467968,864.7994945146622,864.1809338320336,0.38829358652355833,4919.0
0.8051274261366799,875.2811534748733,875.037301742675,0.37115278270682056,4879.0
0.32238787421678017,493.72745533677886,490.87100118448893,-1.5338379130252995,2638.0
0.6211592532311855,787.0204232693378,780.8400682966949,-1.1621086933314195,4111.0
0.14965548378437288,253.28150713633508,250.57511169533862,-0.4522891860474583,1338.0
0.8083832652642601,937.8461011942494,926.0703361619994,-2.482755659959287,4896.0
0.221994475737599,394.6214057152836,393.5560741262744,-0.18276115368967566,1851.0
0.327999319430498,463.15056184133607,461.7190692216762,-0.6235687173994531,2658.0
0.26385787799011207,454.4079955988947,452.00105493954914,0.07263022248030657,2164.0
0.13723733989747344,196.35502369309066,194.02771470863485,0.6266381483264464,1212.0
0.45923986458072874,604.1703080217231,602.3091987906377,0.6836266454336738,3448.0
0.844297866857079,954.8779882398705,952.8710756337094,-1.006306561998867,5089.0
0.06528209326377077,144.1420469489535,143.5381817650626,-0.008582507848756733,603.0
0.255351058693269,390.58955963298325,386.63528305772576,-0.9454582160104212,2157.0
0.4592895368658191,637.1419839568405,635.8054289682556,0.04589000920930955,3321.0
0.2107408912975104,394.0666202318361,393.551549697799,0.3109481004463809,1824.0
0.19908115099985013,376.32922332411965,375.8885234120753,0.39713886600693155,1718.0
0.3799798843722185,587.0180180089382,578.5996595846623,-2.178430936992724,2891.0
0.31994681278946924,457.3570230012199,456.7942559219708,0.7528235252348933,2564.0
0.6555098949629368,853.8199149109241,851.4976736945868,-0.39002076374431455,4388.0
0.06718995924134163,95.44461129475172,94.80786410664331,0.42955073065773525,633.0
0.5464535861612837,735.1607127572356,732.6445232491211,-0.9154635517233918,3845.0
0.39774122722924,549.4909046578274,545.5719605608679,-1.6520305945217686,3107.0
0.8976385675000244,908.4101735658608,900.2491468816697,2.3102111136208157,5051.0
0.33420644322840787,501.56511687539245,498.98597694689147,1.2928349351625403,2595.0
0.08889715379308694,147.12587071547816,142.55375969135955,-1.6577568206662268,868.0
0.7855642312656586,935.750994116148,933.3133071225291,-0.46450900523744293,4757.0
0.5780987225149912,805.4825508396158,802.2662831872852,-0.54302248845863,4006.0
0.6923652297784912,789.6488550722513,789.3272031628012,0.9217034297056481,4414.0
0.2702232493050176,460.4708117449449,454.6446832134338,0.8663236231351418,2243.0
0.3631738760370804,588.0991629940914,585.6749407591765,-0.9613371111247663,2817.0
0.4539847802351512,711.9578333910923,705.6914463971946,-1.5519539238201165,3404.0
0.9118243476143357,935.2481793361993,934.3838145437518,1.0284832512428848,5127.0
0.675419226081114,824.2952265401265,820.4771587341389,-1.4830583313047476,4460.0
0.315685201306832,448.63193493499574,447.66229525098794,1.0147807468855825,2603.0
0.23272230419574824,343.91481711924735,342.95419139414116,-0.38542714341700884,1925.0
0.9941171825884809,864.5928130768502,856.2973521405304,-0.04256782147855078,5329.0
0.3384806138873089,572.9690642367326,571.9357858506731,-0.48704358954243,2727.0
0.2991504349515872,485.0274449561032,484.9639911403748,0.5183038130764865,2505.0
0.6405927941092912,855.4652138196824,845.9205817145835,-0.5302488313020546,4241.0
0.6247107710540255,806.0492328214707,805.652384645895,0.7173019215795807,4139.0
0.21483271605897714,438.8584641380334,437.10375303568907,0.3984938077921096,1873.0
0.41879843765024505,554.0505506167488,551.1311678319981,-0.5329767652071523,3175.0
0.5451397598159241,667.2419431277807,663.9655903765121,-1.1193370847285442,3874.0
0.09681665516872895,157.29498928336304,157.13159578933147,0.31044019868548306,886.0
0.4552338613662642,549.3742433739021,548.0139678345602,0.6101107752475619,3334.0
0.435990872752236,577.1687989988621,576.5900571864481,0.08552139620198564,3232.0
0.94703457813641,995.3353295977068,994.6566896380263,1.4853580339198775,5317.0
0.4216771442763235,630.5759267550886,628.6937764102546,-0.2943536363457916,3137.0
0.799668007575214,983.4844337473841,976.4516568101744,-1.7077328210666087,4830.0
0.25218244371513665,405.43421186024244,401.17531988172664,-1.6511405451205672,2214.0
0.105302202110506,243.12761137781646,239.07393152658423,-1.2354758843106952,986.0
0.5481915749227418,771.7211066003888,770.403823262907,0.7730678483604074,3889.0
0.5960746820482399,721.8702144404931,721.6436323712439,0.08342454909715998,4154.0
0.9983518858257184,1090.3687948356778,1088.2277555599214,0.2627912018190854,5535.0
0.11789534356293474,203.36853050113606,201.7321232924428,0.472865913530461,1117.0
0.48108466857658805,706.9141280603122,704.3129546996187,0.5946411933251632,3476.0
0.1426425067529331,289.0248131638987,281.69675362932696,-0.6946783555694014,1340.0
0.9565048971897859,948.040625336762,944.381790044535,-1.4339900408746442,5304.0
0.862030466664057,998.2555204522378,995.8234782161985,-0.818094991145948,4981.0
0.8602174888189368,835.2302147629435,833.0449855012931,-0.3016649575117027,5043.0
0.18846829798368525,307.38826612318775,306.5135509312013,0.01415802449294123,1656.0
0.10881690763956808,174.75653344124837,173.18458249906587,-0.39526404380583835,974.0
0.23137013789573768,333.01862761210737,332.89492204803264,-0.09883127481692235,1961.0
0.5138773301647733,662.9446009939136,659.2125079063285,-0.035123091481607485,3584.0
0.115830505038093,202.79756110489282,199.56363669109845,-0.6986369440679888,1058.0
0.5541144306249121,724.3120763175208,717.3331140594124,1.6123692451418798,3875.0
0.8349556686897182,903.9686437594003,903.0503711962897,0.6548969321808787,4938.0
0.41939042159487006,562.0673702710009,561.3596716263884,-0.17101389889499938,3272.0
0.09336529475357169,162.86557659622588,161.39376748641405,1.4320758126314752,870.0
0.2106340804206619,354.46612505541555,352.025208696894,-0.6734774579745473,1820.0
0.16371722570373093,239.30153897795992,229.0091664892858,1.3694799271221327,1429.0
0.06392922193888351,105.1648126592571,95.21703228571607,-1.2747122914196234,661.0
0.4167134682574207,604.2139532829502,601.6254820541722,0.8308949766494824,3141.0
0.6885859511265429,803.5859405051872,801.4021174027504,0.15234299125113202,4398.0
0.3885891824797181,506.0554391236117,503.90475116937216,-0.30565767606034516,2940.0
0.655146266647822,794.6434602436779,794.5289743438036,0.7529292139974219,4241.0
0.0016729513011443098,,,,11.0
0.17821995867554274,293.63063246756127,289.44148770368423,-0.4064024212795832,1590.0
0.46075914434512977,694.4327171259156,691.6392995453174,-0.07316763417917738,3471.0
0.9120100172796782,976.4823797433979,973.216408053352,-1.2339810254419137,5136.0
0.16019108541893878,266.5572318473785,263.64472714185763,-0.4050864403091826,1484.0
0.2602539747602066,370.2298605737861,369.87959865497635,-0.08600455077292433,2147.0
0.8883541015799384,1089.8056252421661,1087.9144234160658,1.0641280508374726,5099.0
0.605801401340154,802.8779701523733,800.5982435560353,1.477610349502302,4042.0
0.9396387851087743,1058.1814333695997,1057.5897003315288,0.04233973465083939,5331.0
0.9301566456223339,877.976710908904,876.3960323995443,0.3230934911815222,5277.0
0.5788146490698572,727.1583529548165,726.009450580275,1.3272840358523903,4090.0
0.5636579065239085,766.560737843823,764.9228937894818,0.0820031088449058,3992.0
0.561494078277208,755.3031195798962,754.4655815293422,0.8220721665925871,3917.0
0.7383990460671648,870.4287803314531,869.0226994989483,1.956516712702331,4600.0
0.9707688180844503,1017.3287658306494,1015.1289176294728,1.4574978561971996,5353.0
0.49736374027757546,709.779204088118,706.2559304841959,-1.1814034980323287,3575.0
0.8726727134037271,964.4376642966002,963.6177422777569,-0.13580024105933441,5093.0
0.6645609668137812,757.807383527773,757.7623219357936,0.15930188360739328,4305.0
0.18824479589079368,304.00058930925576,303.2607011488734,-0.624009663399512,1701.0
0.051056253816408104,51.745337549558,44.674998054183135,-1.5710068124782024,478.0
0.142693935915016,250.0926616303489,246.06913572907033,-1.6104158871104781,1295.0
0.25500840183138107,462.58237620195024,460.465644342642,-0.9774963958790788,2222.0
0.8652674914596942,891.8827578464638,888.1106721168195,-1.1346420435810536,5091.0
0.7143964460757947,813.3880772994977,809.8331797826164,-1.4229267914806245,4524.0
0.19586371399972258,365.4361985502763,363.89048709041305,-0.1354435026377492,1757.0
0.6101237041786878,731.6975133976024,728.0738284716597,0.2618909729594061,4216.0
0.7058673770096487,778.08446877838,777.536099694519,1.155229378752325,4468.0
0.6022304573343733,786.8465390583797,781.0016151072675,-0.5315456944551868,4086.0
0.29688979545802474,481.1200121574966,478.11529161575027,-1.1953138192550299,2436.0
0.025779783508411258,21.517382872711583,20.27514388671236,-0.6783688409126689,232.0
0.5007335378233198,658.6993358328048,658.0254619379176,0.41250720356809795,3624.0
0.9751366582064355,1099.7012148444803,1088.4544681430991,-0.06263887339880894,5371.0
0.3439295372060732,491.3295609668281,490.7935412358211,1.0398065517721176,2667.0
0.676497598938431,757.9475713817217,757.2019478547588,0.9367650131257675,4379.0
0.5779641804040485,722.3605371215547,721.8474617038345,0.8645601423904644,4013.0
0.33649110526862547,546.8795714987142,545.6299366636923,-0.5748700571730518,2715.0
0.15862631188260568,248.65880737794433,246.0083499040085,0.9093398369629542,1387.0
0.04447102795358804,103.15134585368354,100.70564686400763,0.8845105004254638,440.0
0.06602926731135617,114.730092283306,114.27346023531034,-0.4777934134571091,651.0
0.2684469002630132,427.06365640233594,422.43475415802084,-1.6375816543570922,2196.0
0.7023719953070452,789.2650631028985,788.5789079785194,-0.2775950573438938,4426.0
0.48863711416696953,678.8382815156438,677.6367176082244,-0.186455204810981,3651.0
0.18799290896382204,341.4353481491953,337.3609669250589,-1.257175109173018,1649.0
0.14723324852392383,275.5657192575175,270.9227941239864,1.3477885035398354,1388.0
0.6335335824766376,782.2718821114291,777.9169325756247,0.06669192294402168,4215.0
0.47313053323972376,630.5169580204719,627.8494461484726,0.9249453303392204,3504.0
0.7291756165530204,787.0513813895469,785.3111384439704,0.8882293211208135,4565.0
0.37419135603627274,585.0320186085688,582.3724412776277,0.017860749433996785,2915.0
0.01859163653690421,44.20738225492045,42.575556114936745,0.3958396398611679,170.0
0.308989926876893,431.88057716626844,423.2237897295208,-1.9146018050165028,2502.0
0.11998803690434856,203.66301395393467,201.42690694274586,0.1653344187594044,1093.0
0.354864013205503,466.3251457217067,464.17554969482046,1.6252721022645085,2725.0
0.761469229951123,901.870433795467,899.4653886372339,-0.8352938530597314,4816.0
0.641205773558555,779.1381585752805,775.8791929910017,0.2844886730050318,4319.0
0.5424373727180581,700.4218434995929,696.9327326576982,-0.48409179039435113,3771.0
0.7796175837818026,892.9111320185724,890.8487570556053,0.3917151118651206,4845.0
0.31890150563844255,453.6898785364081,448.396958248013,-1.8431917193585585,2571.0
0.2038533903780657,270.7191640299213,268.85102868928004,-1.020438198625781,1777.0
0.3534806090141127,534.255718580214,533.1139790848076,0.7582949506274358,2855.0
0.42704895344937654,613.5211207237635,611.4950588158215,0.38961378596968316,3198.0
0.3008436865772849,537.1608335872552,533.5465741003494,0.1894483275791708,2480.0
0.3039424087328313,454.04120919362066,452.2120109831526,-0.10638579545546631,2522.0
0.9788049405273368,1105.2783215116312,1103.253178697801,0.2389678545161551,5430.0
0.9824883379371705,1007.3950942539096,1004.8483263493804,-0.4387208033643627,5405.0
0.1046938468489177,244.8582233724479,244.39461755193915,0.910483898707671,964.0
0.46900839429353836,623.6237323200214,619.6724284887819,-0.20725926154699073,3433.0
0.09286174256335167,161.51664181081108,155.3699138022544,2.294198493817359,894.0
0.22828006421251934,342.95422713743227,338.4068828494877,-0.6083263200920389,1946.0
0.0830730013026525,194.00799541318628,193.31900702006965,-0.26085552793671646,803.0
0.9401598596153148,862.5161720109091,860.4183284590193,-1.0406580257400855,5275.0
0.9378669486145774,1015.407286192937,999.8553699121167,-0.8904700690204453,5281.0
0.9703309170283796,1036.824756451285,1034.993109720364,-0.2446704046220523,5356.0
0.561091884538451,658.4746316801044,657.7970600884261,0.13943528363548954,3866.0
0.22702711982738488,395.45292012529376,393.2000135744596,-0.3254274103774711,1976.0
0.6181388641659443,828.5493715788211,826.4275106197105,1.5017654034547259,4161.0
0.6396351568376,802.047332149905,794.2689321013233,-1.6997980182594812,4245.0
0.7992650776010971,825.2069600367843,820.6486120014861,2.3625327035396992,4785.0
0.1500550569150081,288.81525541263903,286.9468303334255,-0.7300581057485225,1322.0
0.3778800205310828,561.8533924718811,559.8833918527899,-0.6242538288343187,2921.0
0.9528095891019787,913.95412342356,910.8864017151215,1.0387605606899013,5275.0
0.15645017332213873,207.00501389337666,203.182036171588,-1.0197283080417983,1408.0
0.7973251114426365,916.0401129917772,908.2254442651442,-1.86591474464749,4859.0
0.2672668991956223,467.5144064134902,463.2709017186055,0.9469643014377243,2280.0
0.2532689899683961,410.0343581385902,407.9848903241827,1.4898463263713038,2107.0
0.41222330302820664,608.8329420122478,605.3087418801289,1.5770769500554738,3114.0
0.9659636768261941,968.9006151683486,967.7115297409883,0.21775931256108313,5279.0
0.5604190692945851,694.7310130255971,693.9065808812318,0.8621590698112233,3975.0
0.6154351677536715,700.9418888493757,700.5761513557402,0.22865351967236858,4170.0
0.33096229014282985,497.5966790136634,492.1919180149649,-1.2018578209696056,2656.0
0.08730738440115837,167.4414207462536,163.81117043797525,-0.05181865384299051,806.0
0.8597151848256535,903.0746645943639,899.1325117839582,-0.8569010153824984,5037.0
0.784814358221851,953.0115885142336,950.3001307661324,0.9917129746350253,4820.0
0.027510106933742562,58.238428504482634,57.990180582464085,0.6620361205449468,268.0
0.9767626944944602,1047.1087379604323,1042.0245060421464,-0.9550623621705457,5448.0
0.308238367207455,511.77225798282973,504.517091790075,1.44384253945042,2499.0
0.09781123654417523,175.0250189667352,174.1270407910216,-0.8884164577033795,910.0
0.21560344264267717,361.0940724011517,358.8670379250891,-0.24795292253258436,1858.0
0.5976510289463653,844.2395578873857,841.0971897268073,-0.22355029431710688,4082.0
0.17734074432643443,334.58995668401604,332.3309402789599,2.1882227218431685,1610.0
0.13794565795286406,217.62341997368182,217.34611146600406,-0.18707064763214568,1197.0
0.6784261345543502,747.9259864940283,745.2919841956912,-1.336126372564508,4439.0
0.041051581990239394,75.37096194836731,70.71160066177266,-1.6004019715992375,368.0
0.8883759331837369,1003.9424976790764,1002.5332846182641,1.2046419327313604,5088.0
0.8287966072504557,971.947966995938,970.6150504293554,0.6197028974300216,4978.0
0.03259831022915105,55.41994699919228,54.30696867892157,0.05175990920231784,314.0
0.8792232097130309,1004.6822125899757,1000.8125871569272,0.508160928565652,5193.0
0.23151858690736205,365.00283843136936,363.93773049620813,0.8064298077315382,1955.0
0.7171234510415496,929.4813609075178,924.1348907118846,-1.1623506879818137,4542.0
0.44612976127439075,654.7096536166446,652.6464028927393,1.6802622852766873,3406.0
0.4260112145503405,618.6334210435036,617.3540983102096,0.1561128066842768,3229.0
0.48362911272611775,667.1118768985837,665.5486674339522,-0.7718653227192255,3550.0
0.046436598351139335,93.13554377647559,92.10007125547607,0.07920002237505312,456.0
0.0006014765216483253,,,,3.0
0.7850487106622757,945.7602496187376,942.576869691921,0.728463332751373,4864.0
0.9348768482396412,1116.4001363568077,1113.8728094502703,-0.6299458010712529,5208.0
0.6455697971388562,733.2717386978183,732.4985111886299,0.3664352288325513,4255.0
0.7072154621853738,933.7979178759957,927.3107993853512,0.07455809499046503,4508.0
0.7050127932345434,900.573593427845,899.955864641111,0.9912975139695377,4570.0
0.5602946101592392,722.0628362824696,714.4777462627301,1.492189907241474,3875.0
0.5553469846290052,691.3465189987502,682.372847079666,1.7231012449338086,3873.0
0.6461630012424271,844.7727396864963,836.2702073440356,-2.3891262080782614,4304.0
0.4338299613620369,654.6900364235331,652.7087017513171,-0.4318482865529484,3318.0
0.9281740315026541,907.1713220709569,905.299754324283,-0.41649637581253085,5257.0
0.6658484404203929,706.5605331736742,705.2765233266981,1.1280327034792288,4395.0
0.6384575129707962,777.6162853304136,775.9462066865973,0.4021541332747089,4194.0
0.21563127759386036,361.45414217143946,356.3479762074429,-0.3881432382842962,1863.0
0.20541728350947375,334.52428080414734,333.5679447366345,-0.13360724263544252,1815.0
0.5296564402519083,643.2470023174776,638.4659354198716,-1.6294002218808046,3703.0
0.6506324798818093,767.923648045647,761.386722900182,-1.625573847512549,4390.0
0.22511118212190573,415.90504879221027,413.64123591140867,-0.9630598027020669,1913.0
0.12287689202791141,235.89581492171334,234.80486845807025,0.988346798078108,1157.0
0.06557275056826672,123.55190680064074,122.18525367947001,0.9102861671895707,651.0
0.16554873220613786,263.0341150691797,262.20896755805745,-0.27193549400791983,1510.0
0.47796088927983627,743.0358297177047,738.5414977480822,-1.4200421884907912,3467.0
0.9630881607779089,972.565950876894,971.5174797090591,1.1665413869544936,5395.0
0.36124753582235214,535.9987029573938,532.9447647795048,-0.8973180419911092,2816.0
0.21421355804311726,314.4416533596996,311.23867275973106,-0.43838443288308715,1858.0
0.29891813955066726,470.61881139186534,466.8724197307581,0.6352948492086061,2426.0
0.799338449968706,997.7195678378688,996.4847580148795,-0.1634294595799926,4901.0
0.5912581830571,820.8433203292349,815.9819266226583,1.9025936788891562,3964.0
0.6170969845092241,827.3348624350423,824.4680244510431,-0.46414081312987926,4181.0
0.9405850836198518,904.2902176356567,895.4155603011349,-1.3217497706228512,5302.0
0.2816705521998317,421.3960801286976,417.9600272431838,-0.8729053035687575,2422.0
0.8861276168476058,991.8159654154556,990.5327250051039,0.07887350424934131,5130.0
0.18276704559780876,322.5199425912027,318.2986291948111,1.755496410513549,1643.0
0.7837351799089652,902.482174979227,901.7090792948726,0.39877283938276836,4865.0
0.9096608817350754,795.5889271920627,791.9585640559062,0.9549840105613719,5132.0
0.07522242373438648,153.39129967336584,151.6217087116667,-0.4686242216367346,743.0
0.8659079819568766,852.9511867217548,852.4173562257006,0.024429570678056924,5118.0
0.8956314478525167,905.7969810557042,898.2006331247976,-2.383484873820511,5134.0
0.0966139740951425,183.04916093288128,177.0109495092356,-0.44390313763650935,894.0
0.2872521565604922,418.31286308575784,414.75086209356954,0.4559943367940439,2276.0
0.6442602809737291,777.2870786952179,777.0028936349698,0.8168013875830153,4303.0
0.31632768782634824,478.6978574687227,477.34823185532895,-0.7035203755488036,2554.0
0.36913829774048457,587.6802611649047,584.9700818465287,-0.12969056627186543,2856.0
0.0771827539267761,131.93897661303848,130.61120119781245,-0.8244099809360758,749.0
0.0642237499559688,124.1673756072257,120.71751295829057,0.7178241188528302,615.0
0.05660588191522231,106.86700207002343,105.82240499462598,-0.8796955308259735,535.0
0.5975021167036964,728.1842534935205,726.8639754510932,0.6229678988354134,4089.0
0.39074858828110615,558.0625704853671,554.0732541342567,-0.14277758518124622,3060.0
0.9763410542022771,944.0817317306628,941.7802638527409,0.637365879670179,5369.0
0.9973112658987433,1034.1950136157511,1022.1891675457343,-1.7295211867987828,5448.0
0.2575207093251959,399.7868029474765,396.27690115850004,2.04313265178466,2205.0
0.83706655742433,1053.016739644349,1050.1761645598149,0.6023378081921493,5061.0
0.46551651323509435,590.1117403894993,585.2994379164887,1.2460447528910357,3416.0
0.6226748122023662,779.6993639655702,777.284324363972,0.10616215322931899,4211.0
0.6599730977991066,800.9878904952791,800.2004777831327,0.9600662257326491,4334.0
0.5972762420421182,847.1753035911842,840.0181779109761,-0.4855968509078804,4095.0
0.8814091065078624,921.8665009909062,921.6496750022912,0.25744415714152247,5050.0
0.4124892910317959,531.6771483929779,530.4047641663093,-0.6513837093013963,3119.0
0.5504890016111111,670.6073256186779,669.7333975420978,0.9048177370587546,3816.0
0.8968400476195705,964.200430878106,963.722469537058,0.3653245169212534,5088.0
0.8329819540507458,871.2832361895132,871.2257206898445,0.5057251159617714,4957.0
0.9722649376206689,1038.8113177210896,1033.010189401505,-0.6082846761195864,5350.0
0.7057637191700299,826.5743676306165,825.0400590323264,1.0867807709204795,4581.0
0.11393902331920314,217.02242699652746,211.55083527504695,1.2849161563081046,1038.0
0.06963785149116675,109.33737949811625,103.86427002903152,1.5233728520355112,665.0
0.07650034758218549,145.78126388260742,143.8322030401664,-0.5923688964176839,744.0
0.09523091933183592,189.31578476108805,187.55183294234254,-0.4284467388930742,881.0
0.41269395149794896,532.2571565796724,530.4504402900549,-1.024970850201507,3060.0
0.9999667518121002,1048.5139734030124,1046.705113847359,0.8935048919829194,5505.0
0.7779158856059903,910.3414712263744,905.5308354906925,-0.06725986344370394,4779.0
0.6511513056597141,739.8956335040671,735.932604748782,-0.37339187365099785,4225.0
0.6111147372840869,828.4848826100387,825.8406383730762,0.7075011959564611,4095.0
0.4309550045378896,668.7882864333266,665.3547745515285,-0.9993956801374716,3252.0
0.8674890178992527,880.2386808914642,876.2261515204098,0.5403736349914572,4951.0
0.20883623339992285,367.37996219501935,367.2572453451706,0.2084384540647361,1880.0
0.016256037951742353,22.508185218337882,20.60695161133289,0.038658536534777674,162.0
0.2592741881490126,432.8858076680778,429.30143951328154,-1.3306638984786319,2210.0
0.836707853638155,956.2055733404701,955.516698653845,0.6178025393792218,5007.0
0.07375875386230424,145.63217775908197,143.5286250107294,-0.063741071822693,679.0
0.04465837118834559,95.75418799209537,94.69458343242434,0.31916802665154465,456.0
0.4883523197415799,759.0947196201004,758.4340462500298,0.7593466024596555,3528.0
0.6888256567651824,917.5421799333702,915.1676661155228,2.221556279707494,4506.0
0.06041418367172424,87.41309301583274,85.80034606603773,0.9115226733745532,589.0
0.19248699566731742,321.5569817835415,316.3318879486278,1.8075695987030436,1672.0
0.41229556724092653,561.614764471889,557.9766333393015,-1.381565563927998,3079.0
0.6624886202857089,886.7508342003084,882.6591382524073,-0.6181144448101576,4365.0
0.38810882729039253,580.573636295678,579.6064643444303,-0.6184404704149447,3048.0
0.7344385839902176,857.6823393399305,855.1816109920113,0.45164961472755244,4618.0
0.5790750739377905,719.574191015645,717.7515633915228,-0.6906121271474099,3963.0
0.16311351001287921,277.36649181189944,277.065767495855,-0.1473330917253414,1453.0
0.791579147481323,863.7801027531191,861.3419138230366,1.7385210059691312,4789.0
0.9480857554771828,977.3121023634532,974.2596915576389,-0.21128782020849834,5286.0
0.7829188042736792,932.4015663772298,928.2316267961517,0.6018191371066339,4733.0
0.8457596280695902,965.2340703584127,962.1916037383269,0.9242809451112272,5013.0
0.5595772332969046,764.053136490524,763.7830905888557,0.5023011727627402,3907.0
0.3863728604181177,502.72389782454525,501.8414340405696,-0.15421428093433537,2955.0
0.7940566950783869,929.2017328089373,921.0221332979806,3.1562076790860423,4792.0
0.5934489014464249,767.7014149278947,766.7960895560417,0.7466953236035495,4058.0
0.33314206291290505,483.3033939125018,479.1882579206749,-0.27341891527288625,2633.0
0.5430011602764537,754.6757398504625,752.243995095551,-0.10687398127212278,3796.0
0.5419566467072293,721.556181047226,720.5261770788028,0.4765006879982815,3724.0
0.731859175264876,839.4150828778082,838.7206758771771,-0.490107018687034,4596.0
0.00433266027544521,,,,36.0
0.05307759533392553,117.31220524599836,113.42911435748603,-1.1651089828532593,518.0
0.33823374506170467,503.63598679807086,503.0704431441983,1.0071664920470007,2722.0
0.19155696122646249,386.30271333475986,385.84584991856286,0.5882047723469583,1797.0
0.7130801273768781,871.223531373591,864.029884214324,-2.367921662616108,4466.0
0.7058340661738806,791.5277012900077,787.5765837121547,1.0604563896375199,4432.0
0.9243643337935442,988.4574449807392,984.3847594808515,-0.12083446325820947,5276.0
0.5517917942455539,724.6697092311854,723.0282681368074,1.2634261055863905,3831.0
0.36705783352320487,530.208380816043,526.632269760472,1.5266328581002226,2774.0
0.6417179376180762,830.7059666732895,829.5455145274178,0.04700611909048024,4254.0
0.8654473276334399,923.5466320170277,920.2310369592316,-0.27375245420895017,5054.0
0.6789240352659148,807.944431032304,807.3342506377865,-0.23951651211396335,4402.0
0.3611131985193291,484.68190418599323,484.19572005656494,-0.4921090283221733,2772.0
0.8615920005178386,917.6062899889956,913.9160695008126,0.8166789618315518,5128.0
0.6666266254627159,822.9815739179076,817.1362092246967,2.1004885557543167,4384.0
0.13005299507280377,264.4021012459514,263.40547824443576,-0.5945819307729809,1192.0
0.3353193130775306,478.80264468412287,476.7968641672815,-0.9944927644729687,2694.0
0.5856075947585095,754.0947443799888,749.4541779360735,-1.4483049659417633,3908.0
0.914330581895371,1027.4449936067253,1026.9591364961939,0.1484700984835396,5236.0
0.35052456940747756,474.21675067535955,470.5155071146283,1.9243641031237084,2759.0
0.2896823685506642,460.5824220736914,458.9787093375422,-0.308989084121145,2413.0
0.936372372847639,994.6352028515912,993.7983112600941,-0.1794804793855186,5286.0
0.183543862400257,323.3577310443818,317.891834022604,-1.1578995847218623,1626.0
0.29845528335824756,466.5030632015747,464.73862308655083,1.6006386977891403,2476.0
0.27120175419438775,419.357576912828,415.6883289672734,-0.843777347911924,2246.0
0.7214781907284918,788.198325543711,786.545338636662,-0.3925302241837516,4569.0
0.8439167578398801,998.1444584052751,996.0647158432997,-0.7620229853646845,4954.0
0.41609098117029697,633.1809552010914,629.2919132356419,-1.3013834803484874,3190.0
0.24581441500655687,348.58555720505717,345.1513146880195,-0.8258334664151276,2108.0
0.7479280477053482,856.5121093581661,852.5646621311893,-1.1567340427083304,4612.0
0.9514836177207293,1046.7891400395708,1040.944807627269,0.6098520801652452,5324.0
0.3651076046136107,507.2418332398268,503.2355075836771,-1.2320188109446861,2857.0
0.6244875510153091,900.2171028436669,897.2358082558185,-0.49455478803874947,4128.0
0.78642262067335,939.3060542735651,936.8943756145643,-0.31593022870544313,4853.0
0.7976303865228913,1005.000364943487,999.3191040477249,0.8609055211060068,4864.0
0.4910590795745742,678.4375597213992,677.5221237671981,0.34802446014206895,3534.0
0.054082931511473364,105.17748925520418,104.22744870311128,0.1481243060089972,482.0
0.7381487387649204,779.5725908425705,776.2523241777474,-0.3750315013739624,4577.0
0.48722049691606095,723.6473835690657,722.3229809001474,-0.22213677909022336,3590.0
0.9012422651920082,948.1381631232,947.5654375027669,0.07613017800511178,5087.0
0.46117216719793086,648.3235849365983,647.4118255626387,-0.6356336680689331,3365.0
0.5745734755072963,745.3066566281055,744.6243108871986,0.49079399293060083,3997.0
0.35172147166094003,560.8819409945635,558.6525034398293,-0.4401329583904667,2793.0
0.08643141328297199,166.8067233170232,165.0293509182606,-0.3370768014109134,817.0
0.6775676375943305,921.4987104931388,910.6388383230143,-1.5952370099934712,4377.0
0.5018137106690137,689.3124912489326,684.4704645308914,-0.6710666542241275,3605.0
0.38834435831371683,523.8506259111117,523.293464862019,0.1998474213934854,2913.0
0.7292469064895268,783.5683019519405,782.2808664834729,-0.3661887364498233,4696.0
0.13338445399395915,173.86234668452582,172.797639938148,-0.6256203279869516,1216.0
0.012349169649593095,,,,116.0
0.03414561344475009,86.8133985658403,80.76468705762959,1.40356215490676,324.0
0.4398685774830623,612.6351307276218,612.2422520685689,0.07276970834626459,3331.0
0.5442692796613464,739.3253934750051,736.4074377435306,-0.2877545373850427,3752.0
0.7281139729786669,881.2976428778002,876.255106095795,-0.4641454732784562,4519.0
0.4209351395691141,605.7311512491316,597.4951201989726,-2.3378334406335743,3148.0
0.7207971434074336,858.0132164125325,856.8344072345941,0.08279171734737434,4551.0
0.2347249849326304,387.6067157402867,385.95811944750017,-0.2331913626251034,1995.0
0.677455137293339,852.327748678335,847.3628945407479,0.6468331747232281,4453.0
0.7590020317298056,835.1723005222121,832.3103243995831,0.9621988080154719,4718.0
0.31815661530887973,492.0722669678608,489.26908753650764,-0.7396085890667751,2609.0
0.5791389190990311,742.8860308758013,739.5432053513731,-1.084705031797846,4045.0
0.9692340867441093,956.7303409276262,955.6815573094182,1.1087501858868412,5342.0
0.4016928641784706,509.4862434660016,509.0218865384836,-0.4232790427149728,3082.0
0.16629406949955994,339.10990824858817,338.8048693372499,0.46179933069004847,1470.0
0.919776219736446,998.1680356953696,994.7905122072882,1.4341570576031113,5336.0
0.5426093437966071,674.3877906917406,673.4345868220822,-0.020725828308829207,3853.0
0.9266067672472338,955.9613399195564,955.6096535511032,0.6100536357411906,5264.0
0.28233450670957894,367.86587539889115,365.82597446038835,-0.7630906708950899,2384.0
0.19669141576678173,308.6377331256477,307.5989126711087,0.1936020152731634,1738.0
0.5545001712237103,809.3103419087344,807.8595982634097,1.5204949093698303,3907.0
0.3507649073224536,504.86891637557164,503.11505601317253,-0.2980319428098437,2777.0
0.6826782333079392,839.3127731432513,839.0498964014058,0.7459167935913245,4392.0
0.12754220272143746,170.66279350030402,169.34211922216002,0.34403111427523386,1139.0
0.3916309099967876,508.79361234792015,506.59583483113255,1.7307991214434644,2981.0
0.9242574110855306,1024.5640704755333,1022.3015805482071,-0.11630116496441756,5199.0
0.2698832954828744,468.6780342293552,465.28122429871587,1.1908406592177512,2227.0
0.5495515173050289,765.9676837911954,764.3645462773468,-0.05293916834180654,3820.0
0.0714401771553339,167.7382367173348,157.57963580429373,-2.449975851562153,703.0
0.12449141543341669,220.6344783903149,215.82235861559494,-1.114524801387787,1142.0
0.13085951007382968,196.89328942869923,191.20339588846582,2.495006727217509,1150.0
0.6901596942586294,809.7119202311692,805.9930509724268,1.75987073203053,4425.0
0.81740564594745,996.4616654099514,995.7129808106507,0.07733818250990489,4942.0
0.8534565314443506,874.4023768644608,871.2378538096267,0.48992761659039014,5077.0
0.7411963067034784,909.7315853218439,906.3770352364828,-1.0291542384928016,4659.0
0.9052378718296025,949.8362754570521,948.9038822892966,1.0046631622613649,5203.0
0.20577411210355645,348.423690844078,343.473910761478,1.8268950511613777,1854.0
0.4333181421743223,683.4871252910585,678.927673972677,-1.1780462936876197,3203.0
0.0984507387461735,163.5662095032044,158.50930964216192,0.9032766631355335,918.0
0.7275613076680612,801.7700253684053,799.5519885189,-0.6233700935095824,4605.0
0.5603100903414194,786.6639324045706,786.3827638003604,-0.11259207034607517,3926.0
0.8683840587300484,979.2538845209202,974.9034098603632,0.3092938811057834,5102.0
0.9251010646016664,930.7820775243786,923.7306940308245,0.8624850287619364,5149.0
0.7857019854963979,925.2477795503531,923.8354694295617,1.4538025217336947,4836.0
0.360507576967807,532.0167554507979,529.9123907905121,-0.11743359042427977,2849.0
0.9749537937811884,940.5066764028624,933.7177609404031,-1.9322286810150757,5377.0
0.2996215234318125,419.4989194805071,409.17478475861446,-1.9560653412185884,2455.0
0.07472787155510185,156.86585026305787,155.94749162289935,-0.43106252169324205,698.0
0.7225979362384931,815.020424497593,812.9610512837013,-0.5374644920437397,4523.0
0.8801113223115588,959.6438640796491,957.9823406738258,1.22755878012242,4983.0
0.6781357230122089,768.6410687984804,767.5828519223468,-0.5824258295285992,4417.0
0.9038365255094287,918.0843784128263,917.4164600069926,0.7481186607852537,5234.0
0.311394707789885,521.2437327198548,519.0268679105726,-0.17229826552439964,2596.0
0.5232053131302034,758.6777769319852,758.5342528804533,0.5659955435291177,3722.0
0.8918199367618734,939.2835578933287,936.0133133607255,1.152937413866628,5147.0
0.7242157596713035,840.0243867174798,836.926949245158,0.45824036615882907,4594.0
0.3528864502186848,547.7877269444086,544.1343488400339,-0.7024483418573513,2760.0
0.5741635009522128,705.3358252940542,701.3308939332981,-0.23808285652430627,3898.0
0.8632050564441032,894.5950787913969,893.4894191951777,-0.3071578619773026,5033.0
0.8800394516874593,1010.9981008068992,1010.3036993667639,1.378058006331314,5086.0
0.13753420898933377,235.33181671473523,233.26623727736353,-0.35282316865771707,1267.0
0.11602622105156168,256.84722074896814,252.6232629936121,0.03854581444310288,1051.0
0.3112939520771879,507.6577864570217,504.3746936573007,0.9250025120937594,2537.0
0.5975114885166865,768.3574229555298,766.6970268070659,-0.6161206702922714,3997.0
0.7699086408937151,903.6879483008771,903.3571050750395,0.12140577172118211,4715.0
0.3546428034083553,533.5545951168086,531.943252273115,0.5944905973693811,2848.0
0.29332758075030685,409.546364834328,408.89808575559596,1.1465528965534342,2384.0
0.962461949608438,998.4057071589991,996.0113030130434,0.4138244994558796,5350.0
0.1498627615902942,264.5004815812219,262.926096078353,-0.02471750032269139,1393.0
0.1997797859011009,313.91015469215495,310.0395483634691,-0.07850500275349707,1721.0
0.6425305189854514,740.9305196730144,740.038930267026,0.21949939190769585,4273.0
0.10671542037614756,152.3080037661179,149.90539658390225,-0.8709436720258299,1046.0
0.47814586319319174,633.8202199096556,629.4128115236281,0.6375802100273058,3459.0
0.9117697540121456,957.05300410281,955.7927003880044,0.03285770651140737,5219.0
0.3662447901656909,468.6201460786967,467.524137922706,-0.43536165908231783,2809.0
0.8519468793454437,1005.9554219856055,1001.2062665568697,-1.1933530188564112,5053.0
0.2730759949377478,464.35669461345884,458.4235976354656,-1.975609349376097,2318.0
0.18709546810204736,290.7288616652985,290.38050142505955,0.1940077329326984,1697.0
0.5524656811943435,658.0026125701702,654.9837592151441,2.203534710999076,3828.0
0.82691908297213,912.0599100496104,908.9445515228731,-1.1332922924001403,4920.0
0.9894068261318908,959.5026481013883,958.0339903933476,-0.2862207938096326,5443.0
0.21569068180475592,356.8421491589636,351.1423260864054,0.5228569698990915,1827.0
0.8256725572781962,964.3341383096675,959.4361495927259,-1.147669753056453,5011.0
0.17870855058881718,251.28901848065937,245.5974223192186,-1.1846380670217511,1519.0
0.9353548169519262,905.7763740657056,899.518837008202,2.5668013173902864,5280.0
0.509975858154205,677.9767255212139,675.3337208599243,0.6635927850095417,3508.0
0.5345696673958769,673.1553546125508,671.7157336516282,0.9644580781058897,3797.0
0.7110873458362764,899.3313018840254,894.4052413830672,0.18054720991079148,4588.0
0.3964259193733416,545.8726083857117,543.0879899707139,-0.19075974989018238,3060.0
0.18146622789573674,320.73985860787207,318.66130247268035,1.054740970274866,1577.0
0.30719429468491777,501.17479957319586,500.2192856605671,-0.12012979139183445,2513.0
0.8949694215175354,960.5827309606431,958.0301842523575,-1.316434050473609,5180.0
0.5635424478929536,672.3833930544953,670.7189772643835,0.6981633997444204,3946.0
0.7810315853889205,870.4440211452948,869.4522579816444,-0.2932432350133514,4774.0
0.6089737447724531,692.4694168426149,689.4244100409658,-1.4528175421178438,4097.0
0.5815373243427286,772.8400890122881,771.398867620268,0.8744929145202303,4006.0
0.7183936830821559,897.4798841356819,892.5461723412652,-0.792148632784615,4553.0
0.7789308091242086,890.2255403105673,889.0890954733516,-0.10442491023775972,4792.0
0.7319376394796675,821.8454552951173,820.1527678355516,1.1729113034875727,4590.0
0.36883068929673246,536.3379536965645,534.8038658543327,0.22912534274826388,2863.0
0.2666037855920643,419.6528267221216,414.4133427375668,-1.148306901001071,2135.0
0.5979023542451369,713.302939147184,708.351708781765,0.1657955344265528,3959.0
0.33873267091713155,513.2166021329299,508.63852483846256,1.5751928010134977,2671.0
0.5565903418273292,699.5386655061541,698.484574032914,0.07760756880238233,3918.0
0.9339537432572041,914.3358324598822,913.133097364845,-0.1605900675631163,5200.0
0.7036341864007087,862.3030259721046,861.4089601158901,0.563208044419713,4485.0
0.04225851693036975,66.27544163385478,63.61552623782777,0.10816256922578948,406.0
0.9076188932044635,964.309507760931,960.775990614565,1.8003483019743163,5191.0
0.33292710052589525,481.010706669134,480.3328879797944,0.139390530565445,2730.0
0.1945636601616616,335.6610475668258,333.23419066452067,1.5818411687911467,1699.0
0.1586524631502989,259.7369274417336,256.40023666928795,0.26293198673900525,1450.0
0.8526271648599484,839.7289826820531,838.3361008675395,-0.3867883316303298,4985.0
0.3489304482988512,543.8735385643813,540.9383484046871,2.2959819533911094,2762.0
0.8394375739529617,898.2083731598598,897.078241496648,1.032294545921087,5042.0
0.8222545376866356,918.6742636836238,915.2210998810791,-1.254376675705272,4895.0
0.397074924065823,571.2582298546282,570.9037524948764,0.678208753802231,3061.0
0.694588731178117,889.3666968187601,888.1037995085235,-0.4495556790995268,4483.0
0.31197209317629904,418.43268857898323,416.6911547064797,-1.0580463586737654,2494.0
0.0869309292551047,180.3317709691077,179.26767417453044,-0.4250311102910641,878.0
0.3015881540813743,474.38529853471346,471.6010528371013,-0.036250318144818196,2378.0
0.9934359835069153,1097.91214661462,1097.6074059614084,0.06361388180495127,5539.0
0.9333990540720732,1003.76435237475,1002.8876349925432,0.3096121576750129,5347.0
0.3724638127931531,544.4522642626692,543.2474800429112,0.8755298269979974,2947.0
0.7534859808892612,867.6053981430949,863.2821257069781,-0.11750652409851234,4672.0
0.4494476918067082,599.9045936428912,597.3866647367623,1.1859994205328628,3357.0
0.2216904927509622,351.96359714169506,350.3434535939867,0.6536737042692827,1891.0
0.6101643587445745,739.0160425596757,736.4865353732151,1.9446174721081453,4115.0
0.9340900105074316,1041.6257878393012,1035.0638070632515,-1.831640867760012,5232.0
0.9892361072034304,1071.5387461824275,1070.2157461848647,1.6799632177457613,5408.0
0.4489482002455031,638.3254869006314,633.9136305411853,1.703509181422757,3321.0
0.8362535468676972,962.1233161315413,959.1266557966708,0.5720751666165246,4956.0
0.5849644356533984,767.4950904326463,765.382895711558,-0.3258526516970263,3948.0
0.8905279169208838,825.5068888792225,825.0556934539007,0.46693342301522583,5124.0
0.8970326606231119,948.5834799124644,948.3742254199241,0.8021655649623415,5093.0
0.8508019251299586,917.2252666729619,908.711506426114,-1.5624284425722852,5013.0
0.29645376743857277,423.252820742101,422.08730874844827,-0.486832372443187,2401.0
0.5433226523931908,688.8449610653863,687.7113387112404,-0.504353665095451,3739.0
0.12131038331609945,191.34302885638218,188.04977581277407,-0.5648834545252489,1049.0
0.6090364838369811,770.3109742502918,770.1502646199488,0.6340798316212298,4141.0
0.5297130697380394,631.2555051111076,626.0318278890416,-1.1525561779265285,3795.0
0.4659868857342292,648.2972184643642,646.6779906725725,1.5389754983676842,3452.0
0.1506960095573905,292.8627050211384,284.16002191235566,-2.740178864509567,1311.0
0.08805779501411426,139.41864231040506,137.3065624742887,-0.6764869406425564,851.0
0.28532368172697353,481.96401292028173,480.1812825881979,0.03175014474942065,2436.0
0.8774822257544627,984.3499192770688,980.522152628667,0.06546841311921804,5043.0
0.1765380042544754,291.26421721082727,287.0342875816662,-1.7762976739751084,1552.0
0.33278963680653095,542.8985899315206,541.3186500803602,1.6453570700089886,2646.0
0.9495847349865315,968.3285862351522,966.3416963076796,0.0607587080626026,5305.0
0.6266097804151348,778.4398243765238,774.9543510980797,0.271934223089667,4164.0
0.16028413240382366,263.3753270101487,262.59851494057,-0.5678210750026383,1457.0
0.11453867457823108,213.45487648935037,204.1908602045638,2.2609213616559507,1093.0
0.6176289249060368,808.309656481309,807.480792709013,1.0731256194783503,4133.0
0.36153566538508664,490.5319105152745,490.31369892523446,0.48014501108192975,2919.0
0.4791001388081326,637.8522473216015,636.3335246380464,-0.6791764581682188,3515.0
0.44284082884724585,628.9180667371357,626.4545818456128,-0.7078401842227152,3353.0
0.8854853187471973,908.5085073358313,905.2048280415112,-0.4371304249730193,5040.0
0.7663051868233693,923.7478445132421,921.8534347317698,0.518174919081627,4851.0
0.2839607723827583,503.4283569663915,502.1123798373775,1.1867972526799184,2324.0
0.24646975580310548,419.77253929358244,417.50474376847995,-1.0765861966302164,2061.0
0.45883027581399105,713.845195195578,711.610792787993,-1.17202197404253,3388.0
0.015542554578682144,37.41391351466591,36.697192874017155,-0.4124674882159269,146.0
0.7990792062899374,905.246642374511,904.7659021571745,1.0720656778435218,4835.0
0.8691929104055424,978.2693624936469,965.3039438457442,-2.035588084624653,5002.0
0.4390784524953223,642.2265979080031,642.0858966368197,0.6436643924370397,3342.0
0.5565064095506472,715.4817526104808,707.12885740268,-2.238461972131507,3851.0
0.8249857160964404,856.0030787645891,855.2293909768156,0.857662857882741,4984.0
0.33975446539589427,567.5973208385623,564.1939766156235,0.3651670091841019,2758.0
0.6910730922524646,809.5734187540025,807.0654166328305,-0.9968170950291139,4459.0
0.1532320264471848,253.34265972388258,245.69686291552256,1.6426937476481227,1398.0
0.1007823628589738,181.0109104145186,173.16938743439212,0.024175587396194853,967.0
0.21834707785475105,327.8962520400984,326.6522693489466,0.3434372587248343,1883.0
0.7863673373113486,991.8993658790424,989.8716597687164,0.40439658961552344,4873.0
0.7481579845312104,884.147922392964,882.9612435205339,1.5743434065265978,4739.0
0.47037023423254487,575.882598331577,574.6318867899867,-0.9427274747482077,3474.0
0.3273430690151117,539.1258157299973,538.3527197564142,-0.6024603929928313,2702.0
0.7681539373400111,784.004098792124,783.440648008659,-0.06549860770303552,4695.0
0.2348500042825361,398.77100924149585,396.23897150872256,-0.5887650480312059,1993.0
0.7442723880825383,973.978830036521,972.2022292329054,-0.6591567656562963,4678.0
0.8145108836113042,951.9491059302135,947.1754678283124,-1.3817275940053733,4957.0
0.3756197659393411,704.0666449712752,703.0221257282643,0.39353800099689484,3013.0
0.104347641251758,197.47298226728608,197.059917576915,0.5768881286307468,1055.0
0.8161198401103706,894.1927920686352,892.028700513571,-0.17823607935212446,4852.0
0.5269984246957107,648.2083178761304,645.6050579200013,-0.7029616339621635,3726.0
0.15978865688239774,243.48792140995408,240.07176314919883,0.7384601324284361,1477.0
0.3536278772256011,450.72174457202374,449.83551400649526,0.11568198084365056,2735.0
0.5404884309545922,678.1087961841542,671.2167259739329,-0.7331322559263103,3715.0
0.7900050396928959,911.2197645671945,910.0161217184209,-0.47489177887083117,4898.0
0.9324073040665146,978.726861657205,975.8021364078628,-1.2091108961723855,5282.0
0.9777273825265733,940.653343790831,940.3797572132884,0.7051046225036676,5373.0
0.1759800126245621,308.2981705985239,306.37066826392487,-0.5595781608039517,1477.0
0.18374404163733216,308.74654677901304,306.92722351805645,-0.5677337206436024,1616.0
0.17016485501291312,285.74277212042887,284.07955537291605,0.49864950081675763,1516.0
0.9286198637922819,972.5673133090717,970.8934522673674,1.7683590425634517,5156.0
0.3628429323318507,612.3857013088293,611.1751332970235,-0.31842990566428087,2839.0
0.771325711617754,953.1448034442916,949.8436009430881,-0.32595048266495347,4890.0
0.35008055533958427,517.648477573501,516.3891192027318,-0.20471022697961097,2793.0
0.6722299172496815,820.0676736491143,814.5407390689297,0.4805001179008204,4339.0
0.7305813847209898,821.8754593479741,821.7629998963268,-0.0010672267256907819,4562.0
0.4426156562478263,656.8266097501937,655.5995456316252,0.7439753973221679,3335.0
0.6568782534467498,773.2275948101153,766.727458969966,0.8246522311104534,4306.0
0.6753994529257935,818.743323924076,815.0910888911254,-0.0007517047796571165,4421.0
0.45999410111804884,653.5797592908567,647.2777250073475,-0.86497544881574,3398.0
0.8603653576577772,909.4790657812975,905.7006373584459,-0.8153523690142824,4982.0
0.7239248366443323,810.0813364895623,809.9599195381044,0.3339693749800439,4631.0
0.8966183799996587,1007.5514002689407,1005.1420157372088,0.9187498498600943,5210.0
0.9974179872151714,981.9217753017259,981.2119836117613,1.3831726262951172,5428.0
0.4604985663397405,732.3399714990807,729.5834153479021,-0.2569712900707826,3422.0
0.9713865419790498,1055.399046528377,1053.2451065398932,0.28665733685087724,5384.0
0.8894221347903526,964.3898200051015,962.607804947296,0.15262530875890595,5220.0
0.9322110716785105,898.6189524404446,890.0474489600642,1.2422289062145007,5303.0
0.20543377050031586,340.63225631914787,326.46218217781393,-0.23949305714254204,1757.0
0.028863423240817587,42.63779960997792,42.08465682585338,-0.2351022868424228,280.0
0.7117823033577847,877.670216645383,874.1470207325306,-1.1163078658907317,4554.0
0.34620269411007343,506.14635303308773,501.75432408023994,1.0455790533730762,2713.0
0.7339626955467579,953.5150650317626,951.7261483608985,0.7626860752025967,4610.0
0.9676753639703198,939.5857451294615,936.5033276575674,1.224171046522638,5369.0
0.025859999568388803,44.69124786908786,42.13082786212301,-0.3388635016353693,240.0
0.8268720800933372,941.9015247338709,940.7278881823139,1.0435929726782,4933.0
0.6840923642492708,877.9437652010854,876.9893145965854,0.16401365264276282,4421.0
0.880832325661501,940.9646947476951,936.6433245755164,0.8556208483511015,5143.0
0.11362310411740828,276.2900507356936,273.55108312418446,-0.6813098392303891,1053.0
0.4665011023811195,687.1541131901533,684.5763519551066,-1.2736680323000462,3481.0
0.5693122166972366,740.6704100049709,735.5864215624215,0.5800943227310175,3931.0
0.4185881617465508,612.3151900875163,611.8876655182098,0.06917511317858348,3236.0
0.9472337860900486,1150.3231655498332,1149.6761007970536,1.2190353340968545,5281.0
0.8378031845999433,913.3194309806346,909.6482489825888,-1.1547900271703484,4950.0
0.76051458295756,878.506180438647,877.2275751903212,1.368542705175791,4722.0
0.20325017474960871,342.5266719864561,340.99322855487407,1.8212983665471139,1800.0
0.003206419255416648,,,,31.0
0.6660620866990403,770.5808640292254,768.4269800562327,0.11904187144563619,4362.0
0.014846424864890406,,,,139.0
0.2639155059566811,361.97903216389665,360.06814852880984,-0.48689819761420916,2134.0
0.5045176679925547,711.2918687351315,707.24830017959,-1.2170229250564564,3546.0
0.3102719898658156,438.3501723035363,429.0349546389512,-2.3023466717259486,2460.0
0.7610138526942568,811.7389117727168,809.5914168498252,-0.010751147100705991,4719.0
0.87258045796869,976.142794047851,972.3417956495365,0.1629777182027645,5042.0
0.18235882511448664,276.75228665253127,276.50472902387713,-0.15647819005633262,1630.0
0.877918821982431,1012.496510324435,1007.983116065588,-1.4796246646609215,5093.0
0.33225829759279557,406.30872929384674,404.964752776615,-0.4162292535651446,2615.0
0.18233497715344993,300.87830818332515,298.97161487240083,-0.12005283112833129,1598.0
0.10940300369865086,214.33824646024436,210.8769864442939,0.7486660284272018,1062.0
0.6969186449507444,933.598392631925,929.7840430881945,0.1237089459487747,4421.0
0.25148664521285713,386.06526563402815,385.104671927686,1.3452704564963793,2136.0
0.6594150055913599,853.5338300464537,852.9481143915891,-0.1264772811553034,4329.0
0.5243251139998567,722.4459575885777,714.2140319551064,2.5033001249818363,3687.0
0.5164274503067414,821.275786744429,817.9995672042553,-1.2263421300757338,3667.0
0.3291412015226396,564.0160307371492,563.6572369394631,0.45831948191132194,2660.0
0.7851135384700151,883.6065900507849,882.1120162104595,0.022674681238478264,4863.0
0.5623643011942319,689.6625882929122,688.9586772968479,0.07088555005862729,3923.0
0.9929933273523516,1014.969629359121,1011.3061759672647,1.7260820535275294,5419.0
0.16214966854836899,248.45957139000248,245.76123602608465,-0.7069153406294121,1442.0
0.5042786442769925,717.4262202464155,715.9711688381991,0.11484206280812297,3632.0
0.024293993036197614,46.64355750426554,42.189964844328756,-0.9958661646389062,222.0
0.7870522458198318,885.9166937349851,883.6747198075753,0.5963296942900527,4820.0
0.8849660459941218,877.0886202051355,874.8586481948101,0.28071640819689886,5135.0
0.9532427914518654,952.099886854438,950.3107707791175,-0.4324295788383065,5333.0
0.44743091718698846,701.3973865019157,701.2944423149814,1.079384157653576,3416.0
0.5248795172722798,724.8007835181082,722.4287819246485,-0.162395854007283,3704.0
0.4899553398953408,698.7033186182011,687.0009901131273,-1.4852542924993268,3579.0
0.3232945943568418,517.7759991312499,510.9151361154893,0.4848065809128903,2617.0
0.19646682579935681,324.7524905595922,321.43880334954844,1.222102401177351,1727.0
0.4663177719813095,668.9320576192875,668.4785310569067,0.7112651147619893,3473.0
0.7105686061181056,899.7682617836211,898.8779941135522,0.3645483265220961,4492.0
0.32772069782416957,493.6841213048852,486.6877648014763,-2.235701520007363,2568.0
0.5756527581462751,716.0013049844158,714.129232166637,1.2210859140789665,3920.0
0.7704758625257563,868.8174433077959,867.3899694444705,0.11569915459075128,4678.0
0.9691511981574671,1060.0180513722423,1045.2223652415441,-2.8394906353556144,5363.0
0.8312571301978587,954.5143205433983,950.9780805328068,-0.3846133187670531,4899.0
0.5229950213640079,710.8261670910493,710.1929993475292,-0.19030058919232698,3712.0
0.4451660524202742,566.2376838053294,564.5134918030463,-0.19756799256524096,3284.0
0.7643841473865818,987.2307426867734,978.4191306419269,-1.9457474046713237,4713.0
0.1528344707244923,282.0550866474677,281.6867572162744,0.024313549504298457,1353.0
0.9058840198684127,984.73804011875,983.896405917451,0.47222528759453924,5339.0
0.35641615821421957,576.3587125799419,574.3059333030277,1.0739964437603273,2853.0
0.018779589330567226,42.34811644700298,41.37762892718867,0.8690939710414682,205.0
0.19950133216796084,427.5017115581884,427.00095941644645,0.04710322238924766,1761.0
0.40913666374251656,660.479792720056,654.1697891803498,-0.4097609340036561,3095.0
0.7015189829330647,854.9862896604639,847.9778779826327,-1.9604879138341156,4543.0
0.731971984603109,954.6306875869718,948.993087791833,-0.34127058528127774,4584.0
0.9526927033903737,1036.319124732148,1034.6382665634378,0.7184838421324657,5373.0
0.9844743208830319,1002.2077481334126,998.0838361766328,-0.24987483120333637,5421.0
0.00454894512101045,,,,52.0
0.4373434575212263,725.6138593971027,723.7482340015188,2.1225001419457104,3320.0
0.6140826645108994,722.8639126357444,721.0602214328446,-0.278073559950814,4165.0
0.4764104984080313,717.9264432753325,711.9667225158336,-1.7367948373747997,3450.0
0.32817544957360556,424.4371925927344,424.3815574655674,0.24399297717169874,2565.0
0.4853881917336571,598.8408984898507,598.325351232106,0.48943006916642007,3468.0
0.09595408860977572,212.07372935579977,208.3749608551846,-0.7050708935514813,880.0
0.21499272946107406,341.8378977601362,339.8143781777017,0.46111184781718495,1921.0
0.8666141942259508,995.6637603205014,993.5574890760236,-0.34712364664059286,4994.0
0.17352307225840602,323.1646675775536,321.7661801770323,0.6180344957056418,1573.0
0.22564074713472304,363.6555145282371,362.68738509751523,-0.4230679152053062,1984.0
0.8804695628461353,960.1071795148492,957.717697162392,1.2876843996678013,5180.0
0.30571378327479437,512.9618320765852,510.7464045588123,0.8747415910648658,2519.0
0.7637442235518569,932.8465594195462,931.5246150715859,0.6422808656084953,4764.0
0.8111791219643024,889.7919769710787,888.7333834002492,0.9606067610740291,4919.0
0.8708817336839699,959.6596598528308,958.0477386597621,-0.5564321964444962,5006.0
0.6529392097844149,775.3954277989814,775.1372440015479,0.8970798473100826,4207.0
0.4014060947056881,564.913128967915,561.0250022226243,-1.5038460367282867,3082.0
0.06712961707948584,161.35058368319187,157.11271838126424,0.2253405232094905,650.0
0.7456953060070998,813.452221170189,810.8062848804053,0.3400323188062748,4605.0
0.9484401203575531,972.3795481959475,969.1004342684498,0.8720399138296528,5264.0
0.7026129269701502,801.159842996887,797.5510442692813,-1.1646233365273575,4516.0
0.0285944508074778,51.865546218487395,49.186973665123766,1.2946700018215989,291.0
0.9349533621928021,974.5409005780594,972.764567201369,0.8782732171947608,5201.0
0.45160507957775775,608.8553202142687,607.2460801283726,-0.38957364196947364,3370.0
0.3159887199139383,441.8546749812222,438.0103448124754,1.4907454966040572,2552.0
0.2505995189416004,427.35435311753133,420.2685213373084,-0.3427841703241609,2101.0
0.4865371762537497,671.3761969657523,666.2225732523632,0.16211313636058206,3523.0
0.17786685521539136,278.1657995574836,274.63230472643016,-0.33611142812320016,1580.0
0.12560541699342442,201.4550607229138,200.3778546291883,0.08393986837346648,1121.0
0.25259268342464414,447.4290447087652,445.61989789855807,0.3775003543873221,2073.0
0.30206574442261014,478.44992042699863,477.7487548047219,-0.402583700078336,2570.0
0.7917417984529751,862.0705167830951,860.9160048631121,0.6415293615113977,4858.0
0.7104373330443263,823.6052392997028,821.876878476595,0.9990921629002669,4612.0
0.4840461149811818,602.365386343081,599.6602791784725,-0.39823122751563317,3525.0
0.15339800456729824,280.9880618236745,279.15472484174927,0.3088392586713754,1428.0
0.40459277325986265,601.2550182535799,600.6145537808518,0.4908371751081375,3079.0
0.9068461644728721,953.3173166390046,953.0524419228333,0.2441461158875933,5195.0
0.5049129039562854,611.0137033276657,608.6732403869005,0.2389197334228802,3627.0
0.3132330978360117,455.08266729537297,453.4952419169721,1.3124639962402653,2495.0
0.18265137243032914,254.68912265238737,253.41631810162454,-0.7562977644804144,1630.0
0.44515094687481904,623.6147672035313,620.7192396248944,-1.4584045998944304,3350.0
0.7894576345632298,884.8759105040394,884.043776663782,-0.02900133012875684,4794.0
0.10728621373934033,150.8712044768854,150.57090089801952,0.0726677705503422,926.0
0.8612836893138334,984.6638339072668,980.6475634136984,1.112132039801585,5132.0
0.012877832863508187,21.092207792207795,17.30178666194941,-0.8620695115916363,146.0
0.6610523908699507,840.928665270223,839.2807301069779,-0.07477937435847495,4346.0
0.24889044254246329,440.7012705499889,433.44998242888755,-1.1833552913542833,2131.0
0.7662410071213576,887.3905540295688,884.6117320321202,1.227719630867215,4722.0
0.399116521797666,568.4851698731007,564.9408660728852,-0.7987717994850628,3042.0
0.07450740581418536,123.00510003744758,120.74970381681705,1.259707062300119,714.0
0.5066432464899591,717.5942038879127,717.4746123379283,0.4707382969754704,3677.0
0.11818954744245547,162.04694887156117,161.91333387182243,0.4048261211939267,1100.0
0.6027460720000885,771.5022054504298,769.4122969202014,-0.26891493630833607,4122.0
0.324007267884342,442.1459807595168,441.9151583095357,-0.09646000557020794,2597.0
0.7864701196082245,911.1380792736475,908.1801493658468,0.5631829041396312,4833.0
0.001082793766903567,,,,10.0
0.8604635376909002,908.4430688766522,907.2536907028903,0.2486471035502637,4986.0
0.5822090290423065,822.16648490217,820.4241446203476,0.7410379856423847,4052.0
0.8623715071663233,917.9130903150246,917.8922641739841,0.2819897116027409,4998.0
0.36813037507497104,623.7738072209543,622.3791261772154,-0.09747367682018811,2910.0
0.8993598823687555,848.2324399102758,842.2761888068462,-0.6896349639864305,5228.0
0.9568230370936952,998.2140339662913,997.8288725306854,0.0998925149528581,5356.0
0.09479504749031142,150.931624826998,150.72308666657585,0.42178485661282356,837.0
0.03874709211991678,98.05208281573498,94.76094149155769,-0.48208040982775885,375.0
0.5301696441253472,822.7728161912349,821.4995979302652,0.4990635645012065,3768.0
0.5786458917927478,828.7924944666275,823.5041013181634,-1.5678840171233739,4063.0
0.016792992094672554,32.42250233426704,29.807287920819228,-0.6773768402323743,153.0
0.754318646425423,810.8934026687965,809.6568563030856,1.3434743165563285,4712.0
0.6050333183100539,690.7148598357104,688.4614119169115,0.3774055248694388,4096.0
0.28533380922071994,435.86300146112694,435.45581632887934,1.0909285668590079,2363.0
0.020547060485860302,22.09962550285131,22.06097215239637,0.10637739634573934,200.0
0.7934587671754648,838.7925087873215,837.1026612713808,0.44045283109318967,4832.0
0.4630882802348627,638.8577741611435,638.147425204977,-0.07969166818267269,3453.0
0.4828924236330281,671.3789419318839,665.1206502502368,0.21438531364590868,3456.0
0.10465380998375262,192.87889328528857,192.1479748424124,-0.5473450935963,996.0
0.1801779090726554,311.21476560821435,300.6588805884329,3.251783383061061,1595.0
0.17701481870513625,306.6513981098535,303.2769064124434,-0.16548627821710502,1572.0
0.8838405504401904,966.6430345115762,965.5692244652574,-0.5121011594666527,5078.0
0.801309529394226,803.3360626294,800.7962745864496,0.7482834073607062,4815.0
0.7101178200599488,805.4374865416265,799.794661731583,0.6983587014159505,4526.0
0.32602854068660225,545.3815366189514,543.5008419128989,0.16947395647152566,2572.0
0.5290807952435073,715.8077612253131,715.4972488889273,0.9390517998499786,3715.0
0.06757233156691522,132.11919886867636,130.41143680628952,0.3306089621292208,638.0
0.6450068100940087,751.462228779635,750.5183823530085,0.032477509954468076,4239.0
0.08244481181219276,159.3518276130008,158.67346858782275,0.6032703507398095,750.0
0.8918755774824791,959.42266360399,959.1850518968548,0.2695520336133852,5085.0
0.5753228832128648,731.2828519925881,729.518950796502,-0.3888062164412373,3955.0
0.1399938603179668,270.8414888131866,267.09234417254453,-0.3077058424634209,1227.0
0.4023195763545563,615.6286685103884,615.3684672493777,0.9442038304821062,3171.0
0.008728862667369053,20.099584661450788,18.75711315242281,0.8085855272812156,86.0
0.9688127672951513,1005.8364589858517,1003.924753066796,-0.6791351554627924,5312.0
0.9569563558541131,995.2007335537191,995.1499997105631,0.49634869255696995,5359.0
0.8279426459038405,881.1470658008835,875.9463984095541,-0.8819364537967911,4866.0
0.9704016324058807,947.2426304972508,946.8140637358035,0.30413487691927954,5423.0
0.8147172059420125,953.2314478482565,949.4256536492853,0.1971754600295628,4919.0
0.8655032413424452,940.1476527316996,936.9551293609071,-0.5573770099654447,5112.0
0.5877897484973622,703.562417480023,702.6829244896035,0.22250050159419615,3995.0
0.30897869982082704,466.11783929063466,461.9151291726084,0.4367297043285015,2533.0
0.2814504353509639,457.26514875415603,454.43309661597596,0.02811304523543794,2310.0
0.6438939735387087,793.5064622472705,792.2735266994212,-0.022588555073247536,4326.0
0.18023466816166855,270.8370019230415,269.5786091913032,-0.5693609414605012,1598.0
0.9782538286527069,1064.8331991064456,1057.2758447303406,-1.4801122783934018,5455.0
0.30050357082195267,423.0827185153036,419.4689522895348,-0.0998814831977503,2373.0
0.6590810441105587,852.626796834118,849.5027055018899,-1.4764361681433233,4444.0
0.5596125855270552,706.0205183353773,698.2661563253039,-2.3104903779226453,3910.0
0.7713841677783511,851.2853344820176,845.2498564383318,0.22174673192309793,4772.0
0.1794086009501662,291.0868739243406,290.8505578589424,-0.001627279574780935,1572.0
0.2248998661644308,367.4592763355222,364.26480464989066,-0.8068913622205345,1926.0
0.22355995299643716,383.8835694978261,377.89706272992254,-2.1471230697131323,1927.0
0.3074545278631404,494.5924752165744,492.2462540735023,-1.0582572177111191,2553.0
0.087168602596015,172.80630920884718,169.20594881277876,1.690843434752413,866.0
0.37159728048581564,539.8905426652835,539.5837451891788,0.5208339478777549,2879.0
0.10263180602364852,172.37346472739654,170.7787719660495,0.2387391816068549,960.0
0.8858133258872967,940.2170370795898,939.3862382497963,1.0043517807688398,5021.0
0.7901760845979646,839.4064006472505,830.0241253231127,-0.9412582399913902,4754.0
0.0994859363393682,163.5081316205858,161.6876859849187,-0.46236021034466135,904.0
0.6032817934482898,694.6301076131077,688.6473190223768,-2.1370442580661306,4073.0
0.26264492546769225,510.8444522763858,509.0761847346062,1.8614368744844798,2202.0
0.9080954085053322,1018.1888974937021,1017.2512525616831,-0.2361104427099633,5150.0
0.7544846005398558,805.03435977119,802.9341557717023,-0.5477104457598369,4736.0
0.18215483324442538,341.3525585727348,340.92498031358906,0.017846581712351053,1626.0
0.8543823999071339,931.9092050818246,931.3535464256506,0.15011665898198637,5010.0
0.6580316979893287,779.478494284119,769.4293673301798,-0.78428391378215,4323.0
0.6127050087258138,768.4427732950801,767.9058157147883,1.3204137714589514,4054.0
0.6185242010434426,793.3988147832246,788.4750873911653,-0.057305355914738294,4258.0
0.5804623367945341,695.999099234928,691.4334797700111,-0.43279619006279235,3983.0
0.5043901455936667,690.1026602270331,688.4260775274386,-0.4025613201065164,3710.0
0.35234122826688097,488.6890379376755,484.1019096530833,0.6109107974856902,2758.0
0.46598863356865317,588.020452481282,585.1095062624845,0.2107231966321859,3501.0
0.2287538177334123,363.74802669339425,359.5916568353701,-1.7344256156135802,1979.0
0.056508882706507224,126.85892676761009,124.28176410808014,-0.8355775018543254,562.0
0.9931124869597052,946.474443082498,943.3749273703423,0.7142394406247223,5324.0
0.139883196074989,245.99734136731573,245.2694382642184,1.139843066005696,1281.0
0.840821499639649,914.0374382771903,911.291371732494,1.2590414530234617,4943.0
0.06063251791524482,113.6567244660737,112.13688294268135,-0.20173414707802254,602.0
0.24055265033889028,403.33402117084364,397.17752640862375,-1.059277742660234,2027.0
0.8258512185781037,866.5910389595,865.1622432949229,-0.7912344749699644,4830.0
0.1494650534240466,287.8966638556284,284.82483395713376,-0.1780883974932775,1318.0
0.3626900114836492,499.79070932314784,498.0121281580421,0.8535617965469998,2855.0
0.2565129194220961,432.4682506486678,429.3099333075201,1.003217694402489,2142.0
0.40550371257508644,577.5849782277197,575.9685660216355,-0.6576716285085888,3116.0
0.6344249990530131,764.1831210419668,758.6849446686049,-1.9363891239064475,4298.0
0.17739013129142145,340.3005397913744,337.4497998617946,1.517981901429988,1544.0
0.10443855824574644,152.2981884973264,149.62828509842848,1.7107282697274058,918.0
0.7278623581246547,909.3640293881069,904.143398490934,-0.1950699367271549,4707.0
0.6929066529525498,900.0043626540318,899.368402303532,0.8929682898142322,4470.0
0.1870014529672699,361.74095163957077,360.45270032486104,-0.3657667708896696,1695.0
0.11422616466052349,200.37068102876444,193.57057514163913,0.8144430676336755,1028.0
0.14831701531223873,262.01868743349274,260.30244668792386,-0.9543489876476408,1351.0
0.29917203802257797,382.6244752223565,374.77767744475,-0.4089818367842385,2427.0
0.20188494625978837,377.8410273205386,376.92379975872944,-0.4386394083556815,1754.0
0.25454339616887134,370.52698930827785,369.0866928345637,1.6794995714659458,2146.0
0.40433361536672585,577.8185438278545,575.4717224177888,0.5320112408924125,3116.0
0.7128642232106581,790.6480177766746,788.7499189064114,0.9978086767739662,4551.0
0.8146061817481878,994.943928703649,993.6757568475009,0.7971713936659673,4858.0
0.7070422363805878,922.5325817466714,917.0220569517995,-1.8635288508239987,4569.0
0.5244716589745454,713.705873098956,713.6301899614846,0.4070816314967515,3702.0
0.9245202081771994,981.8377300571633,977.5203934711122,-1.206425379703486,5311.0
0.19568783296727998,357.9487567258518,353.63256270115056,-1.5613781436138197,1744.0
0.027090956613295414,60.583999002716766,58.50447849274881,0.6349629153543679,237.0
0.4180522255605911,564.3161821231273,563.6832132667444,0.35811520251399837,3210.0
0.5103397083095869,659.4360521595289,659.0265982390947,-0.04988208064517607,3670.0
0.14110688678583327,242.65182121088986,237.10664274075617,-0.14989569081027523,1229.0
0.9347086036597209,1039.59271078026,1039.4582735595106,0.5550075858633746,5201.0
0.8320201624746221,851.6590388460372,846.7650553804735,-1.5240431904080742,4937.0
0.9559990424480583,926.0791941495802,915.8679980258157,-2.8434820143674093,5293.0
0.7588367768527297,812.422295443703,810.3353939994745,0.3159335569533254,4705.0
0.00914345391413629,16.115873015873014,14.333047455688963,0.6393435804372963,75.0
0.43493117310498197,672.0464405347283,668.8931014821396,0.013596909518973882,3274.0
0.8293010150220173,980.6289182233204,977.2593709576327,-0.4286942237044834,5011.0
0.18571725755551838,295.8024238972341,294.34235471912956,0.14483220900104632,1645.0
0.49920698688912835,691.8161588101258,687.8657211143036,-1.0377879412766025,3620.0
0.29098553276516315,438.29726683423695,434.09022847278084,0.9843796584560507,2368.0
0.47203410887579955,672.1082829392237,667.8396656913097,0.9383356044533034,3453.0
0.517666585931608,678.9062909278614,677.9291303861378,1.3217154257984642,3682.0
0.018009710452853378,33.24798060092178,27.79601120017791,-1.5552462993907794,187.0
0.33713798800992,500.1323104151371,496.58786018544293,-0.681158805410871,2712.0
0.3010398277539289,464.51201387730737,460.58903877189294,-0.9836191077424732,2467.0
0.31449968535432493,462.24851949371396,457.7433433099085,-1.9770651373901797,2505.0
0.21356663203793858,389.16240156246346,387.40246055222303,-0.004399223970111058,1830.0
0.12936171506479088,203.4541166354764,196.7631697769476,-0.6675039159434234,1228.0
0.6329633797577389,834.1281161214199,833.466285275248,-0.13703672650939916,4282.0
0.5194089979020801,701.6540560983004,696.823780890514,0.47826835514372984,3723.0
0.1724337185114757,268.5723151700166,263.1181894354113,-1.5537397330624267,1608.0
0.5944037178432595,744.9750126081964,741.4720077586934,-1.6904783112921824,4048.0
0.8370582033629556,883.729474124479,880.7695637462198,-0.6888459423826002,5028.0
0.9238789960133673,1153.464525755318,1150.6367775093845,1.6526568685537812,5244.0
0.3575699332503923,508.0868318002352,505.2677380246864,-0.4101185318804105,2791.0
0.6430915769620823,792.4595659155765,790.4971756308087,-0.7169729656776761,4178.0
0.7295673427085653,882.9572345972528,880.0842839202102,2.0179835898244938,4579.0
0.9910264614369655,983.6109931515002,982.790398650153,0.6389455668115851,5366.0
0.3242320385356584,521.1411961389755,518.5148825966946,1.960142995009521,2591.0
0.08570399564329123,163.80407663543858,160.59701440371072,-0.7164882691684772,831.0
0.16006011789555064,283.3398546368653,280.91907398682514,-1.4125708169058935,1467.0
0.12661261405279312,226.68007549904257,225.36622393731747,0.33526138772050984,1171.0
0.03002647119063817,50.258686694388665,48.67566967095958,-0.08857272751196292,320.0
0.6983095354807739,865.806391188365,864.2581928603103,0.38518260706237123,4493.0
0.6455910159283262,845.293183951195,843.9717006389859,-0.2284801531090682,4237.0
0.7127548211197398,895.3439381103068,891.0112121277557,2.351131073526431,4560.0
0.3455657363273046,523.1029981290968,518.5812742708783,-0.23342813832050643,2742.0
0.5971469141006992,790.1283166499517,789.4864355792085,0.6644056943644198,4031.0
0.5745705450494102,728.8174322825856,727.2789018015727,1.1346413846755041,4002.0
0.9489895778298103,993.6251364683176,983.7409790017873,0.583395851584929,5393.0
0.7697919357388547,1002.6670621450853,998.8389959841887,-1.0567153984969808,4740.0
0.7842833680629706,949.8958099281784,946.542159318718,1.4142156559799781,4788.0
0.6254335532948467,885.977915974569,884.255999074117,-0.48723178970573366,4300.0
0.3454700483138752,586.7576862198872,583.2340172846892,-0.7599948942080157,2764.0
0.27280162795359797,318.3720531115318,317.2241500536348,-0.5896673411500838,2213.0
0.6765595525865901,878.7238339998198,876.7117147851206,0.11866185043194057,4429.0
0.7007850920085034,976.8477990138634,969.9555790904265,-1.417439618737785,4495.0
0.37012782436670055,495.13868799113686,494.8546724390295,0.637044628725384,2887.0
0.7184529810742816,890.9751722735764,887.5163207607363,1.7997218071040693,4568.0
0.3590270145414176,492.0235715283963,491.58561267910505,-0.041761498589100346,2739.0
0.8372907404573626,971.2273793398888,969.5404560517916,1.5994786380437283,4995.0
0.2780390933162762,406.99783511947123,404.22413942723233,-0.5554421937835675,2267.0
0.19454959077044154,341.53780314285916,340.0861086135949,-0.006399459206328498,1732.0
0.6616541761257799,763.9302779053054,756.6511689310807,-1.1383559124533655,4247.0
0.9073221671860124,985.5799905179667,981.7871341802723,-1.256669865390029,5187.0
0.4775422509533962,604.3838662509792,599.5630798873457,-1.3847671832034092,3466.0
0.28238931465980155,403.6951277672408,403.33886438544744,0.39149981952204155,2310.0
0.4771387575064062,719.8832445182893,719.2597917790407,0.7007866908285114,3485.0
0.7434188325846055,778.1981753706759,776.8817965330802,0.785996087180776,4629.0
0.5050588826467086,689.547598907737,681.0173339959135,-1.544125904864801,3590.0
0.1052039829376682,200.60474068376348,193.82930826274924,-2.119081029341804,962.0
0.16452378990932892,272.03705475266656,266.3601552414777,-1.3617976411782715,1448.0
0.38214263242945834,527.1871338959509,526.7224853123905,0.4028876987262619,3017.0
0.1313644151737089,257.1892074801676,255.95114350797786,0.31303638536031686,1245.0
0.23189046066299424,375.86242602946845,373.0652550398806,1.171576899943452,1964.0
0.31217526978122623,492.07225144144434,488.8002438616188,1.8452754734507586,2440.0
0.3108249754302961,439.4920578555963,438.0241229941385,1.5461035357203217,2448.0
0.6062008185296681,769.6494049113564,767.2431264876398,-0.2735479440798919,4111.0
0.49324252251951883,634.4228850508423,631.8207418144782,-0.5785697393622327,3571.0
0.4440683702090672,608.8437459855229,604.0008253636241,-0.8730400021069842,3327.0
0.8329702362840725,907.3502677736813,902.5618712605796,-1.2532206279084328,4819.0
0.6356035151040638,707.8535461117295,707.7001594957773,0.7544567174916774,4225.0
0.9572440898231949,1018.0232488201661,1015.9989222951845,1.908323808695602,5294.0
0.5028219115675542,665.8578756068398,665.3988932860728,-0.3304345548401634,3660.0
0.8734002524360595,1028.5552415741322,1027.156283424498,0.1744242689131442,5051.0
0.2206453585806728,323.3206271965282,321.0169639432171,-1.073293197319014,1890.0
0.29117978755832974,453.96593930581747,451.19080520135,-0.9846277867316604,2349.0
0.1421161695612434,268.5216256622582,266.941009812363,0.4409755530605118,1308.0
0.5264555502266005,689.8362587307407,688.466305053127,-0.5214075564697175,3843.0
0.7354105077328366,881.8496205072994,881.2248275858019,0.13560952865939196,4653.0
0.12094255575499446,231.05357008544078,229.4552950730684,-0.5775524436621566,1122.0
0.5527218957290001,749.7269492326453,748.6042129552778,-0.1880227255285133,3901.0
0.2540603033615402,323.41042836894763,321.2939111223062,-0.6141484834146632,2149.0
0.5083102896866628,660.964943178025,659.5694410224296,-0.83733329447473,3733.0
0.21033470256205744,384.0198854459713,382.82598515457926,0.752180402757623,1795.0
0.39058771478664767,568.6604092903946,568.0974543364845,0.42459397468305776,2973.0
0.9739612337990055,991.4634740320331,982.2037881498202,-2.560154717454997,5302.0
0.4812144918232616,612.9662793738424,612.4612034639067,0.8668912446447093,3454.0
0.44047185719803794,637.4721275559639,637.0713886753103,-0.265767812621176,3359.0
0.07029529543574009,118.51633209691326,117.29195631152291,0.923908582546915,694.0
0.11775605771324948,198.43022238385237,196.68414263696548,1.2317097292859684,1102.0
0.4944053227892412,703.5896871777228,702.2861731836489,1.3202299804734245,3554.0
0.08627302821921778,123.27615171289867,121.09644687351131,-0.8877279856942379,793.0
0.16933297735093744,311.822677291686,306.43778883848444,-2.0243009106353536,1548.0
0.6092676308675837,823.2456200157495,819.7198072487635,-1.661334427604197,4069.0
0.9878576206151688,1001.7973810582416,999.504430259171,-0.6489379777489109,5384.0
0.7389387258889665,939.3918602732293,938.3882703233461,1.4006883636163943,4643.0
0.9972637173195629,901.7065505151517,898.4926954687212,0.8012811153248742,5410.0
0.5821481870372803,771.1786855475465,770.8210799751995,0.49815154053674693,4008.0
0.15312005518525973,241.74597497386026,238.6371170621856,-1.0059601809186145,1389.0
0.17595336354714253,241.30184894486948,240.96861112062996,0.6839305836639377,1539.0
0.040639102387380666,77.09959665845587,74.34373935659988,-0.9088507981031807,418.0
0.4071907926540619,621.3914207430138,620.2325976983319,-0.6689593595262929,3108.0
0.6370661769162255,778.2587690358091,776.8356726007044,-0.03916431080623337,4317.0
0.24481806157351194,353.3025981083706,351.47246946297696,1.4247634856353153,2087.0
0.5750527107062582,731.1795742850402,729.3476665786183,-0.26450074335902823,3960.0
0.8316547550299752,908.8446580672024,900.3507353413188,-0.4792726418913194,4959.0
0.3513318639784311,551.7667000132857,541.7841473461611,1.4345557436375207,2757.0
0.2449968743582509,337.1263147391259,336.4906447385989,0.9656492181308775,2119.0
0.4187026546047896,591.2378619126407,585.8191277378046,-2.0547516087387883,3125.0
0.15685521712269312,310.0098346784187,304.30301642797895,1.1993265554992099,1376.0
0.7519850324028664,917.3561189210934,915.1324277971476,-0.9562697480437161,4713.0
0.5374844156460334,696.9474759060129,689.9717216896587,-2.0486401515286894,3730.0
0.9602018004002574,916.900494165561,916.5915130418565,0.4843423914557151,5243.0
0.05999457791020524,104.84859988551045,102.10995352144874,-1.0771648916353629,566.0
0.652286118259032,804.8377487963852,802.2989756373694,-0.8890672556039848,4277.0
0.9926479913563452,943.881405997033,940.8693523369036,0.4104602337849859,5455.0
0.25688369947550416,376.94061509476506,369.6308505927285,-2.5649165146271753,2166.0
0.8771030068259611,923.2070939664708,912.004487667675,1.9446101061462384,5044.0
0.8698454862089663,919.2203865369212,914.900403416191,-1.6808102584232136,5057.0
0.02764276445881375,70.88178709321566,68.14169374704737,0.5539759299323996,287.0
0.17765940207363806,283.1331663713413,282.9138083090962,-0.01675181808805243,1591.0
0.5504977370988509,676.0175824303802,670.7615139953815,0.5076462974384148,3889.0
0.9269465401255039,954.4791474976519,950.3083069957495,-1.2035169679665165,5248.0
0.3322685349617812,467.8767007621442,463.7097580674785,-0.16983357322830836,2605.0
0.9151428471161591,982.5028919940244,974.9792234590498,-1.4927323948468327,5281.0
0.887417456210415,958.0465472639389,956.6102117541352,-0.6969210623498223,5112.0
0.11926421748214,249.7521912780306,246.85684268023974,1.00365436939775,1124.0
0.5416217391286037,749.1746535207585,748.8239186669612,0.3101715346588574,3828.0
0.9561917532900621,951.5293246867564,949.0893363070398,0.7400197581839254,5292.0
0.4949953295519708,600.7617977420055,595.289795710497,-0.5799394110858836,3600.0
0.9561586049918667,883.2072133767731,882.9742093318994,0.44742546755111434,5346.0
0.7433847521205527,889.7583888344618,885.5428998831621,-1.398479660189176,4667.0
0.6730162150840368,832.2600870401915,827.5126823026144,-1.573854450669355,4428.0
0.41449217397422355,666.5977303370976,664.597068042422,0.20306759572270688,3131.0
0.066448889891223,138.33961876152523,134.09962388860708,-0.5000463319795768,643.0
0.1196007506335337,230.49227027807885,230.32038140679433,0.3091415127549994,1082.0
0.8916793096816201,1061.0957395341436,1057.6130201987717,0.0917148507895726,5179.0
0.8345792826791006,845.7866990912134,841.1041500576831,-1.6930413824048347,4927.0
0.558405156070117,770.1778855564256,763.4961787098008,-1.7734178811733832,3820.0
0.146750346340631,238.9492911851147,228.36593878614343,1.622450788083144,1351.0
0.4361106162729038,566.3560761378814,564.5485047975978,0.6819677910558493,3214.0
0.9761816118022739,967.5522486318513,963.4605719613301,0.7927674070366628,5322.0
0.57797023183449,813.3058893987283,804.9483778323204,-2.3459458861372586,4024.0
0.046949332680807254,114.79214759571802,114.03223848030373,0.47471132716539266,496.0
0.0856801668938213,175.26520476322557,171.33166480655092,0.7504759160960788,840.0
0.9225022478661676,907.3074507936889,902.0295505076338,1.3752537358939962,5289.0
0.5504327565786332,703.3084238330365,698.9265839439943,-0.1938470488749691,3934.0
0.964164618726464,953.3043482420555,950.8825403115977,-0.8427407795778503,5354.0
0.7688462915366246,845.0596241497577,843.9644530309706,1.6803936471606793,4712.0
0.2814978809730172,412.1712836515235,409.98072693575136,1.6858374084540815,2302.0
0.35894521262525936,508.35306582488516,497.00328724396405,-2.8191964852431406,2806.0
0.48895517115878384,623.1156118215405,616.0545299674983,-1.842355692520112,3498.0
0.6157710710738387,846.6793586293235,845.9726917511176,0.9248508455060175,4200.0
0.7101237578884734,814.6888437222779,813.7183727719354,-0.37571865662398524,4502.0
0.35453035617993545,482.87732667500984,482.59565006810135,0.4855499764418709,2786.0
0.3911787993439104,594.6611159425232,584.2103998710149,1.9435532123814523,3014.0
0.17509055242747362,356.9942277541408,349.30020557163584,-1.4221208717580156,1555.0
0.4662286624219145,668.20788647607,665.6556595825197,-0.35783979440727515,3498.0
0.049262301259027086,74.60602676210662,74.27641664297806,0.09502721780971089,486.0
0.32098253573302216,485.9660826728402,482.9426014603045,1.2382297216513114,2576.0
0.39259378851922855,528.455789561353,527.310446753628,-0.007090069882024409,3058.0
0.5021012588805236,631.8424643089642,630.2766324439665,-0.5339122606304979,3553.0
0.3386458881422403,521.8905916893083,520.0709911680891,-0.6159901865021334,2721.0
0.9862476110633233,997.0310767903769,993.4024171669702,0.16059006326887165,5433.0
0.04621927477893151,85.81548725885374,82.9675638244835,0.29647083603740404,437.0
0.6765518621976783,849.6791326697746,848.4149029691469,0.6670960085779165,4427.0
0.2918628991749601,458.8653788675112,456.307199389683,-1.1077925177130479,2409.0
0.1650638729291385,309.3457663379256,304.927339807502,-1.1518429630167726,1531.0
0.7359429407713637,847.171272752078,843.5181630944775,-0.40352942313960666,4655.0
0.685797371241317,833.3144200872742,832.4480491005202,0.2967144302125465,4490.0
0.6445782532224114,727.1324461675255,725.7905912263983,-0.27458947969013886,4255.0
0.34250018523387626,535.117551694906,529.8035765540383,-0.799476400259994,2751.0
0.5119937865465098,650.8491536307168,649.24876492257,-0.28752139041539443,3625.0
0.36666355916014204,503.22987293005406,500.36297685611015,-1.222511331804492,2864.0
0.5552316800937941,809.8293739448808,809.2627216841933,0.6850176405464813,3912.0
0.7177224772692725,817.9635878152801,814.2620041126736,0.3847530497483917,4521.0
0.049721498023052924,92.05531383651493,91.9130334033568,0.289479797282509,477.0
0.4137514787471097,548.5252324300186,547.3931548117503,1.4804345817474438,3119.0
0.4743736030613114,701.8292428281261,701.7552809709273,0.3196855065946267,3412.0
0.7050214950633624,850.237185972101,849.7940303878697,-0.17917973405145546,4553.0
0.2176917467774161,404.0452192298072,398.0347696855306,-1.646016766411956,1916.0
0.35243832591900215,488.6626874036686,483.2743635622648,-0.6760252442188954,2727.0
0.5793286667707298,773.8475936278307,771.5270980160356,-0.5531343834172326,3887.0
0.6038492714435567,743.070055335691,741.1812392206782,0.38747234950449855,4135.0
0.7600735157085191,851.1678322224864,849.4802888744234,1.0902889648962262,4688.0
0.2066007462628916,296.1550699806727,294.02642451289233,0.7780846958479309,1815.0
0.9016990383688448,870.2997736234511,866.8067818770307,-1.2219626584897643,5190.0
0.4215957131740471,611.2328715857585,610.3805811658973,-0.7779633504852648,3189.0
0.5867565002468624,812.8546816959139,810.28632630819,-0.7336610510180868,4033.0
0.27966300343370876,443.6080527017104,438.7022431143281,1.0392290742474763,2333.0
0.17823267955180555,280.97332587529104,279.2197637179084,0.8354517570575891,1594.0
0.5283151273481894,683.8553811351,681.3251971221996,1.404447622175475,3672.0
0.11114887556265174,248.17414807390006,246.06784288082966,-0.3356237469708921,987.0
0.8863548720620084,927.5265776297672,926.4718480271555,0.5404998316824927,5106.0
0.04651431217228241,91.29118527076301,90.79189217123407,0.3161219049798023,420.0
0.7057656116969607,897.6501566783696,887.2303163788307,-0.9814638297751808,4554.0
0.7835066426837127,963.0658698303077,961.9622830082036,0.9526614601068012,4804.0
0.8316522361200674,932.2814167472178,931.4042341232966,1.2738004960362799,4989.0
0.9497050450402709,916.7437988434106,913.2679569135231,-0.6267433223897347,5418.0
0.2571559694694363,382.1540043432067,378.9863383665923,0.41377867875971325,2117.0
0.15298735737819813,293.09869879890846,291.1746981415073,0.450316759423105,1378.0
0.9200357409908931,951.4822704548569,949.6327272168626,-0.41211383979275557,5251.0
0.5286770577017115,639.5829172242711,638.3652686823754,1.550741074049518,3661.0
0.4098068745689406,585.8919659682213,585.4784943095448,0.17831533037558228,3136.0
0.7185825949124479,846.7735895190975,844.6349885238103,-0.5342382264857162,4623.0
0.4599024411640703,679.7416244125575,677.6663923382009,1.6283259456449704,3363.0
0.6103928892956375,821.4044603303258,816.7450663580961,1.3140910301962978,4009.0
0.9412861033574955,978.4207756378546,978.3743146715349,0.19215542428065607,5273.0
0.5640987190240653,812.6856796271819,811.3104114941118,-0.20959407352408732,3988.0
0.5447845848106456,732.467658343669,732.1202886268163,0.2657115330938411,3827.0
0.6651621826410044,798.8452853713989,793.6369808124338,1.6163435925851182,4335.0
0.4732093495107228,666.4150559310768,663.7580246760776,-0.16171698672730497,3499.0
0.4424025876810679,599.3731708068545,597.4258324881989,-1.0939364432202707,3321.0
0.7471411579278902,914.619106733721,912.8980596186517,0.22250636726396394,4593.0
0.6405296357462158,779.6645053463644,776.905585302874,0.5579728793936141,4248.0
0.01960367901412452,42.35353241861717,39.3104084565812,1.5579788727423198,188.0
0.6349238092745872,839.206015205493,835.7857721831069,1.6153943528325347,4292.0
0.6909084406386028,855.6356818727982,854.6772610884249,0.8213338352688752,4412.0
0.6700476868397123,831.221110995895,830.2375343279542,0.5069150380652919,4326.0
0.7427354796655566,873.0804885179858,870.7835774548557,1.5763108349403006,4641.0
0.16099458497454555,244.8327515303729,242.0782498695505,0.02672267832036247,1420.0
0.2202183727097844,406.38209444507,403.8148602050487,-1.2764609684752768,1994.0
0.5841746794423304,758.0923044252393,756.1277585580298,0.08585228443853928,4013.0
0.7339010537848238,889.166032519267,886.9201277231261,1.7473857768283338,4601.0
0.912729496648396,1048.5583811152449,1046.6648743617793,-0.03399291831918076,5325.0
0.11335113643976646,199.99616681416106,192.40889036750482,0.6713006209487492,954.0
0.9896255047703574,1049.9238023866153,1048.173651242725,-0.6544772046787151,5500.0
0.5390574607784093,679.1807335784277,676.0523350509368,1.765988823231774,3788.0
0.5114427170253735,742.8838769649858,741.9543622294058,0.06864828995356073,3553.0
0.45480007513681286,677.5601175238281,674.0158974164079,-0.709394577154235,3356.0
0.2520527761194734,357.310693585958,355.14610721052844,-0.6301732234051305,2026.0
0.454548582976933,699.6111089155781,697.8311126286216,-0.9098365223650666,3355.0
0.42066924038830533,592.1692508732285,591.6464130192785,0.9181224043942877,3192.0
0.4413161905391787,626.3993478939556,623.3369721967667,0.8041516179798764,3228.0
0.663820563019604,846.4616739724115,845.323794178667,0.740428374697047,4347.0
0.6874311428220228,847.6376537426089,845.1177582494255,1.476066744583725,4500.0
0.6696159231088239,892.8298007766651,890.6555407630082,0.6073392122518364,4398.0
0.520456450903159,702.4419158247994,691.908288366967,-1.0070546266659643,3702.0
0.41407602008461575,582.0473934619611,581.214019488242,-0.747407941804044,3167.0
0.6090046168266157,738.3698660224385,730.937300583838,-0.2651546737989795,4085.0
0.4403792482097729,586.7604954384495,583.1955922349704,-1.4171660362727447,3318.0
0.606739792901089,767.0259590605749,761.7606656861013,-1.5296345003438008,4107.0
0.24217392415313888,375.64826082975054,374.43582050101423,0.7300807821514537,2071.0
0.29865360346654324,389.96251871499123,388.60384304650796,-0.2395319536580359,2499.0
0.7525238296353931,813.2581124094464,808.7130656415078,-0.06312709738531887,4699.0
0.5092748207259026,646.1932192648085,642.8206863702592,-1.2898184483852497,3740.0
0.865284537499124,998.4350723034033,997.513631128021,1.194008317258825,5128.0
0.031756274323754385,56.322220267015744,55.86879370195325,0.633783646158728,307.0
0.9354857955393712,954.2857468534338,947.0028163334168,0.9202216945911807,5220.0
0.15429445796946228,323.0824528267465,322.7663080917488,0.3855288845141511,1419.0
0.2913798130414026,462.78671234384944,459.6044815646948,-0.5579170483395487,2396.0
0.20787574493092675,305.9114472279197,302.0140730645661,2.2980939431010645,1824.0
0.4645064541912328,642.6543130022843,640.3924809465989,1.0569419781385805,3423.0
0.6253193592831199,798.6390028468512,795.1169669587828,-0.9882134201986131,4154.0
0.9821179516777779,1009.515793058579,1009.4748667628913,0.6279196780184764,5463.0
0.9012833666367056,941.3913649936476,931.8304324599852,-1.6123894463160215,5153.0
0.4053799294158493,568.9128228411951,568.5957875149817,0.02362589033002662,3103.0
0.19981143016465364,307.1838765209679,300.86374608738123,-2.015781686914102,1784.0
0.7962254338192836,952.2506096989246,949.5648364284622,-0.4179212603831638,4881.0
0.5870630314462644,768.6047695035658,766.9579056232307,0.632821773801978,4010.0
0.7496954064273975,822.2719085200042,816.6886871208444,-1.5156312433973063,4698.0
0.324627323461254,494.54191200643555,493.20299319326523,-0.5613719190290458,2485.0
0.3683578684882436,595.6469104002872,592.8138765116299,1.6408495384197659,2919.0
0.3460826166591239,568.6925882781347,560.5742595133169,2.362031116722416,2766.0
0.1967202433628783,320.81846933059234,320.0855562267223,-0.34090431150597533,1654.0
0.6335553632227102,735.4965640817683,734.5706018037719,0.035673029708876966,4237.0
0.21278500272610867,357.10781858846815,355.7513276229868,-0.7499284900821854,1808.0
0.19399846155822942,300.2626148552147,298.00398919501333,1.187112830223494,1676.0
0.42528070766267456,628.5383051370566,625.0848172871043,-1.2034912691712656,3245.0
0.8344286152542704,1031.0464986717973,1028.9026462713985,0.07431476253097637,5016.0
0.8089744151124034,923.9548953693765,921.7179340675361,0.16026085102992196,4938.0
0.25702940637186444,447.2563878268657,444.09481975578166,-1.2461317371389296,2125.0
0.35310307317731404,554.3926124935304,552.01333253123,0.38948818830635695,2817.0
0.39172848820282025,487.9480944461952,486.50285831518863,0.26621166378258115,2993.0
0.7743910144203944,829.4018051498646,824.4924575174291,-1.2771399008691726,4709.0
0.8937422741192903,1067.362665945422,1066.4388041982174,-0.19848145511564638,5227.0
0.15991267112988528,268.69816289279,267.6742206763147,0.7322082059764123,1391.0
0.13776838133064817,239.9437981081016,237.50285818428827,-0.4703494922645837,1252.0
0.3425347883573734,495.3150348770081,491.5240329887306,0.17655508981759527,2743.0
0.2595575252672152,441.2991400107508,440.69582365565776,-0.23947417524643116,2216.0
0.2558854110761145,403.04984051715695,402.5107547904751,0.07916331138604428,2119.0
0.6658633246447355,789.1213380473679,787.2516610659649,-0.6694158741653765,4334.0
0.5147539596307439,654.7793749531986,653.1240928613248,0.7524963988092694,3684.0
0.1743243436904911,339.14013843551834,333.4038727557087,0.43466512713780253,1557.0
0.7579463390208312,848.7623894579477,843.0135771242243,-0.9792134016764533,4685.0
0.9980416683314463,913.7670745966069,913.2874041501625,0.04773792979926697,5468.0
0.29278750001756726,454.3222358940684,452.28630099582705,1.157987229926864,2386.0
0.6273509671879861,839.2529684135109,831.3080675292065,-1.7122068447936996,4192.0
0.7165370135268598,805.8070601169352,802.055397425276,-1.1864338799364238,4419.0
0.7731274979104261,1008.9774511334253,1008.890157413789,0.4360152982901885,4783.0
0.6615654494375118,910.4010004360757,908.5339883198013,-0.8181630056043772,4410.0
0.028857573844800366,53.81048376616571,51.23433455015292,0.4652945609015429,270.0
0.19364343283938734,317.59815823405614,316.3187128584568,-0.788251863207766,1698.0
0.5528229931822248,796.0124249600769,794.948892108817,1.5691373653729694,3871.0
0.2327169632696544,413.15311176176834,410.138328432392,-0.04618589133179136,2069.0
0.8767039193189939,937.3072595194902,934.7843236091452,0.5489553287381638,5172.0
0.566796532747766,760.4865451250239,758.9627747178228,1.1858279375756708,3948.0
0.11571590023829337,191.02185532695836,186.06726687648256,1.9672296451184492,1075.0
0.46726319603290534,653.6208712985717,651.778660039082,-1.0651447966463492,3466.0
0.880242927339448,993.1468135126469,988.187284588648,-1.8109753879222843,5135.0
0.7159482330400196,855.9309394554715,851.7650522080099,-1.173187171016041,4580.0
0.7641827968166526,876.8781710252662,876.2723427153416,0.1952888935785073,4744.0
0.06468642689433746,129.51208868766855,128.1263115380316,-0.8057161516927746,585.0
0.5195492999993964,716.3596240754889,716.1227565146419,0.5362603153689092,3714.0
0.13144107557840323,223.64076708907405,218.2231629064593,-0.21599780689723783,1227.0
0.8852604592628721,997.3024394123842,996.7026884451583,-0.42761869686933135,5090.0
0.339463324356453,504.93013323396303,499.3651256310745,-1.6629290514788964,2718.0
0.7903725821499534,811.5202229839867,807.0118352476126,-0.8242772026512163,4867.0
0.02410443393772721,50.84539402805657,49.29014693132347,-0.9357674877943032,259.0
0.46658494265819916,627.7774423472713,624.9310056092866,2.1993688164364413,3437.0
0.6373245162847729,809.7131986168818,808.4396426121751,-0.2375856229037339,4305.0
0.3747341169607381,589.5684165408478,577.656479082555,-2.770030020308274,2960.0
0.6797611933548477,842.7616180100794,842.0199722234877,0.9991243458900886,4378.0
0.6880481746530857,834.8144713917906,826.8295346235493,-0.4082540716036231,4454.0
0.22434217642543175,423.24152506933547,419.50000539230706,-1.3352283755676742,1950.0
0.704269503504924,845.4953453197713,844.5430738751514,-0.005327722085634007,4503.0
0.5782079542514825,689.5282056552811,686.6068835294964,-1.0989571494268031,4017.0
0.9347186780452488,1022.8629141988484,1019.2280514283021,-1.4659891115944568,5315.0
0.6824205600408052,768.1371466207237,765.2034928537172,0.2658504113901494,4391.0
0.6494070698763605,804.1683730617282,801.1345497067074,-0.11049383014294412,4248.0
0.9927435665508569,981.3207657338814,978.751708311653,0.994927193024263,5355.0
0.027706007627612217,57.34597610087806,56.32484270691853,0.8469440710571726,271.0
0.5289722007557065,716.0378761280499,713.1367362268053,-0.04431961124017988,3838.0
0.17346065302688918,333.0366469303121,331.1456272030533,-0.852431438022291,1561.0
0.6684018756746545,744.9225771111059,744.1202037073883,0.34297367509013754,4365.0
0.43532977011607876,567.7266673559094,566.628813874788,-0.33876105905329323,3343.0
0.03632950896977638,71.56071085776968,70.96670611397785,-0.43975382389326906,328.0
0.29731444084718894,522.3723370058099,520.8788708482929,0.5383491630239873,2433.0
0.4604746898347635,624.0441452871916,623.5296358870587,-0.32119695653304636,3532.0
0.43703242430607814,619.3563156328423,618.5948996956017,1.2846006637484375,3308.0
0.11149112807953665,181.3365174898541,179.89924273727004,-0.7629119834369865,1067.0
0.05352459951582711,136.54965680838805,135.65207693059736,0.7182068712063859,498.0
0.4263598481183175,632.6478446744763,629.2025226938653,1.6333761998886307,3195.0
0.24427965099359772,399.38162378677663,398.5991907551737,-0.315291212660323,2092.0
0.8806709479577822,1014.2714359888829,1013.2003414554779,0.210079971252588,5180.0
0.3614847899921928,602.8855937275615,600.4840251888918,-0.18861374240123843,2863.0
0.9810197391438304,877.1866629161942,876.3659946581272,0.08620736806295454,5336.0
0.3913431123865483,578.2316716583921,577.7965032079583,0.3546459047278232,2989.0
0.8770223933996819,892.3971391531683,884.5368840297132,1.3125388804240714,5048.0
0.8736390408435782,1014.6131431729964,1013.6362603214874,1.5657805376802545,5114.0
0.11604963957858416,233.14269760962594,228.58687387923734,-1.121913954754129,1111.0
0.9155612022826608,986.5929042692053,980.2292836965878,-2.099254619585943,5166.0
0.4486554650129816,604.647807524824,601.6490386162166,1.4788292857606544,3325.0
0.037982679785460216,73.69456434010597,72.38766819490678,0.859354377129603,350.0
0.31218054936462947,505.11078739432,502.77785350080245,0.1419132945971976,2572.0
0.3614835108209481,618.3807467360408,612.0525702006667,-0.07254559632179071,2824.0
0.42294378583992387,673.0773356585837,671.8094845830856,0.645863285872942,3270.0
0.11780451247821788,227.53903033103762,225.2453760340149,0.4576169817887813,1138.0
0.0939801594598213,170.83633298568557,164.24678955692573,-0.13129383800760158,900.0
0.8542224568952482,1037.7704411650006,1037.3027614697978,1.1882557246657188,4976.0
0.9044339611263904,962.7455989600968,957.4748709845975,0.7814760909381034,5201.0
0.47205147331136355,637.4907518336826,636.0776013402951,-0.4582282407222481,3448.0
0.5714603027418623,827.6524265602346,827.1556872451574,0.8275283358750559,3919.0
0.16035414321165542,278.42629315287553,273.37076137027105,-0.27218784989458955,1386.0
0.4362216863932419,597.2961930680299,594.9983902714188,-0.9257733277066645,3275.0
0.24817647816520505,400.8821197419473,397.5845779418322,-0.2664605663367956,2040.0
0.7330688766309144,805.8360460321692,803.1514516332247,1.4430200999664373,4598.0
0.3617545602428258,553.4175167285076,550.739375215527,-1.007319361500907,2821.0
0.7587776615780887,901.6580129965473,894.7227502575703,-1.1076059416509556,4751.0
0.7197708920218009,859.4297272487593,850.070367187599,0.6993502129676715,4624.0
0.39389759500680843,566.3747887991196,558.2807631934892,-1.7292569712202885,2986.0
0.47296059577141214,732.4693506111655,730.809967099553,0.704827334957555,3472.0
0.8058653524966299,879.6830129162779,876.8236312830279,-0.07942157778670664,5045.0
0.553478422490026,688.6847341115979,686.7332573897629,-0.2516689602672858,3878.0
0.050713408774388125,83.26958606562067,81.86755892564031,0.4986690488371406,480.0
0.3711400035722887,501.9969289076323,498.95007357341643,1.155379636715577,2885.0
0.4267205216050203,637.8412390595142,633.9046729813847,0.4088148506656525,3265.0
0.3775817519193918,535.7224283201896,533.0918438497996,0.8302644959786764,2932.0
0.18551656580758824,307.2315842407469,306.26038145628223,-0.7524086171516009,1622.0
0.3985204616952478,691.3114578516203,685.9818234036525,-0.9972456234811834,3113.0
0.18608246502264159,307.12158838651976,302.5261838151124,-1.3655314489637664,1644.0
0.4112346202487014,573.3734088104022,569.5517974679138,-1.2038255492145415,3222.0
0.8350324240833978,951.9400920066935,950.5462661223843,1.3364246987548776,4942.0
0.7129189562442861,846.0331178732171,838.6444565010025,-0.23049030430461834,4479.0
0.6843387065192469,846.1365543233454,840.0549159507141,1.7870746565000808,4449.0
0.5250540312267912,681.9718123297367,680.0215889494162,1.7738394521107492,3661.0
0.9057602429627414,1007.5713395912719,1006.9386308664223,0.8475497965119893,5218.0
0.6144656327371141,739.2203369282505,736.3491091878706,2.0213974531912404,4126.0
0.8890579808885529,959.8743910798788,955.8435629361361,1.0037239802096112,5163.0
0.9167924390174675,997.5108750494445,995.2928997409749,-0.07617665270372652,5254.0
0.15988950839012928,298.9687693904331,296.89458604846635,0.8089412776675036,1444.0
0.6289892470710216,749.560545230638,746.3148554638996,-1.2778567292071266,4237.0
0.8457047598235239,908.2313085815925,906.3468497899063,0.8682999804503228,5020.0
0.18042171101089777,347.2195896602437,344.5381043922969,-0.1962297989720686,1608.0
0.5704489869420372,687.7343055591961,684.4234887334158,1.9945734272331732,4007.0
0.6227553293925181,730.6817042975193,730.396707783831,0.2292014422386817,4112.0
0.181605596496345,300.54794625164925,300.39371248508206,0.11114946701464387,1601.0
0.7661281299265589,910.1979535908202,905.7827055094274,2.429451815586094,4809.0
0.7423654807380924,922.6914908578918,921.6461385637858,-0.31730755716503267,4623.0
0.8168291627347003,788.7342564664164,782.7320147425896,-0.7561195575933156,4924.0
0.5478784900414801,717.5558982121813,716.6460660029636,-0.5096760639953059,3856.0
0.6941564376543345,903.6347899513503,902.9980496718646,0.5952146429547167,4446.0
0.1369948473171504,217.02323098989405,216.4345483196187,0.22886168217669675,1252.0
0.9776446280286519,980.6327083893788,978.4011123742536,-0.4940662229176812,5332.0
0.29631572973631903,479.3550650238555,473.11779928667005,-0.9859293931575228,2440.0
0.4943954786333342,675.2752235208775,673.8240590375294,0.005310335480141074,3659.0
0.037031154043468684,86.06599494014696,85.63629223933037,0.46093685964557596,368.0
0.43712267439099073,610.9720696410094,610.267326050534,-0.10356735872195971,3317.0
0.954614979240069,900.0382243722371,896.7007135738504,-0.0753681681526103,5293.0
0.23029942469935594,381.9986157585636,377.77655355992937,-0.9612757251781493,1948.0
0.7828769866049106,932.5452862881275,925.566532785369,-0.850010600877653,4639.0
0.6716315887097176,831.2955089887027,828.3121441178839,-0.16962032790552545,4366.0
0.676874082546103,875.099975855945,867.3658167950279,-1.5292960661800812,4406.0
0.34361990764467265,576.5388158754588,574.5942963102273,-0.8114953307487258,2661.0
0.8740697852249161,955.5672741518272,953.1964085915358,-0.3617032636094854,5029.0
0.969933197803857,972.5883868823994,969.8358158051386,-0.6003893887823727,5369.0
0.9339279401744247,1005.606292150713,1002.2600617372999,-1.2258781892613049,5287.0
0.8634904225796478,924.7751695090542,923.2316527362175,0.10339860310897843,5026.0
0.6259347007167396,860.2223871064119,853.909972197753,-1.9207000927461402,4157.0
0.6455442445142439,748.7481804635033,746.2713394025834,1.327470922576213,4224.0
0.9037196606284231,888.921698879509,888.4219999471097,1.1134716108903882,5174.0
0.9313067104222883,939.6073157989191,937.5459803775149,0.6182491377786283,5281.0
0.23328505703012403,370.5266390034166,368.95490970585155,0.9159027574031692,1931.0
0.5465853893546434,741.9579342567507,740.3615117061287,0.725054769107416,3825.0
0.6813730773418345,763.8855186338883,763.6605239180082,0.12220764181202004,4284.0
0.9166937978205146,891.4654950523243,889.0391238226514,-0.5779524955230427,5217.0
0.001076508197386583,,,,6.0
0.8814319192152559,936.5522573367135,935.1408572032692,-0.17242202323730685,5177.0
0.5884082396311725,801.1960245210688,799.7491651280612,0.6564122777623609,4018.0
0.3483053971465355,472.408495462065,466.9671458870026,1.6881072252531346,2785.0
0.8806319652928166,911.4079840297145,910.7138730372259,0.31985175611205674,5142.0
0.15373571639197237,262.34494793068313,256.16767645431804,0.3636454603752645,1371.0
0.2761111568372816,407.4072269621188,406.39334192415913,0.8292077941550645,2275.0
0.8798964885432637,882.8829488097085,878.021738493937,1.2633659484952515,5104.0
0.5409022313452958,699.1504229226924,695.8949708178412,-0.4431793795057783,3786.0
0.44134940837701286,619.8085765573527,614.029469314309,-1.179828003146655,3343.0
0.2621730876463364,441.54081962096154,440.46815199921593,-0.24198951537816632,2225.0
0.9188080774473937,892.5298274822884,890.9978432962107,0.2852090313117944,5219.0
0.7154352438468257,801.3115140720585,797.5799033428704,-0.6647751081805063,4503.0
0.09040253471779147,174.61060655635293,169.4458727965081,-0.770229962423131,884.0
0.8604680347930683,909.3773805464758,902.3071723408962,-0.9523695659719608,5035.0
0.35659378522757057,561.6650090448707,558.3557052921043,0.4609055173594637,2843.0
0.15653983671626204,271.1903715718951,270.4892800305469,0.33829331435442966,1385.0
0.389549194196547,640.7584789471322,634.0718445955915,-2.312156411843504,3005.0
0.4957361509542567,653.6263251594224,652.0414366311716,0.37459916154909406,3506.0
0.2841879526919554,413.7420821476982,409.72897605028703,-1.1508835228196568,2421.0
0.4370746128610825,588.4710192576617,587.3917371880427,1.5692084774152204,3320.0
0.33869663200559286,506.20564464923757,501.9197658679294,-1.903966141154558,2728.0
0.8868658948786803,1005.0295745796844,1002.4068290979534,1.215084993374706,5068.0
0.3319494914326532,483.37229812357435,479.9723089239261,-0.9911510959521626,2615.0
0.4378809308627416,616.0193440481784,613.0931097830847,0.05659031811888381,3327.0
0.025556549024839503,51.66163234172387,42.29865809233514,-0.3313371147702542,241.0
0.9783082239962383,943.4867419180309,941.641075938446,-0.09106022989721026,5296.0
0.3798498747273774,543.0650596692087,542.7969941265546,0.024084379590924868,2950.0
0.8641309385834824,965.3206268058626,961.4043296449269,1.0726225753691832,5081.0
0.19208964941057416,290.8000062199746,289.82528711734415,-0.40127095225978454,1640.0
0.9773931034317112,927.0874127362093,926.1953253317673,-0.11005764936820384,5337.0
0.6865659305356454,783.3407053149139,781.4031250336251,-0.558050856194817,4444.0
0.6653144585920341,827.8171536185413,825.3060159423114,0.8216730022863816,4410.0
0.18325615529007067,290.62672340111857,288.53977550472155,0.10453826507145556,1625.0
0.38112605133593025,632.079729638132,630.7717384578817,0.3928798738787093,2952.0
0.9014878054031941,1052.1627256254678,1047.6231886843022,1.298739132861065,5124.0
0.7012900182672126,763.0636565898545,759.6004340864876,-0.9525997040139595,4490.0
0.9869062021658093,994.986677063388,986.9673499774731,0.4841163763779582,5291.0
0.21387445775727665,403.0816731702743,401.6313536151973,-0.28044140529497263,1853.0
0.5938005561851,803.8284274910079,798.7963638407214,-1.5383171428282236,4098.0
0.17503153909415659,290.5655780811048,285.1211849701697,-1.6846854826626119,1516.0
0.43950000850570003,644.5263518946676,640.1490060888673,-1.1200488167761375,3276.0
0.5887416625239632,728.5774277142579,727.683078670272,1.0723356106173259,4041.0
0.2459765071648543,397.57311460241925,396.30183783749834,0.1569764300271908,2107.0
0.7138543258807138,900.5155476786988,898.5145261823875,1.990997945344622,4590.0
0.09857354931738826,213.25938993283722,208.04258891235935,-0.9232264897964595,898.0
0.18718988945014858,351.26263543426245,347.37347539200624,-0.17414436511611384,1704.0
0.21815702300255213,337.4858682698154,336.3223405803387,1.028101951853361,1816.0
0.16505373239232768,305.4509009362255,305.2335539030476,0.0030161144907202703,1508.0
0.5533299599335335,800.1299078083031,794.1629784633349,-0.8646791449716179,3967.0
0.45038552111559416,642.2599401209554,639.5182500823505,-1.1504663846218364,3380.0
0.05247640406605669,71.74725283297464,71.07297391397205,-0.18854030094003718,520.0
0.5745858094696019,718.5323894502554,716.9778402731804,-0.24762825751130838,3971.0
0.8546563060262755,898.0257242441586,895.3987342691225,-1.293894191934778,5048.0
0.9216731174957402,952.402764272376,944.3780193122773,-1.7236087797268709,5250.0
0.7939161000869102,929.6029170701511,926.5420902073054,-0.9522747790321019,4880.0
0.09040731160540405,146.07889282080953,143.92822580165003,0.19595811231352492,826.0
0.46430790125849686,587.5350367333348,584.6056197397147,-1.4064754827022672,3428.0
0.054053479686679506,108.14487029281307,105.2332862677451,-1.2271593182345806,557.0
0.9040766945673124,954.5563475788506,953.0759732326345,-0.24068364133343118,5250.0
0.9037482778138952,922.1506308831566,920.6600746757529,0.29216832727086944,5110.0
0.8754812735467316,973.4623984165183,969.5931184815778,-0.24779557260925544,5098.0
0.616511260069285,753.137279592853,745.1757737523799,-0.9708728864975443,4195.0
0.40182227788319025,607.544542965158,604.3386108442747,-0.015893130487411155,3141.0
0.013971458430325878,20.665707541868045,19.74008093893204,0.673453866634214,144.0
0.2775661103192487,457.52661379210593,455.05527945101346,-0.17746839135096554,2315.0
0.45939883886550104,637.09014441013,625.023802512929,-0.3514754968550788,3367.0
0.7484682354664093,890.9416958329817,890.9098350792764,0.42648341032763715,4645.0
0.8682327323926665,923.7965613709699,921.25363818118,-0.962141243384177,5079.0
0.7545525279833145,935.8750934320142,931.4004041987987,-1.1361916143757844,4664.0
0.9053984322345525,1008.8881433524847,1005.4985082195395,1.8276124929562458,5209.0
0.03037680606377624,64.43197691197692,60.54781214735443,0.6231267659443097,283.0
0.46767602857848145,604.2816340018768,601.475405862022,1.1381960948757346,3479.0
0.044883966706240286,102.29819377101317,97.70467499361754,-0.9288245102686852,429.0
0.17408593537871198,332.05617105166607,331.1752029424132,0.43698804452272627,1540.0
0.13641320520815137,249.80655869184966,248.3601663367269,0.9174069651166148,1256.0
0.1242033110145474,203.4913603877931,200.31208620347937,1.1936346738155519,1132.0
0.4967867167722033,716.7973965473211,710.028102372359,-0.85761774248663,3589.0
0.42000432653434217,565.3541318406133,560.9649014314381,-1.9667784898604233,3165.0
0.48498324146017346,637.9322468081344,636.7964472241307,0.05741659419962109,3572.0
0.4761600984985964,654.4847753358792,653.2037762857385,-0.1401025316709228,3536.0
0.3097237200407773,536.5115169829724,536.3826276565663,0.4695534431543417,2520.0
0.5386417267270757,809.0176153648598,800.8590662629147,-2.1749134713759406,3810.0
0.9186706400861911,850.4424015738191,847.7180784171392,-0.21555540879325047,5221.0
0.28787485870716434,445.0912575226713,443.31631358841645,-0.03600258784468351,2359.0
0.25042174267645845,432.4953637678827,430.85135674200706,0.39621763264555904,2126.0
0.9266321195803634,954.3885792003229,948.7856942834355,0.3037262416570494,5278.0
0.5412305320430084,703.1469653429568,698.75437469285,-0.3388773736366356,3776.0
0.06528887945523143,131.88705668602043,126.23385004849113,-0.662412380612696,573.0
0.1685175833254886,306.11742926979446,294.9671107080836,-2.778329988054825,1476.0
0.05172029406631884,91.09600042728587,87.21097685514874,1.410636614855232,449.0
0.06129734728502101,100.96099501512023,100.67915918181538,0.0024260456555418647,590.0
0.6753240858324402,788.1195688280404,787.6227208155462,0.497887377346488,4420.0
0.5215236984864802,683.6461628353311,683.2076107540845,1.0185594056223464,3776.0
0.563481875547699,719.8053336852456,717.7431973244896,0.1230293587251819,3950.0
0.23863003369229507,458.40094961745405,453.5212480090257,0.7844066474477918,2033.0
0.48478220306059683,638.378383016028,636.680832408171,-0.6522495508026468,3629.0
0.20431654093255758,391.6716561210238,391.2955725971816,0.8179647527997272,1804.0
0.8064722933588825,932.4933350689845,930.0629853381539,0.9228829107538646,4877.0
0.19654892037916727,364.05791511737505,359.1041926907417,-1.0329568677322563,1731.0
0.6515083011773872,769.2886484238633,766.6598258081091,-0.9529098022616072,4371.0
0.5478541628042324,689.268239318704,678.2864495178161,-2.1946357659580653,3829.0
0.9647783706504727,1045.674243114437,1045.3673127177708,1.0269654282944123,5356.0
0.6103162293370525,730.7888804934191,729.6381663900437,0.3402806885472482,4131.0
0.002952778558629632,,,,35.0
0.016895466685539318,36.39473975636766,35.74447509399,-0.7215432000559714,182.0
0.3398031233686166,559.8091375750496,554.0502358906356,-1.5142753410316374,2898.0
0.17862846717337477,280.98901173409195,279.9540910131717,0.08561804420630226,1616.0
0.6789573736799462,815.757949969942,814.079205416068,0.41654796479935613,4410.0
0.3312832677118053,526.620541207063,523.1238370853008,-1.3157875690986844,2673.0
0.46834734962336444,634.9014815886663,634.191493864341,0.15086664816699544,3485.0
0.6546288367626789,806.304746664943,805.4327851568543,-0.13699588917952432,4354.0
0.7585186267287557,916.4672585203062,909.9507658263601,-0.40421638942674304,4655.0
0.184808152169339,355.03651951618633,354.54683605004055,0.2162287817565889,1646.0
0.9555393236327414,998.9680466395757,996.3165091891583,-0.5582908768781824,5425.0
0.5394960385319765,706.0370878197731,701.0163616477996,-0.15986201244847237,3776.0
0.5259949896019258,672.369381187514,670.3322011090933,1.1237830305367074,3814.0
0.6363343582878186,831.1407754661764,830.1977905295807,-0.3490840643116615,4214.0
0.09650827882683588,162.65260053955706,162.6098746727555,0.2854981015891446,882.0
0.21411318297376225,378.1355672230349,374.4295208549258,-1.628100819510925,1822.0
0.6473825003655233,860.4344250257075,856.0577372137766,0.3667788176583153,4278.0
0.6412810084939156,827.8973359580455,825.7544441446897,-0.9831253669310066,4254.0
0.2581279108617859,479.12518977155156,478.41478676358537,1.0166800337424504,2126.0
0.3204789527966164,551.8513184417551,549.3404715459214,0.4004543432527681,2608.0
0.8622589194928515,961.4730019033178,957.9075898405713,-0.6350070817092027,5011.0
0.31536006938717853,389.08246577826674,384.4335316448652,-1.539120786149272,2530.0
0.7089024281285584,965.8500949858641,963.8058574684238,-0.9554133838602643,4479.0
0.29428700539483865,454.2187035023361,450.99892981407015,1.5232572283154997,2459.0
0.9151298826266853,964.7422384833138,963.9252656027185,0.5369558457914376,5207.0
0.699564988109035,836.340979595732,831.5595690085474,0.9144112250416719,4419.0
0.8199403571177046,892.813975614086,889.7543403847042,-1.0189873424299367,4931.0
0.9157658794809783,902.6830663760337,901.8519423245258,0.0003737228261626842,5273.0
0.23592111192961296,392.8465941283894,388.44366865393494,-0.09729509022151271,2070.0
0.8692684598628916,934.3729298460263,930.7948535069077,1.3130871832734838,5109.0
0.42470610390560204,603.8981183519435,601.7760589213677,0.1508448932183025,3208.0
0.417088201273648,534.3103791131415,534.0217436151246,-0.15627096494920598,3172.0
0.08792725937856138,173.11070930649473,169.39841803011296,0.04732074280854348,804.0
0.4428322402846627,596.1190882208916,593.8794765716324,-0.28766409621421557,3286.0
0.4161105871047125,608.7613220077563,605.719015737237,0.881054833838415,3159.0
0.7812012988066674,867.4672555908836,863.3867487243915,-1.4821847381175328,4853.0
0.4574008944325222,654.1034640591083,652.132921650187,-0.32175422295305534,3384.0
0.9334980175210535,1054.2059075130885,1052.1416960374515,0.6473914480978008,5237.0
0.21667169511410933,328.58431680675903,321.08896048450566,-2.091470185249095,1815.0
0.8769097277828749,879.9591190069426,878.225347146222,1.5948044886397263,5068.0
0.4585796663375561,620.1795477678249,618.7169004405595,0.054336206266291355,3408.0
0.12616020612394208,227.40980141149893,226.80012223389238,0.8231519286558445,1177.0
0.21998038111449003,338.552713010699,333.6718665051681,-1.9327514006289812,1896.0
0.5864850281940039,811.3693417794473,809.8540105238325,-0.5378067156829931,4011.0
0.2383708805240744,431.557936451272,430.28933511375084,0.38697872787369314,2099.0
0.8042294177707549,873.7100551221257,871.3794067372704,-0.4345286399949067,4824.0
0.19476603472598664,348.75413080123195,346.4432935017403,1.0262839379788746,1806.0
0.0857438431070584,147.93401986817528,147.2719897055467,-0.44731122936210777,824.0
0.9852006912139161,961.875967371569,960.056100858227,0.7881090294335502,5249.0
0.5881848526440344,690.7975907424556,688.776621961016,-0.10186331135027007,4065.0
0.7675838413474385,807.9942653163324,806.8555789431733,0.30466727259989085,4703.0
0.9478529884866703,999.9750600229852,990.6318400805817,-1.3533450377349607,5329.0
0.6868615744401936,894.8695234237853,883.4735269076651,-1.9739050430620848,4469.0
0.09661324861299803,185.1226333210247,184.4319211389752,0.4745664061607189,891.0
0.4261772238914675,571.364745868165,569.0335574123785,0.18369424667460385,3178.0
0.16911629734690492,245.71775215751214,245.58961531278968,0.38304558433278507,1535.0
0.3702031427303325,595.7449592080253,594.4031102194482,0.21992560766936178,2942.0
0.44517320071722755,621.5991638881605,618.501378912972,0.4137632928528609,3356.0
0.44297749011974685,571.0772703540799,566.4144899533961,-0.13931194044323555,3345.0
0.42026030521206237,581.7939649386133,579.3173336192482,-0.16085309272344844,3186.0
0.5675388313974216,691.168477710507,682.2698115249644,0.7811194843043651,3822.0
0.024744676508673957,38.671765112404685,31.99247818789063,0.5382158435931224,223.0
0.1335355378978791,223.23348391878338,217.50532982617267,0.673799461477835,1230.0
0.11550354686067021,194.83737506432328,192.57163897584368,-0.8112899352540579,1050.0
0.7501083298971505,855.9579189378153,854.1997578482251,0.2755827534530648,4678.0
0.6607461296141529,920.377620268062,918.1060846262196,-0.5462729927751723,4337.0
0.8997203615176271,916.4107606929722,914.169751356994,-0.9661260325927671,5152.0
0.1144788897594049,218.077063537556,217.40305107679373,-0.7250403713925186,1066.0
0.789535639163088,941.6197365111217,936.5262467556723,-1.0535943124490732,4784.0
0.3300354973157187,496.589322019696,491.6770100947969,1.8418411289878507,2683.0
0.4665889801182769,620.5197347967361,619.4704602847445,-0.024739711888786597,3475.0
0.7932991694329279,913.2549559387202,907.3208329324946,-0.6804022520176616,4810.0
0.7009372647000127,867.8224836695753,862.3469937123275,-1.2149939084928194,4453.0
0.7633645935633407,887.3962483869946,882.0725205933618,-0.971766032941723,4713.0
0.4903148501220258,630.9048315057111,630.6089547156214,0.522911688657871,3576.0
0.957994392425138,1088.9688993328225,1080.8297576469158,-1.0355886802315875,5350.0
0.7108856784719495,902.2952727452023,899.3204618428356,1.021008580514633,4605.0
0.9926103147710942,997.1974084603197,991.8030555354911,2.08744909998563,5496.0
0.19545177528112478,306.18504888726454,301.78491922307586,1.782688514494948,1700.0
0.7464467339441585,894.9834341072929,893.5790808847773,0.22811677022776872,4635.0
0.9857432420854092,1102.690048373496,1095.082860053142,-1.596902514010279,5441.0
0.9500807204128876,834.6907157290018,834.1248509243355,-0.38285435336644447,5307.0
0.4893451663249775,657.0462351666773,646.0756884284925,-2.099114172658556,3555.0
0.2230153094882079,401.3894941581769,393.7142727620215,-2.267327433223414,1939.0
0.559447837573634,741.1476453978177,741.0875281579521,0.4682507209759973,3991.0
0.08924845502660361,195.32907931147693,195.24180729049425,0.16367870735370063,827.0
0.7145046611032259,852.3756506476842,851.2484778206278,0.5400528748794418,4531.0
0.35121456511452254,561.7555346264156,560.4871335477964,-0.25999380290330465,2742.0
0.02321738497240855,45.703924363924365,40.67495908459595,-0.6901762331121665,240.0
0.14020814241749813,260.17355406825715,257.00690210138924,-0.9675657939944524,1287.0
0.7661927292842738,853.7632816461452,845.7080725042453,1.3084518101851692,4785.0
0.5701209171943141,739.1615687445427,736.1353916797025,0.04625418607744252,3947.0
0.9002265190069613,956.3577004450185,956.2926351975423,0.5297427083232447,5151.0
0.6346226121317259,879.5126977130151,877.3950339570413,-0.7921549025538931,4328.0
0.5662322412458867,689.1633118622365,689.0401264383294,0.05214978035444599,3944.0
0.6480998715068198,793.4686670953271,792.3641807646164,0.4440731822174358,4330.0
0.5091358538915389,669.8039239574555,667.7452990070585,-0.5438949330219466,3665.0
0.33555988607820797,516.5095396172363,514.5125125877041,0.5765529091505651,2681.0
0.14028683727951907,233.11611313962058,232.7989595090361,0.6289313363758672,1245.0
0.5728761911703498,722.1463480642564,718.8945986883052,-1.3534566278929507,3964.0
0.43818988478633003,626.9452707229007,625.3563847258467,0.05011578084676955,3349.0
0.2637296024986734,437.0559652106653,435.8052810983764,-0.22551165027993003,2281.0
0.6011710430398575,747.9277122381985,747.0788673123191,0.23620388519580668,4104.0
0.8713574671879086,878.0477422501624,877.6434434871869,0.17313010771579387,5008.0
0.2921323087806935,495.4933049876083,490.1878394139064,-1.6068320061239247,2396.0
0.4723071083632291,624.6958294295744,623.0320882856606,-1.0150834169121596,3500.0
0.014642930862034387,35.349459815546766,33.3719964819701,-1.0773455900214564,124.0
0.4344383184970124,585.3136800098168,583.4926765303384,-0.7063094209203187,3182.0
0.368104669908344,549.4654236380035,547.5388183298705,0.052089499800389176,2906.0
0.06585645121032313,165.9811190838588,164.7271253717368,0.06845197496151958,614.0
0.4453607175459937,673.4287253033363,666.2090819535194,-1.487995280181945,3351.0
0.6975690204186162,761.899075218834,758.7674335349918,-1.1402688727761405,4353.0
0.3440267875115347,557.4054493461663,554.6997223894864,1.3191681943411173,2808.0
0.7114588570919124,770.3921633824649,766.3671256757492,0.5869347492172623,4639.0
0.3339469290452278,528.0745662177916,526.0501568165569,-0.4311518775197484,2656.0
0.01792322069401464,35.75756180895569,35.71755216952956,0.01655966923487076,169.0
0.9519076725230635,1068.6208740192371,1067.973556290845,1.1792274791103845,5304.0
0.28796562099417444,489.4458492428387,486.8791097391938,0.14908882598777043,2368.0
0.7512064736335891,834.4810141826247,833.9357038888857,0.10235373950856023,4706.0
0.94520681353877,990.3313846087382,987.325979594956,1.7549540775104584,5335.0
0.8052238687270515,865.5828984474546,864.1218260847485,0.5306749637392819,4828.0
0.3666959964571599,544.4881581072244,541.2798059336512,-1.517202930728768,2893.0
0.722806257951014,866.5821949826696,866.5652297001371,0.3322546136748283,4470.0
0.4318891824946186,600.4380918525197,596.0929128351515,-0.7857163425183818,3285.0
0.8381683166261551,940.7785393605444,940.2457161849281,1.0449272684630837,4967.0
0.6258488909348457,751.3448846447517,750.2385405720815,-0.05012599173855712,4170.0
0.9246535920533965,907.1185113357708,903.5134697777294,0.948381009609295,5291.0
0.2346773573747949,402.9914891932126,402.6121807761979,0.6858525829385389,1946.0
0.1999484331285466,379.0416261313538,376.4825508575297,-1.2074731538882122,1750.0
0.0033022310379734465,,,,30.0
0.33102647002261,492.7574771460559,490.09731062595483,0.5248338292305844,2656.0
0.18223172973009738,279.5608268910637,277.78140831421234,-1.046630406924995,1631.0
0.4260547030833327,572.6315690104947,569.9086233125063,-1.2825873986241312,3270.0
0.09501473690470874,166.22635226770282,164.42103694094936,0.3220682114289965,861.0
0.11305431498727914,217.18761302210407,216.51386012302356,-0.1021832501050327,1076.0
0.2984932275336094,445.3524605567391,443.6471832849563,1.2595795339895577,2473.0
0.6415445910449398,866.3668574087044,864.6995945376364,-0.5700814496758932,4282.0
0.5891468177847083,770.3185077319413,765.9886544727348,-0.9844323320492104,4019.0
0.772551523430945,920.051736621117,915.0008029694802,0.6190585331069146,4798.0
0.7962153879164202,873.216753730971,865.3655381222188,-1.418936611196826,4802.0
0.353820340372891,508.4153642047981,507.8724645745822,-0.2735458504560121,2749.0
0.13735490325560518,235.31962186640155,234.67893761887711,-0.3588051943457861,1265.0
0.181198874216278,289.87752505334544,287.5293383913243,-0.7179484167440424,1595.0
0.06773750193920802,136.24518604604444,133.60423866991982,-1.3197028999536438,629.0
0.5044770249245533,685.9560569936425,682.9012154151465,0.7727311935951854,3701.0
0.14059301318089257,273.17280021153795,272.5590955486201,-0.005587753376693767,1245.0
0.7752097504525302,840.21145165468,839.3072076686619,-0.5830229596432288,4815.0
0.13855330500135177,201.9931559519948,199.39584378864666,-0.7139622757679632,1273.0
0.1501602478053402,235.56150906333997,232.49957256375131,-0.26832976412196324,1320.0
0.9787282792040272,871.660880665841,871.4030345897363,-0.19698711572798283,5450.0
0.7140271906270363,805.757240615128,803.6207064240066,-0.31558948509429713,4480.0
0.7085070510280338,976.8827739737916,974.6519798399725,-0.22697735782708303,4571.0
0.942291358259983,963.0944517175371,961.7447216729134,1.134928484050102,5285.0
0.32650983436737546,463.499511002747,462.62913537391063,0.976850692038499,2645.0
0.23904942675505036,408.25017420295023,406.6651394400563,0.13674709149284073,1977.0
0.1959694150814345,364.7150800274827,361.80389139940604,-0.555830561051773,1705.0
0.42966282516408727,663.0478879451758,655.4955773945022,1.6188829836294605,3153.0
0.7506797031465082,890.6404923224763,889.9443420611452,1.1275408055271867,4646.0
0.31181233952488396,484.0031704141878,483.1743697273817,-0.16140196800443102,2547.0
0.35410932340820733,591.2800460841067,588.1679158042057,2.3407317911565935,2809.0
0.23627379703747375,421.18924761776833,419.1647464596891,0.9291692379998454,2080.0
0.9538348001944622,968.3115751731636,960.0119528446287,1.740008545035401,5321.0
0.3889436941492652,692.4114155566331,689.4326395832185,-0.4165252919915451,3042.0
0.5321997233034466,775.9824361371136,769.1590213428443,-1.7267463772258396,3778.0
0.18145982121598925,284.9449714609647,279.32376415047264,-0.9606386841940848,1577.0
0.24667864183249744,396.9240276599743,396.40691023867004,0.6815562980850256,2074.0
0.8280537815402934,819.4054462969581,814.4172232968999,-1.3765482737686543,4932.0
0.9785382924801153,1001.8072499499206,994.5924291098236,0.9648589778032185,5398.0
0.4239797863065127,556.0558972707128,553.6662726942867,-0.7886917909303753,3217.0
0.7173361934248608,889.705999228199,881.5842177909781,-0.10212032309536151,4511.0
0.9951279001254084,1139.8425409383806,1139.2989938087367,0.14321499196606138,5420.0
0.6503945139971165,830.5817541235373,826.415989950736,0.5220707757615141,4340.0
0.9576835069508854,1052.39931389238,1050.6416214867393,-0.01999788118342132,5346.0
0.21250830596910386,298.28913686401535,297.6405872919996,0.3184941236645314,1811.0
0.7099875726697453,799.6320908288054,798.3698664396037,0.19024399242813358,4428.0
0.6898798657837744,792.0521829499386,784.2330949959281,-2.3767080309135573,4368.0
0.6131975327981221,818.8263326555846,817.1904687064739,0.5312123863126551,4177.0
0.8537212823848556,959.9220496034856,955.9279045961508,0.3756880670602607,5017.0
0.8930199702564211,928.3174856877921,928.0745421957472,0.4425290646896208,5090.0
0.33090270737694916,493.15926713617097,489.0271123124922,0.8225631559958694,2638.0
0.38262685337275426,562.9764572266953,556.9941997307293,-1.9367885711915556,2940.0
0.8842044582854343,874.958691462473,869.5712927420823,0.8864108532401948,5061.0
0.07197174678124019,132.6498133414462,130.95757500491436,1.2062686767629192,716.0
0.17410860670252315,324.1713078058508,317.7573189683009,1.3968267899364553,1533.0
0.5586759445717726,741.4536696544942,737.5114900033848,-1.4606653235847664,3929.0
0.6009831538297964,665.6235400592838,662.3654052255965,-0.5119451242394008,4078.0
0.9484376788293988,1036.2183964040598,1034.3850646462151,0.9288586723813748,5335.0
0.9920736042484459,919.1112401865252,914.9656418193766,-0.6135580481965978,5456.0
0.6772728867231469,800.6039687264886,796.4557724661156,-1.3386320074726983,4454.0
0.7357268719604824,926.959856597631,924.9485031005947,0.6958811733326608,4536.0
0.7068291782173464,729.3170790102233,723.3700254010928,-2.0445294679736734,4523.0
0.7498850923650224,924.0198773393528,920.8815433772489,-1.2070818310998916,4680.0
0.4207741456871097,605.2754748919193,603.7145347371754,-0.732902099514902,3169.0
0.6839538901021407,818.3739499135509,816.5860720604541,0.12422343914117095,4365.0
0.6239594005875307,811.8061339709042,810.744492869515,0.741338694241093,4184.0
0.892580828812074,1014.0524529284011,1013.0334193926535,0.3021292244164913,5043.0
0.4301960574799152,684.9697363619588,684.3692889714866,0.5700738691063164,3265.0
0.18588282136632184,331.7306850192975,330.80907796545506,-0.26926352395412734,1647.0
0.044358651442070074,101.06751010214111,99.8459161840284,0.664774113735125,485.0
0.11914036713336384,210.54566491489567,208.84413898500628,-1.0490197407281001,1071.0
0.598729868813938,881.678017237036,878.3877170939596,1.8116037404292595,4163.0
0.5069220410905584,714.4085242839733,697.4790040608251,-1.8233371953108792,3650.0
0.37748544375247883,577.8032212628956,574.7569095711065,-0.6855834978618623,2966.0
0.8440299220117423,874.9817693336289,871.5543580755382,-0.3635595611314827,4948.0
0.9930310685735972,933.8232371357283,932.4645265911105,1.5699207257394365,5380.0
0.9097072616752205,1086.090835091451,1082.5636850004812,-0.6845316963719602,5222.0
0.2097606863658572,276.62969930793594,274.7003342890198,0.7533488620756084,1792.0
0.6881004556827673,734.7334853563543,731.3531714730819,1.5395690382006095,4445.0
0.8448720737274592,769.3255671862055,766.0210607706186,1.5491925541559142,5003.0
0.189378216571487,353.60679243776394,352.76753352894883,1.0481077893142026,1703.0
0.15884209984979247,248.48658218963567,244.55239972771417,-1.0810000603357521,1348.0
0.2671453867083148,405.83243795265594,399.5387919167188,0.9273062611966055,2159.0
0.09112156673037752,116.95898424658587,113.89377056853328,-0.7087993777227668,872.0
0.6353519486807436,812.7740004242149,811.2853435290419,-0.10040846760777465,4248.0
0.47456776324287764,649.5107961221172,644.9595119799012,-1.462816844736334,3531.0
0.7381338879365651,803.7690273450854,797.6897932462755,1.0725733995097253,4644.0
0.7140393359707973,871.2238351612399,869.1816264456605,-0.25422552822218597,4619.0
0.21785047072640917,351.14252014967144,349.59457225777226,-0.7316708898070287,1854.0
0.6548983084595675,792.3013306965642,789.721689825347,-1.3870257745977979,4377.0
0.9794765609148005,981.1676798920045,979.887856049674,-0.31565684081686257,5433.0
0.7679180799266228,894.9565265722155,893.991236650111,1.5855327747795398,4707.0
0.27549735985498514,418.9646072778315,417.165896240323,-0.7094364299722348,2299.0
0.9812677068781468,1100.987976242414,1100.270922608928,0.8027209547422481,5380.0
0.6318048765401826,754.6258916669435,750.0983735532885,-0.9869309073720487,4244.0
0.7143749582333686,884.4649748732963,883.01732495049,0.7337836484716879,4542.0
0.724912889076808,849.2300919212653,847.6746816684649,1.456401082175917,4645.0
0.976410165469664,957.6254583220355,955.4781921224278,0.08679600948182944,5382.0
0.7183336899889754,796.9503808798501,790.564123155179,-1.9452486410454533,4526.0
0.31481989714328995,487.4603622706783,483.6582407185968,0.7113066599092913,2605.0
0.27410711740942006,480.463614684365,478.21614295924593,2.0735469529556805,2253.0
0.9475510712195131,969.1508605293591,968.4334067475315,-0.17484319719574365,5323.0
0.6487807779635799,879.939576207406,878.4069096704822,0.1667872931515606,4251.0
0.9256693100890904,960.9562574975956,958.7085657380425,0.12183595260627952,5158.0
0.47979623139718686,646.2355548679545,637.9048021068027,-0.10303483660502537,3486.0
0.4628088748799588,606.702624700947,601.4496741679416,-0.15331915753267494,3377.0
0.2604882552632628,364.80251990232966,362.14737071149494,0.7123519262731849,2190.0
0.06393637385906636,114.35509438658262,108.11315239073674,-1.3922663203106984,618.0
0.33560023500608904,531.2182218377035,529.7753364383947,0.7710415453777394,2723.0
0.20602344765081437,355.99780226043833,352.8591895321226,-1.500807633295608,1845.0
0.25130866811441277,385.662146023045,380.1066588326817,-1.7062848320590993,2081.0
0.9110805148411711,925.3389814545272,920.792396518465,0.2898945129119071,5180.0
0.5503427477155409,701.1738329550228,699.1626879328843,-0.13135982718547648,3845.0
0.18655363491793175,258.22547295011213,256.7043542717338,0.3294923154532243,1646.0
0.7147421276293663,818.2353814245519,813.8860514574807,-1.0147625020205422,4606.0
0.7089613029792982,720.4863818385413,716.0374197565693,-1.222121753075939,4579.0
0.8587757558045789,982.0595036193403,973.6455968819323,-0.909180867697953,5081.0
0.16279356737805073,283.2705563277907,283.1228949623037,0.03835875479658909,1490.0
0.5474893359310202,712.1755014914143,705.0415940263472,0.425464348166973,3857.0
0.818372579350825,765.70479263783,762.9950859791046,-0.2912244630195982,4912.0
0.7194746600105222,874.6778111830711,871.1120409145547,-0.8477084692288581,4478.0
0.3675854216840828,624.221400410778,624.1277825223076,0.7128881457259458,2882.0
0.12618050441537476,236.73614955630796,233.69883479172614,1.3580856609744887,1191.0
0.7136848847496083,856.8340176168697,855.4001093533931,-0.12846724435899157,4562.0
0.7946481871201401,931.2165103532659,928.5928245655552,0.5919721800610738,4862.0
0.9841000357411267,886.8812732980186,881.8111108854014,-1.3687658485386942,5359.0
0.34274971756861905,448.6953700479192,447.9803452465244,0.4571260376196039,2766.0
0.9508649307326014,1068.3904478224426,1065.4554894038035,-0.477974496617528,5349.0
0.5550509800083124,635.1468727580211,633.142685357984,0.08153293525550025,3895.0
0.5240735940876309,690.1606376745782,688.4438045998288,0.6697858546763792,3753.0
0.7899836657851182,908.0332123277075,907.9658810621954,0.4496564073730332,4766.0
0.7898266388823305,914.0155864822458,910.2991796573831,1.4449546800170436,4777.0
0.06456656025006402,111.50534942985782,109.93374024359571,-0.7471829429002727,655.0
0.5351255602677497,627.7466596279021,627.4650225155451,0.8314678522973065,3795.0
0.33800509026940584,497.1651498280705,496.7706870201565,-0.09241237516559983,2693.0
0.046524804309204915,67.57479229816344,65.89132780898576,0.31585152013021656,456.0
0.257338305395612,399.0928257043684,396.33739020295303,-0.5050719092914336,2165.0
0.36062481260158885,512.4905537059772,509.7589149101455,-1.0859322205862079,2825.0
0.152854170484925,283.8179310695114,281.79887878371017,-0.9336070556719384,1353.0
0.49782384554250003,687.4882413033278,685.9971527245331,1.7735119611063044,3704.0
0.49027305507389773,705.5217622887726,704.9514516936573,0.3348272513734475,3680.0
0.31276042436581175,459.4716902952093,458.37620423129306,0.5936938085099864,2469.0
0.3147977280357338,442.4750012404171,441.9922855108974,0.8427927012276563,2643.0
0.0037479253916161692,,,,36.0
0.05455208654759702,109.05691932053097,104.22607784878083,-1.9187780571173814,490.0
0.620835723354221,729.3919001070158,727.8933105905626,0.8661633813619377,4165.0
0.2630202447796698,399.55439659555924,398.31851036743495,0.5708452765961923,2217.0
0.2762676794709845,487.5037288771056,484.45747054277854,-1.0762449793786084,2335.0
0.6812547544837372,889.8069372487425,886.4023261823348,-0.7571372464941668,4387.0
0.2937985305576565,486.5049691505244,485.93388623086184,0.7590451729162542,2480.0
0.14611471236652585,257.7546127299608,256.2365765977966,-0.7288697989836742,1326.0
0.6962449903660892,860.4339836665999,859.7903575794478,0.4129787907384974,4493.0
0.7391750635665029,908.8933580192452,908.0662078541661,0.23167618487161076,4548.0
0.7122430599180944,897.8767828777086,896.0284134855569,-0.9744563466831084,4652.0
0.7464789897224953,777.9070932148637,777.6500986400503,0.30952806409611083,4598.0
0.10411709841877792,197.47542278606767,194.57805829924743,0.9869487470394567,963.0
0.40316527717528805,610.7532291364846,610.0518554316401,-0.2557913288763095,3040.0
0.16108622076432477,269.3205813231214,254.9655980932115,-0.26980277149961157,1464.0
0.9101140322137541,975.2128182178236,970.3679486689437,-0.7652554441536852,5242.0
0.6654076684647081,805.7311679706237,803.3836367948188,0.2434852228148769,4413.0
0.8456713976079889,1011.6905804805353,1006.5862340886536,-0.6669702925884635,5010.0
0.5456457475386612,733.5605068307236,730.2800960783482,-0.6923404698208502,3820.0
0.8796366839425541,980.2373499393,977.4029124671689,-0.23531497212679542,5121.0
0.24869839892678425,411.67592230517863,407.2026167319064,2.0790095805675812,2089.0
0.9148631163340176,913.9458045002533,913.3072158488736,-0.09969838850194035,5189.0
0.7509522054250445,937.1295086768018,936.551915789326,0.12037342585437481,4637.0
0.0866475729433086,174.02089971106614,173.42700734949935,0.8217681546396859,813.0
0.0792447565100346,130.41018790003267,130.2170781322682,0.6993405068067068,728.0
0.18099161067345348,289.7443613828515,286.4186213650523,-1.432736809253766,1554.0
0.26589150450616605,441.86683657484366,441.55961864198076,0.495955240908282,2272.0
0.6263397843702317,913.3396273404036,909.3796314393694,0.11252200020460072,4154.0
0.10017006747430501,228.79078054391076,226.42113601551546,-1.0863458097054832,938.0
0.23895976487942838,345.5697967380458,341.82474045604823,-1.051089665114932,2058.0
0.5022721970052322,699.7486695254939,699.4195035242849,0.8425268528176861,3624.0
0.1582765124683999,282.0745614088399,282.04014300529775,-0.005437323907995332,1520.0
0.48063886227484354,627.6327564352073,625.5430419794185,1.2648162536387866,3452.0
0.5748135345003142,702.8999992446205,702.0972091047628,0.4225640360929277,3911.0
0.47406530462428376,601.1096969935311,599.7273972228853,0.010362530370005821,3534.0
0.4582842384754303,638.2827380444289,637.1472471647368,0.044331217770438865,3412.0
0.12274842382828788,197.7464834535355,193.67682888877562,-1.5498496650425913,1146.0
0.4209550041451756,625.6958254672609,624.9106779058636,0.7746014398941043,3157.0
0.27225009108380505,413.2885573256197,410.31551279061136,0.7310844485679777,2223.0
0.8381029467766342,908.7819111981933,907.4308206531746,0.06454700648573425,4912.0
0.924462316249207,889.60662873667,887.7326525323011,-0.02385965735943269,5237.0
0.09102266315915908,151.08399724349275,147.68177685978884,-1.647261568168264,872.0
0.34977389887700516,508.33567432620646,506.9335316968843,-0.24220077203804904,2765.0
0.7845159570158767,784.3057375457722,778.9337294863711,-0.7883667636180882,4752.0
0.25644598168627275,411.0461446756531,409.01831812713095,-1.122395959081397,2206.0
0.8050226755691053,901.5758762230711,899.544467128169,-0.5057418419852547,4827.0
0.8256550089952397,980.0082972648281,976.8094254177818,0.6816294293251336,5026.0
0.4186830244264226,619.8102691937898,614.9489124524737,-0.43919799528449704,3236.0
0.44345438777315116,682.0675282408617,673.7514600951899,-0.7651972504756372,3267.0
0.2937128234416668,474.1904234665768,473.1869410324123,0.9239881029140034,2361.0
0.3087555605278113,489.2591359699555,487.6129811550466,-0.9267498349234626,2581.0
0.970240251749654,929.6666400078471,928.6634701225169,-0.010049303626883443,5487.0
0.5498139456762127,689.2204684308884,680.2744536152845,-0.9795819021667242,3884.0
0.16196793103050966,333.50050267007646,332.76127620186907,-0.10519219347591274,1470.0
0.4863460877361241,733.6893675451118,727.8290086142708,-1.7821495548308859,3543.0
0.039333601664831686,101.76800582191031,100.93646214278351,-0.7040262655640355,381.0
0.3911451645369295,604.412806934743,601.1716187558735,-1.490801317694366,3122.0
0.05261477146900018,69.47160934217757,68.30597986801806,-0.5049524557594481,534.0
0.7808309096829921,863.7288235922217,862.2796648076209,-0.3627096047516012,4794.0
0.6168724911909181,771.6414268811101,769.2214251013728,0.6846760169261035,4091.0
0.6328464271451757,737.1303878685363,735.9148266773916,-0.6506653481763566,4193.0
0.30019179849389854,452.71305320371766,452.06930580731165,0.44944479184090413,2514.0
0.6595888616229502,807.6710479640749,803.682681581935,-0.06399282510829259,4255.0
0.14323939475138225,251.24235380620576,245.85029377222932,-0.8044925913230607,1317.0
0.6262267905616339,886.8037290760725,883.9260113339985,0.7665781040552323,4204.0
0.3020649271166068,452.3908942219201,449.5526224063056,-0.4344999719617632,2433.0
0.32727780166959786,447.46802270539627,440.38556689492214,2.073853000030284,2636.0
0.7707308721549897,798.2957284251628,797.0683514905502,-0.6716486863476623,4738.0
0.461866184518557,570.1823714496873,568.7978108312411,0.04132932324884754,3383.0
0.050496725319363,119.63518174672245,111.77457163106052,-0.3232018671985925,498.0
0.8825942314542773,979.6703293805334,977.9359262785929,1.2248974819088965,5117.0
0.43196614788172416,682.8087324627114,675.0266151151206,-1.362496957317625,3298.0
0.8661183611601911,866.7666601892569,865.5053338798267,1.1340239661115383,5068.0
0.13264924917196774,229.68900143401797,228.53682476299554,0.4255599031532059,1252.0
0.595170515278873,739.372263378776,737.5774318322275,0.16084421350187816,4028.0
0.8750885424363218,983.4541075631729,982.942121200214,-0.11008082239942138,5102.0
0.5362156691868857,708.0044840423078,705.7167772180536,-1.0561790135862608,3804.0
0.5105104954844055,680.5319579648402,676.8660436927472,-0.8535148886956204,3731.0
9.607048705917443e-05,,,,1.0
0.9344621509101233,1006.0781529977754,997.1339783497858,-1.2347513940815371,5242.0
0.005519448518153669,,,,54.0
0.7866781444741558,954.7266790115174,954.340194448027,0.7402626497711527,4795.0
0.223177695693078,350.7278984928779,350.1943172236642,-0.43885986684940304,1918.0
0.21258129719955832,323.7795440438344,322.8720350398215,-0.020302582073079178,1852.0
0.3736574924300613,512.9123745025914,508.171919453063,-1.8972885104210149,2895.0
0.36239266100173595,518.9788547704665,517.3759224640536,1.730042474033149,2867.0
0.1799112234212379,315.8785052739117,315.3590356873195,0.45053858429922283,1585.0
0.7987666454978516,912.7470119132471,908.7563944319808,-0.11165557490850311,4844.0
0.8917658448297001,1053.87219603794,1044.8682160350922,-0.2774444786505414,5161.0
0.23277753168185455,353.96904394281535,349.1802792716214,-0.42340181595644233,1998.0
0.0055897381663070345,,,,71.0
0.9664367637530643,990.4715221711363,987.9890847614344,1.5450746105222097,5293.0
0.030643853697158385,77.3535795201454,73.90610395844725,0.4771755850115165,296.0
0.9988469286236158,954.3114184183437,950.9389264021942,-1.2181318510464318,5590.0
0.539832514895944,694.2283786395982,694.1855716323768,0.2942796895328498,3817.0
0.11384782184742492,246.62348603014976,243.5453182297145,-1.0615151697079996,1095.0
0.3926777512359009,615.9485007220646,613.4501102459983,-1.3031038089521765,2909.0
0.6162520127281906,812.8974220743952,812.7106034256741,0.5601374575784352,4089.0
0.6019268001266587,683.47856887368,680.6817764910322,-1.3988155388464905,3975.0
0.27037049589926077,412.0765801233185,409.344799198835,-0.5712164824139724,2292.0
0.6172556951066993,780.2758340699904,779.2787128691176,0.378178714358194,4075.0
0.4901681734352852,706.1003644981608,705.705804165162,0.15799541880788318,3569.0
0.8862487426775506,996.1266624400204,993.6336783746848,-0.25665419093155556,5077.0
0.5226702708571583,653.1728367482222,647.7954234732744,0.5947340131323662,3759.0
0.9564008597381184,1043.5474398007057,1037.8191497932032,1.6350462834083364,5324.0
0.8613344394739623,929.8881981225009,928.2530067519015,-0.9427385486133661,5075.0
0.2551246317624922,409.05535019800783,403.7193559221128,-0.47858288762022283,2120.0
0.5370632671346594,682.0753673037651,680.4636081316927,-0.838994907375096,3672.0
0.17813247329644755,426.9119759932634,422.33760816195473,-1.121031831804857,1629.0
0.3591853835373142,552.9932874765303,549.7631749312361,-1.2846184092617359,2879.0
0.7682940601313508,848.3368090946714,848.012425935035,0.3612195458912511,4723.0
0.4944050932267189,677.000733381953,674.5841677444754,-1.0179133724135996,3571.0
0.7644419565214555,872.3312258077688,871.0791213414335,0.12817714679329825,4766.0
0.5810186919066505,724.121898476567,713.2809312138754,-0.08640279096865873,4089.0
0.27355659335154403,438.72862044579784,436.00142473874155,2.075894159062378,2300.0
0.12719376588079034,171.50216441480086,168.98200295539488,0.315159950875786,1210.0
0.983010498586406,1043.878157150741,1040.015399494098,-0.8405809918421729,5395.0
0.19579196151571188,325.7875820185824,324.8167599866398,-0.3470745758014976,1691.0
0.4770916820736739,679.7614579256274,676.744419155399,-1.3035215613852966,3395.0
0.18358647904927272,284.33839139764154,283.05104766565677,-0.6625187931342764,1649.0
0.8849681306829147,902.9561752287126,897.6764399193096,-0.2832219710590489,5068.0
0.8711595604064323,906.754476044597,902.7699140785069,-0.7068650083459607,5040.0
0.40255362722469334,614.3359071559755,613.4373798045991,-0.007968443241600108,3066.0
0.1828572879166599,297.94422044379485,290.95800001311716,-1.8603820639559576,1580.0
0.48466852088128365,717.0522553743606,715.4909248693942,1.2783492270169636,3558.0
0.5627458059148179,758.7043667623863,757.1959582209934,0.2897474992821047,3880.0
0.27435392303650596,445.92404121294976,444.17781142962724,1.0659524706716974,2379.0
0.18876298105388456,349.41150183205883,346.14504891147214,-1.1163735522630251,1746.0
0.6188324587412433,772.8225641011188,766.5731891679966,-1.7381875591856342,4195.0
0.212151912639855,425.95988866901166,425.02569878633096,-0.5021820924268693,1885.0
0.8411501172835094,1013.9471783472799,1011.6905406234655,0.9055367655918698,5022.0
0.2998796957686156,507.3635243484824,505.22908427257124,0.22625754800676082,2548.0
0.37395320393257947,609.8572675791136,608.23194268689,1.2041537994716878,3046.0
0.46221331926209464,665.0255740857488,660.4587818214943,-1.4905556673052855,3370.0
0.2827165612243844,442.6681815483646,442.1346199658635,0.5112288727288727,2325.0
0.17227679423799114,322.5386749465886,322.46716263742076,0.30801290662263814,1546.0
0.9944129810671501,939.5141826011278,936.7185587947412,-0.27746897812709714,5370.0
0.20064244446345147,342.05940698016826,341.3420098338673,0.22508163663745911,1755.0
0.09489756833306862,160.98630363572542,159.43494313542558,-0.6316380740823268,911.0
0.5657965929016001,811.6250806370033,810.0159289857958,0.542559319429591,3969.0
0.3539318845641739,492.83403249933593,490.0436064783024,-0.5965473556712404,2777.0
0.056123906225860054,104.6682206884528,102.58748352581516,0.7818404860575414,609.0
0.6284272712051927,660.4191649065264,659.5927527328263,-0.486592101780653,4302.0
0.9226531649083869,903.0491990686127,902.8221263453022,0.3885486991370151,5207.0
0.5142846157299698,649.7793216135328,646.77341777813,1.4051392218809136,3654.0
0.5636068637619219,742.7794383492006,737.5845428011593,-0.04538464765028955,3964.0
0.13462943551427375,225.16901105319218,222.75580764724307,1.1906136066505077,1141.0
0.4647178350627713,659.8429074219107,658.0842070075903,1.1952774623465863,3327.0
0.18233912963997456,324.474445159929,321.4623785162143,1.2202256958525548,1570.0
0.988946742088009,964.7290783514668,962.0475230678452,-0.6021829578575112,5438.0
0.3085075834007487,517.6620013508051,513.5028638529351,-0.7102229958076847,2572.0
0.41650876447752394,626.7285018306944,623.6148216678522,-0.8628368001648338,3208.0
0.4985867574335634,721.7070483686888,716.0586900272244,-0.7582408869181829,3566.0
0.7888440466228918,899.1808498188258,897.6419001133327,-0.524016721899195,4819.0
0.9682188156758863,954.077505482665,953.730451662527,0.03160136622380168,5389.0
0.6090678603568558,790.1273975607115,786.5342493117661,-1.1638315984504328,4163.0
0.4037987668931844,620.3799036016699,617.3358123652756,-1.3455392363459007,3067.0
0.22098126116139616,360.3851664428184,359.5385962175789,-0.33608944540433217,1929.0
0.2803475454669596,483.61339032097237,481.8521231539405,-1.0963381852558414,2322.0
0.5032896751018052,664.6461628349269,662.5056039943112,0.7312138017512597,3596.0
0.284521504571854,475.546518381585,475.06239561629855,0.7140068094811408,2419.0
0.71355383461544,834.8716536407444,827.9473093186767,-2.510033481405142,4442.0
0.944043274694093,937.6351365862538,934.9170481517767,-0.5752237930848754,5252.0
0.41033052781241575,548.0416728685835,544.0540464987816,-1.7859648104411001,3154.0
0.9224452582557481,882.0186040230952,878.3088951259751,-1.3358289009015865,5185.0
0.4884040548339752,622.5556383207531,622.5179964815873,0.5193191633250068,3509.0
0.9950034832949788,1071.4301228422962,1069.106669833604,-1.1208240135294327,5460.0
0.7267863971565537,874.0811644418776,873.5068604749016,1.2131593426123375,4659.0
0.5248953515348569,627.4953564869744,626.2249475652187,-0.1615972095359073,3752.0
0.7548230500927479,944.4150811230757,935.4278742024989,1.1950782759218759,4753.0
0.2683812501580415,457.82733731839386,454.3034711388927,0.09816064856486685,2234.0
0.5158311764177359,665.1176377394688,659.0140063656598,-0.8012555616745429,3696.0
0.6871863070798233,829.0172978807738,828.3160510104485,0.42466101243073784,4528.0
0.8374711390996569,990.7293275339379,987.4980629223815,-1.3855039949063253,5044.0
0.022366660514785863,32.01240550494282,30.925882651447026,0.6774836762027717,218.0
0.8564041712611147,933.6042316845977,928.6778778651168,1.8846482433219012,5063.0
0.09149145846968287,127.51985591958004,125.3915292595296,-0.41100151984580047,797.0
0.093236807498573,192.26956846186428,185.6707404884631,-1.633263253870161,883.0
0.23704799059266513,397.8626311663277,397.07494569908,0.0074688662489436385,2071.0
0.013797124536662375,30.92022792022792,26.923374281596182,-0.48647051386386814,141.0
0.677335402642582,907.9704258410314,900.8804391919235,-0.18992884915401992,4388.0
0.3110954476753621,528.359861062422,526.3445027692663,0.2632961674044566,2553.0
0.6417194293431462,747.6908869875848,745.1507606014825,0.5393983663197469,4190.0
0.9204284847295476,951.9702194841822,949.6379150032196,-0.9030336526813171,5099.0
0.020733206167259932,33.37777576908012,32.43703196242024,0.27496633133743853,235.0
0.19673985324146637,295.8874744227954,294.9082671603467,-0.5003689056082257,1754.0
0.046266973867722494,66.47564730454029,63.94324984260734,0.3245683210836789,449.0
0.7135035109034141,851.6429086058848,845.6235307663932,-0.6777214790854088,4589.0
0.3427695577040859,472.8126826169186,470.1495523824885,-0.5894990466793141,2747.0
0.2730175057882729,413.2909218656706,411.97693661249895,-0.9372066076232026,2222.0
0.7257296595032494,893.8409794355512,893.0995077926499,0.38772740717588094,4524.0
0.47050946401546523,576.5412772912539,575.8565428322944,0.0018213691858932086,3424.0
0.8231770975794319,828.4468923623876,819.5647194251857,-2.2696692183608076,4908.0
0.35124182899943945,470.8197417377404,469.4309957723937,-0.04223568321863478,2768.0
0.5653539076759672,645.7652690414768,645.0621934104241,0.1370339919079637,3882.0
0.1466165032037069,241.04132862384353,236.106871959855,-1.7798123973560611,1386.0
0.17404558939752413,352.4110136406078,349.6147329703655,1.7512517008557962,1548.0
0.7176083802661286,935.4811400119062,934.6829873752072,-0.2783101681902418,4563.0
0.38739777546895526,620.5152274127994,620.1681114082243,0.5359507756415925,3052.0
0.4277477490523709,607.3711332236726,604.8651775072819,1.9285102657241429,3245.0
0.1576116415070309,257.97066627329406,256.73604763182976,-0.18650082503276746,1410.0
0.6228785589829492,836.8504857183189,835.5869283712738,-0.3467224486896211,4274.0
0.0852968359638272,145.8713711466951,144.71023132780388,-0.06630772021039091,800.0
0.9324098421542207,988.753320920548,988.2151082543812,-0.13636020675011026,5214.0
0.6203880552496569,790.0145916312129,788.175534444909,0.5855588985010043,4181.0
0.5310170295465158,683.5508240350035,681.5903269076797,-0.7037130024651076,3872.0
0.848171726950567,877.5759874760377,870.3568842814731,1.8519402076261318,4992.0
0.5598224792332361,722.1318928144192,716.1171137860603,-0.4681353459567708,3867.0
0.3963454077701035,528.2280066526815,527.00391064458,1.0527071948600752,2907.0
0.1565532142815429,285.2180882870865,284.35279457672294,0.8156574012228548,1409.0
0.1008326648222968,188.5179477794241,186.37571909921732,0.0147464179095297,915.0
0.8662020861581848,896.1233176777382,893.2353049408754,0.8580983592423518,5050.0
0.7117553129730312,801.3432573261905,800.3783807464564,-0.31721357678840983,4566.0
0.23693466308256117,425.57815636891365,422.20548468909135,0.7949337753057252,2010.0
0.739663973277929,890.9286609206983,888.8375470746082,0.9052172668580944,4647.0
0.8193447767775304,959.0298075655866,955.4554260066044,1.6693281105012017,4923.0
0.0425889163155988,55.92566529069056,54.497554133752715,0.03718149602019003,381.0
0.1108959568950838,154.16631273565505,152.98808817293641,0.924590777522539,987.0
0.18993870936970658,247.93568573338203,244.37214332894783,-1.0102659505319005,1611.0
0.18582433868597914,378.99014396666564,376.3594745230358,-1.0573141542049571,1585.0
0.7739518389049014,942.426778640819,939.4873023112073,2.4801735738987416,4766.0
0.7915301914922931,782.4660989080088,780.0756101560723,-0.6297240787756527,4792.0
0.13507364402374689,261.94394968499546,261.18405219513306,0.873171227904658,1165.0
0.03146216348630859,75.1680058923798,74.60239591672068,0.33045031611536574,301.0
0.9207969999516791,969.3916088029863,966.052593462339,-0.013504622488984087,5093.0
0.2853441420200251,444.5076921736807,442.4464054573678,-1.093372497124711,2357.0
0.8188984928670873,824.6178715023216,823.2615967726609,0.21962192744483935,4835.0
0.825399923420407,824.9537829291108,823.0576709415623,-0.8239276925071889,4909.0
0.5386199135427868,697.5826923556663,696.5995710746747,0.5305230548986486,3753.0
0.723277183667729,746.8172948158959,742.1455990025232,-0.3632656980872017,4586.0
0.1523105042391637,255.31650169625908,249.23142794086883,-1.999383169084266,1367.0
0.24540987655628832,303.75895010654966,303.4759678056202,-0.2287881481026427,2035.0
0.18763692794729847,283.90854713545195,283.75750831450523,0.854837134600535,1657.0
0.7810881793747697,949.0330557663174,948.5408142601954,0.3343265598901,4751.0
0.6523355098131266,726.8679184897381,725.5816219566556,0.6478557879289906,4353.0
0.7842903659593972,850.6404585611714,849.3066690649596,0.22612870764109233,4754.0
0.5774648152628158,786.3558231562655,781.4134961706126,-1.8355787272320896,3988.0
0.9064065983361819,955.7254676807282,951.4164692046452,-1.0163988712516547,5204.0
0.6373226694950792,945.2347998033238,942.4527519057935,-0.38024767834877793,4297.0
0.3540965584701171,550.6456803475587,548.518534938372,0.17109329100146384,2809.0
0.7151459320572646,936.9704490660133,930.6285555717742,-0.4140322674832745,4586.0
0.6873480016725741,778.7045403008635,776.6762181079553,1.0540543331496652,4475.0
0.8879614784080211,933.7389334610316,932.7215654531332,-0.07006689838936914,5250.0
0.2455410255210141,358.76924187026344,353.9790246325519,-1.5419767750867441,2089.0
0.6964626297916667,871.974915976205,870.4485408405905,1.0510343423559667,4443.0
0.2932258959123685,436.3847727407781,429.2097277277874,0.4630418483341537,2347.0
0.6441225373734308,783.5594447375896,778.5622435520232,-0.969627096074179,4275.0
0.5109309436477559,771.8581331159904,771.1826720737691,-0.11317597184077244,3667.0
0.6070942170471276,807.9282665019106,805.7930373922627,0.7679048339849748,4046.0
0.4127918023090439,633.7626591876883,632.131945006943,0.04566175177843318,3121.0
0.10283423402502168,158.6085021063082,157.99225017431905,0.8221877568924734,967.0
0.3173903843795297,528.9503403710098,521.5251178677454,0.8407786699205896,2533.0
0.19016180444582786,309.5385385014742,307.03977219605645,-1.4666152398234031,1688.0
0.018454159689617167,35.31104594330401,34.60743494754443,-0.0005898685210116557,190.0
0.2693187911930246,404.8951917669303,402.63509191379836,0.47288007560733486,2145.0
0.23649915909225505,409.042971197714,408.2715791014407,0.8252498976556639,1969.0
0.9054790812074538,895.481954025556,892.8377506910915,-1.1777353812974065,5095.0
0.6206569697642078,786.3157823668485,784.7463027708374,-0.012430542196495892,4132.0
0.23912440308921534,415.21065346594503,412.98059734657227,0.6067931934532418,1967.0
0.9511506756663816,934.3139240902238,933.696404907599,0.46441078285775955,5229.0
0.17695704981772975,344.24702868567664,339.0256811165813,-1.9194102820830796,1593.0
0.7058623934042548,864.2321247813113,861.942779958695,0.45298615322443064,4468.0
0.4239525935097299,566.3147330642958,564.8320856636818,0.06008117394977976,3185.0
0.23374342475873777,426.63682093057,426.25752438200914,0.7815267137226161,2056.0
0.1247762126071218,288.0944609132913,284.6489490527807,-0.24539941555526085,1115.0
0.37399385840292376,542.4758307375404,540.7440021705457,1.3033716188415605,3008.0
0.758107404605361,919.6821031625018,916.1287828056326,-0.8130910803411472,4677.0
0.5357627795804399,681.0249359753332,679.1762533787229,-0.12184861487753355,3851.0
0.2916882728732587,434.71224272568514,434.439591055244,0.8284778210856382,2353.0
0.482797575305807,617.0909395702322,616.4609075189675,1.030382757183508,3481.0
0.1211354916139219,160.6036711214651,159.39028929838364,-0.39969826093121213,1067.0
0.3655644807238575,549.6556755329418,548.1382189543173,0.7567171590228428,2900.0
0.8617944689410804,923.1995157935633,918.6810279018268,-0.47701835630265116,4917.0
0.5562308854890042,780.9482033509856,774.3567609485584,-1.6582445791808766,3894.0
0.39047982396362224,592.1065203313253,589.6296039667712,-1.038106835356078,3141.0
0.5541681831347715,767.1325916466099,765.920806252406,-0.18201813001444378,3841.0
0.6089312382932147,758.7667743071597,757.6539031611643,0.3055494293970725,4181.0
0.11819182421804308,226.0854077016251,224.59446286275005,0.6818950796448366,1087.0
0.6996578464456349,869.6996341454808,867.6494540692235,0.4194333612988691,4438.0
0.5474292429200576,805.1910907220098,800.1208608610164,-1.2779949058089437,3867.0
0.8885818083647463,968.4300996715656,967.6105725784133,1.0027183796907884,5032.0
0.7372598857554293,843.3785666691336,841.5634358400424,-0.3920794740244221,4601.0
0.2608548948498558,409.17824121692644,408.1594946085897,0.34506306410312976,2216.0
0.882040559751483,988.0389991138172,986.306354178441,-0.7711558733422599,4978.0
0.2904659240498544,425.1707380255604,423.2273689595205,-0.43998475227002204,2410.0
0.4872969359009294,717.2352507140457,710.562133105099,0.5257127281588272,3546.0
0.42560471328710425,661.4318218737053,660.4893405154052,0.2681413503067711,3256.0
0.0076600169524647654,,,,62.0
0.699753309587683,905.228382295458,903.3996796621459,1.4915912620617522,4516.0
0.3698347235168338,480.15418090715235,472.90536811183154,0.40431663451974037,2877.0
0.4908073613506876,669.417993422371,667.5590929411529,0.7402359166587916,3520.0
0.6777732698400741,811.972301481943,808.9471453490418,-0.7117822028588464,4380.0
0.7424979922573298,871.4158614672607,868.2913472543619,-0.6456578093148511,4633.0
0.7478134065753569,924.9999900315327,923.4924092768696,-0.8512264866837546,4632.0
0.14640750167745353,202.04129841959792,198.82838982239494,-1.2315320716180829,1288.0
0.30878644048078474,491.72810782903554,488.74102710023624,0.5647332337403089,2482.0
0.8197375387897743,852.6311330886315,849.9771991428619,-0.9800272619204233,4908.0
0.6670949774575861,885.7791952308838,883.0609039554004,-0.6267253417291949,4515.0
0.5219846267155495,685.9026200626884,678.8864441944523,-1.025903565334539,3726.0
0.7840887638869523,845.8600147387529,843.4733520672049,-0.5872077101615191,4908.0
0.9119255253815455,1017.2767961672009,1006.98198360724,-1.2976619072921873,5174.0
0.029073188042169962,43.232416714776605,42.669659968241824,-0.42131067947009143,267.0
0.183482254449309,285.25682227169875,282.49581770644437,-1.0153772925479232,1623.0
0.4108496033704855,634.8676988383526,629.9670439745087,0.7092574915283345,3127.0
0.7458615952510566,865.7864837155614,862.9222213293516,1.689547707290586,4618.0
0.9529445806663852,1021.4800486020147,1008.8439975993309,-3.0818375975650993,5361.0
0.6267530873854508,795.8828910087784,795.5672153801952,0.05174086963138209,4173.0
0.6824012211739926,829.1822594822692,808.9077962934966,-4.344502890590205,4435.0
0.30055384794369366,493.0233788250402,491.29942843392524,-0.6108747842490458,2442.0
0.5836809677259156,772.8917643196042,762.651410739332,0.48984629035410243,4020.0
0.5975350065741024,758.0977106110829,757.8534299614029,0.33160862487805126,4062.0
0.5319363559054799,681.2978960919671,677.3499631053675,-1.3742548573160982,3868.0
0.19677886318297533,354.23725044950277,352.03816885221073,-0.35748513104359636,1695.0
0.6519490627204733,772.5046611756667,769.7071892080884,1.5919883224806595,4243.0
0.9329137649618904,1031.6787333244567,1031.3407332432034,0.5587786669595547,5241.0
0.2505418346086884,372.36469599045364,370.1274915748693,0.7281546185128146,2068.0
0.3268270403440575,515.2622049445843,513.4829579013513,-0.7740311764888128,2666.0
0.5404193282556383,656.2356186223998,652.79872761672,-1.3126196400791528,3784.0
0.9078498723622218,1004.7054223939781,998.4931774933494,1.0837184371969855,5191.0
0.02054621647403465,42.42428019225647,34.704358242845295,0.6751965437783892,199.0
0.31309844978783063,510.2056188175063,506.6040758962088,-0.015855150120168932,2546.0
0.09435747665632555,203.1025066929451,202.57691233296984,0.011145004285565611,919.0
0.36838967843508397,507.39911932279426,503.56323055429533,1.6758189970049888,2891.0
0.8603393128559425,955.045658836866,954.2516132039685,0.14075224919418275,5053.0
0.5797934546391387,786.6336078608576,786.2169995528338,0.8010644763583553,3919.0
0.21461160185661965,378.4933410170593,377.38430678873254,-0.5545722169928835,1907.0
0.9365771176439728,939.4113400874357,935.5649957075077,-0.3146006713823424,5106.0
0.3884422562879787,563.025670721211,561.3454043067384,0.3184148358919311,3075.0
0.008071953399316212,16.132442067736186,15.150182887470423,-0.29981532376306086,101.0
0.5925262828556098,774.1775574146134,773.4150420687557,-0.24839066484410602,3988.0
0.4311144384755874,635.7966027687957,634.5537338215548,-0.05199189014031377,3262.0
0.06186825750720193,156.8815545756847,155.23862508934903,-0.6008290389693862,582.0
0.3945982886469578,553.4299501943954,552.4386163657485,0.5678716780246114,2987.0
0.06490541755009882,106.00802017180443,99.96144838357984,0.22979484571708608,592.0
0.10921503429629853,177.56938272631407,175.1782507804671,0.6646154265983402,977.0
0.4003430257057379,579.5479970241284,579.1939294831923,0.4733561648786987,3000.0
0.9602349919828158,1062.8437763385896,1059.536636719894,0.5171605214576783,5337.0
0.7055129219028835,858.8026819346147,858.3329309315698,0.9162089811984566,4567.0
0.7445154437749649,842.924801428377,841.8013886213656,0.4554570593874981,4605.0
0.39467469862148064,602.5636349064524,601.7797401754963,0.9389865130390183,2986.0
0.16955373313326283,314.2101842167254,312.4410342521403,1.5264035411752046,1515.0
0.7624041149446592,833.3171536219301,827.665198901134,-0.003925345062193411,4678.0
0.6322022146021307,831.6049928091746,828.6353915797446,-0.22567476030959696,4259.0
0.7812499219600973,857.265815645281,855.7139143443719,0.35865551238368404,4777.0
0.24898225383899564,412.23359537694864,406.7039670679691,-1.055996866053885,2168.0
0.2892364673368525,490.7816048194409,490.20041482845,-0.04713839889543576,2419.0
0.3058269431213546,534.3694645570939,526.1040301653134,-1.4887508351305976,2520.0
0.1286811265035669,231.6526349002553,230.22609793795988,-0.5952654746987142,1148.0
0.5018572287880949,754.1018712776529,752.1778407650527,0.44945128834983183,3661.0
0.9579103459656695,981.0333507113579,979.7571681648185,-0.2830436260970513,5349.0
0.2916810040815442,482.2211831156399,477.77303059052133,0.6408721702557798,2442.0
0.5951335899549929,813.0578045009293,812.6207653181696,0.5571376152106442,4116.0
0.3586709202392434,539.5424136169946,538.5048172358203,-0.908208811129717,2852.0
0.7491212425508322,860.6627751812533,859.8391160745456,0.5208427282472259,4686.0
0.8456580016860582,1041.8203394825687,1039.5193405639677,0.6517060022746574,5006.0
0.23426894043237945,396.7859635329822,396.55358422437666,0.3136953121416625,2084.0
0.14209552387488567,208.6403544675836,207.96923444013612,0.8234565075386214,1209.0
0.3452561645477381,549.4986200762979,547.9440711747337,0.49264442229231764,2697.0
0.6450109290003618,740.2588170782795,736.8337816613075,-0.6680025714010759,4327.0
0.6824163800083003,815.9656463099651,815.3033960690202,0.25988417680909054,4405.0
0.03768927947082856,77.25148402795462,69.84108764501714,-1.1326418347649005,358.0
0.8743516399241152,860.949323521359,860.3029131579392,0.4026882465218957,5050.0
0.9047783172572237,976.2544433812604,971.8185251432437,-0.7134994427787437,5196.0
0.7757639369044974,867.6803626877667,864.506430251565,-0.15528784732157286,4815.0
0.7674652388511216,827.2070573554714,825.1811565705492,1.2341844510267144,4740.0
0.024377081850909144,69.78483921749054,64.72528933055247,1.3736703395018177,250.0
0.9439651703443659,973.8129114680565,972.4140447058414,-0.17358213155278535,5216.0
0.7751906341366526,925.1273633816403,919.2689393854114,-0.7452466741259667,4771.0
0.8557701181489996,911.5992994291008,909.7019363618144,-0.42175393620071633,5013.0
0.8328800172912588,919.2886877768427,915.8245220561384,1.1533381073155704,5080.0
0.6997537367300943,762.6065751309638,761.3287327320323,-0.5153225541962622,4425.0
0.8414737151076757,908.4914513483357,904.753862647227,0.14640323464483854,4936.0
0.39318277287594705,535.0544782830729,533.8590973250828,0.2728419316483168,3021.0
0.24168095875191065,397.86198951470044,393.6712051071091,1.7202167186114277,2039.0
0.42550996346962633,513.8402159602489,511.35623042731464,-0.6839117306238758,3227.0
0.8991421239325642,910.4087898011069,909.4344733776259,0.26132822012664175,5058.0
0.6820623206142258,817.832903857092,815.4064538586193,1.0727828751742137,4481.0
0.2851011955924737,461.608559203695,460.8783093201837,0.679659171414438,2416.0
0.48135741276293187,676.4012931381842,673.6970307612951,0.7379296983252678,3529.0
0.13892249929823008,270.2769017855198,269.31015108417904,0.625176561881194,1266.0
0.2463308559442149,377.26048972273264,371.99044251392706,-0.9083811227601074,2123.0
0.6702814127030496,768.976769783297,765.0627599399825,1.6055610832216223,4373.0
0.7902158816530486,941.3844283445085,940.1867189588351,0.11706239074924209,4820.0
0.39854656262670385,494.23536447297187,492.3659923406675,-0.40791807380937345,3003.0
0.6073499807293068,780.3235830854073,779.5953355650713,0.4672511961950738,4059.0
0.9097855471883726,1052.1992846046064,1049.8703041411882,-0.8375358962533912,5212.0
0.2571818237442738,394.77517509346615,392.9160408453107,1.5995989807168787,2204.0
0.4791088638829122,683.5079747663208,679.4064784988864,0.2900824885541104,3521.0
0.34508511669053177,548.68503630172,543.5802987732193,-1.907733743291544,2809.0
0.28666113748491595,450.04677985837617,447.6440078841186,-0.021834841135703404,2395.0
0.19722235602326366,343.68363650345145,342.0113437596697,0.22011075455961915,1686.0
0.006869299721150579,,,,57.0
0.43003807283885886,571.2958785091704,565.570539483029,1.0790842126341376,3238.0
0.21363425943044267,351.85276361859604,348.7237872425671,0.2492345319394386,1905.0
0.9854498368693524,949.610502296222,947.6998313567841,1.5290422718788608,5373.0
0.48837255613828856,716.7381216821086,713.058944765856,0.7475917251231411,3550.0
0.1932864847222966,357.35787755243064,356.973983271081,0.44643958975076675,1707.0
0.7862346067160643,859.0426817757138,856.2412439223892,-0.45651452896329414,4874.0
0.13482646261773457,240.59891379567523,240.5343074511965,-0.0050164463337067896,1238.0
0.5396509743847065,689.8612246891068,687.5161440379546,-0.3024618523679668,3741.0
0.06771515483316781,149.30192591421562,146.3310264634809,-0.7737622759390747,622.0
0.35057765649200945,505.9945244332967,505.64021765046175,0.027204424764852204,2751.0
0.400314128488902,621.447040153359,619.166883771639,2.1882678927190717,3044.0
0.3902125016930076,641.539883039075,639.7281238977469,1.9336368189016528,2996.0
0.49634961513129816,600.0721387731295,598.9733929661168,-0.32297961131691827,3631.0
0.30164150799863154,381.2553139479932,377.63473733093383,0.21339596307641517,2504.0
0.4847716535147377,711.0420596002817,707.4127130181972,-0.2902623123501286,3557.0
0.05508794897679692,78.57179307951928,76.66598633014794,0.5786549333863171,541.0
0.39273647150188296,623.6447428707388,622.449888189485,0.34444904651772534,3071.0
0.9561917481821592,868.9669032626099,866.2038088871175,-0.6065146007703959,5308.0
0.4695237031568119,582.3808830196161,581.331097244373,0.9478093048643718,3427.0
0.6772598307710158,789.8314240436819,788.533204700065,0.43319753878954587,4398.0
0.3796292633013254,510.4619773407545,507.4444445620938,-0.9869579540752599,2881.0
0.7423964785024484,903.2728315287035,899.660049627553,0.47280433966363195,4650.0
0.289776725750575,397.24179534945193,387.647960322182,1.196190251011247,2359.0
0.2912216692888946,449.263177659104,448.8769365106974,-0.467610227823663,2382.0
0.7907609535312026,891.917029392452,891.1341409626033,1.2344955750968383,4847.0
0.2635612917268396,485.5277373222675,483.64442379489486,-0.7207116044527854,2221.0
0.565887801577068,819.3075254020798,808.8134931815542,-2.669553996983799,3881.0
0.4216555885650949,578.6533025575422,575.153488637477,-1.3643474759416934,3175.0
0.9508955187744939,982.5999899749282,981.5664378657605,0.48535435455662834,5280.0
0.2762958842283889,374.72284224967416,371.14306404196816,-0.75238476332142,2199.0
0.6234173144744134,785.9807797052256,783.4962138742628,-0.03908262319975287,4248.0
0.19644594949097938,339.1446687145936,337.1974684248465,-0.021237055906491255,1744.0
0.6537037727202618,824.7569838366383,818.9961144861957,-0.286572445212257,4330.0
0.7587544836667858,949.149221754782,936.2449253817774,-2.720520173321155,4700.0
0.4963677799042904,783.02638386844,779.9936923570104,-0.5326272910742093,3616.0
0.4146515793337815,551.8587084329629,549.6381356359043,-0.2274943973680691,3126.0
0.2678828385152173,448.7565269517323,447.13828074457814,0.002984262475009357,2301.0
0.014610098841292163,27.5078431372549,26.050968416373767,0.07986126611913705,160.0
0.15438155747403626,287.68935642481495,287.1262366396671,-0.12001796073093328,1385.0
0.05660850860625399,94.6474818267388,93.14068720248945,0.5218033266693132,524.0
0.4168471079926003,530.3488657834243,528.3450393452767,0.264785672648225,3182.0
0.8275371843189578,860.4556039123997,857.8636097358781,-0.08759847254530549,4945.0
0.5263002802289826,721.7096314601974,720.1949785655271,-0.7759117784124951,3805.0
0.33339623372941096,526.4221539882218,525.3240695770015,-0.6408962304205866,2667.0
0.36839213085348854,532.103725759151,531.1446371555619,0.6597077561732373,2880.0
0.3206822061116281,548.7068573150035,543.527900152025,-0.18621698222614277,2526.0
0.14796294273402832,270.42650005133896,266.25260136614867,2.1106895759915125,1381.0
0.1938250458507862,304.40945456013566,302.7996859972121,-0.9763982904152241,1681.0
0.33278179551217035,549.2471283190729,548.6454321938745,-0.3097103703180375,2689.0
0.7526229631436371,847.8921609266984,846.9862573131652,1.3124325719836563,4644.0
0.8343369891834734,986.5576201057476,980.1097799779244,-1.6251798938038156,4995.0
0.2930160728227106,472.92803131758876,472.1504921744594,-0.18424414058035854,2484.0
0.3630614592110477,531.6677747153117,528.8472145254474,-0.2449187601240384,2778.0
0.6113817829245098,859.4447206709606,855.5866177994124,0.496973662368935,4186.0
0.7170726516092193,814.8053303468967,812.9859324238257,-0.6460534099322849,4531.0
0.34231391124307653,546.0080842512784,542.4423824197688,2.5860715274045023,2665.0
0.5919550490749018,765.8460516835005,760.609399267834,1.2181191778138605,3994.0
0.8624937017794455,950.6545742587448,949.9272816957522,0.7989546310406421,5126.0
0.7155424061735458,739.4205693192381,737.9461760304821,1.7335233009802828,4575.0
0.8315169022600812,939.3033299454228,938.57346244455,0.2801796545136948,4940.0
0.3342555929438834,525.9874448108571,524.6416781475107,0.6126707162411276,2707.0
0.1500334636244689,235.47252883829287,234.38301414873072,0.4296553940303017,1417.0
0.043214959834184,94.17973565227068,89.86523393132052,-0.29043132676966343,466.0
0.25859823758546185,413.9955093193308,412.51718353072926,-0.8830697735170633,2135.0
0.40020915852640593,572.4236535725126,568.9062138790713,0.3438324369305858,3007.0
0.46357006517687993,731.1553464858022,730.344600467939,-0.20962421706077536,3451.0
0.42188861981390846,645.2709554331939,643.4542589205121,-0.1621713063171461,3249.0
0.4592984931141396,636.2544487549717,635.3307856568201,0.6979945653227982,3410.0
0.49713306242380606,771.4143896432868,762.4395866108017,-1.5001321578812792,3640.0
0.2226460631230961,373.8968818562887,372.5194258852693,0.4640080600646324,1891.0
0.965014554316777,981.8086989806277,978.4490103170485,0.6441681091518725,5341.0
0.35218526205495326,468.34568610928466,464.67778065326456,-1.022037119461811,2756.0
0.2256458607901788,390.26528626956105,386.3970090388317,-0.16054825922033053,1952.0
0.2809304071208558,410.4624528698844,409.0265269025914,-0.6431827495752311,2227.0
0.5323936560557009,748.8394109366986,747.5785578335997,0.9369950118941945,3722.0
0.23243640780960406,381.2819135661146,380.28884095465554,0.14473916221415703,1887.0
0.3063460927494204,491.0686884377077,488.521720598118,-0.665757071432832,2533.0
0.05277557972474789,131.85698107744457,130.80623295445642,-0.9759879495908477,526.0
0.9999288394781807,956.303194754453,950.0124572965625,-0.137023649669874,5432.0
0.29760776261016375,400.83831330069995,399.867903251806,0.030876998084232648,2500.0
0.8207439350864619,901.8484172812717,901.0162231253869,0.5949479391305861,4810.0
0.7131519488512186,811.919950215209,807.1391212756075,-0.1625107822378518,4578.0
0.4132822479400835,619.6825034279499,614.566206702219,-1.2488972685774384,3228.0
0.484374948332147,660.2858870372546,658.8637327363539,-0.37193760816172694,3526.0
0.26719234834436345,379.7382473319668,376.7315886262413,-0.521542784436889,2339.0
0.2060680411357787,371.70291377801135,366.81142586496,1.2706639251705139,1765.0
0.9318200843024323,842.8910990915937,840.3054917012012,-0.11037710645571218,5204.0
0.8638506304350764,908.1775835681462,905.3586247345934,-1.3640844662550748,5013.0
0.6787600405684852,872.1965849041856,870.8931244587963,-0.010525206165830029,4413.0
0.7410724525456753,905.5007764017038,904.0754200070797,-0.09023164789524842,4598.0
0.8119574140209537,881.389446665475,869.6126907836413,-0.23536264680698335,4902.0
0.48684199683417073,713.4891958855392,712.6132592108075,-0.07594875024756527,3507.0
0.36822281150989766,608.9944192448723,605.2512209563291,1.756946397107056,2910.0
0.9670891876176593,1021.3978022397819,1017.4279996529426,1.2159400697346907,5400.0
0.05947201001021507,119.61605001008137,119.29759253387053,0.050971379077322396,546.0
0.21284887845871792,372.06233755136327,367.35363579078904,-0.21610621181824835,1804.0
0.8418669060394944,910.6550305236628,905.4948863423931,2.0012222540483635,5007.0
0.48666842457789095,652.6661987871053,652.1529373576119,0.2683470585007303,3552.0
0.4557860336830942,681.2303284877515,679.5281409967246,0.6278718814506042,3399.0
0.9327393181708864,945.5545581876855,940.3059672562549,0.36109407777970737,5174.0
0.7139754850953415,862.1078427596942,860.1115945921772,0.20059067398538408,4595.0
0.5634749467292258,720.6442224793628,719.8228320374972,0.8654513961293469,3787.0
0.11134283543821244,226.79722172967993,221.76336294579713,-1.6885323273575579,1046.0
0.5940557564087864,872.523568488324,863.801500476641,1.3393355121152193,4092.0
0.2645822662749444,367.87933008729254,365.49891715896854,0.43444502761223114,2303.0
0.5045900091828295,704.2831116625923,700.6541101645516,-1.4656920403346703,3645.0
0.32455785976065143,480.2443964101299,477.21190430150494,0.4223090247103668,2637.0
0.2210323131191274,331.7089935676506,331.0751041894967,0.1926091024146575,1881.0
0.9370805434626084,888.8186578548467,888.2120421058688,-0.2857250621443023,5269.0
0.09763469395733071,174.21843960289004,173.8247210210249,0.36996744305485085,910.0
0.9837443139268822,942.3030054085293,940.1460105400944,-0.5207693906616692,5335.0
0.7138896790930009,874.283303113561,873.347853551554,-0.44796215215205093,4546.0
0.6232029362275652,679.6399116375732,678.0924027737607,-0.5896043144206434,4205.0
0.0753473241948508,150.57661124309269,143.8441714088513,-0.764641887058591,715.0
0.7546037762335003,873.9252738924268,871.4327353172583,-1.0298087948245755,4673.0
0.11500931053201213,250.5443094328997,249.06967885788677,-0.2587781733363157,1054.0
0.24653049997302734,425.6612920697336,424.5393299951278,-0.5803531946672934,2080.0
0.10265744373165375,173.11361974551772,172.79591385853655,0.5774331978452593,959.0
0.9201672218011964,1015.0892201077547,1013.0096057281879,-0.8605014338560455,5273.0
0.06470153100719112,117.24771237695349,114.8734516056071,1.770175854620876,629.0
0.20717431547831855,389.8371427513027,387.3927026039225,1.8155413751945408,1867.0
0.44361202192043747,700.0247616334752,693.481315164187,1.0266455944954793,3302.0
0.4758383189472525,659.5296416680296,656.9243741248937,0.800350263981429,3513.0
0.08916571956958885,142.04991041160682,137.78755166149966,-0.9573315237660908,812.0
0.690871726116202,837.445345019712,833.0211326873879,-0.34672822368524914,4387.0
0.8564976087225092,890.4448425471006,889.8366073229603,0.011294485099809726,5068.0
0.02062312504391839,68.46243952126305,66.59726285292341,0.3578955941442288,221.0
0.011651279202094189,22.294468494468493,20.663344709897604,1.2570048724237644,99.0
0.7777351161216735,825.6375694884745,821.2043492653435,-0.7831803314914365,4808.0
0.985829902485204,1039.0163529666115,1033.3287143994876,1.9903264756507126,5401.0
0.5152004587953403,668.3436769645617,667.8955628926124,0.2555325186624234,3625.0
0.3405106620261208,528.3672236927055,528.2115116955455,0.38758610495982904,2645.0
0.7479857321003693,796.1544335083701,792.9425461125307,-1.0299031562289231,4636.0
0.09852784563278183,132.37974329765683,131.8539735355382,0.09468108934597515,906.0
0.2645787218925193,452.2679371055847,451.731394114969,0.4351781843452946,2272.0
0.6329671511017502,769.9595547607757,765.5151554728003,-0.8013173900840783,4214.0
0.6294423785034889,768.2817133182955,765.7395341636648,-0.673181932838164,4222.0
0.11448428117167919,223.1355395165415,222.66582852766433,-0.3064923696656333,1082.0
0.9685950027118865,926.7189885290437,922.364103401178,-0.7059372002712434,5307.0
0.22942609508317602,399.4083741048764,398.151269939793,-0.5419745501553022,2001.0
0.055952216089076634,111.85773919601284,110.82361505928036,-0.9413969378162355,530.0
0.1506936523572855,205.00295056633308,203.2534770100093,0.4467041195042504,1328.0
0.5320671663871985,769.1809946811941,755.4812434408929,-1.5888775337608285,3724.0
0.22049787675147647,379.91049723452585,376.6277378994274,0.5822960682741852,1861.0
0.01952105416671912,46.894612422126656,43.89642359000994,-1.0242052991792532,181.0
0.19524391426775523,339.65979070289046,338.41155486118413,1.3780125445839146,1699.0
0.1952166735670442,342.7290041503129,338.64125883583137,-1.611483478431065,1727.0
0.8645169018709349,982.2565473300615,979.2001568354351,-0.863067648513719,5081.0
0.500585834391622,741.0273739319553,738.6823914773175,0.9131047123144577,3615.0
0.3240783303239493,510.37894781241937,507.62330874470746,0.7071085854490943,2582.0
0.9309542276503684,1004.7589145548473,998.9134928006636,-1.9482984173314228,5231.0
0.9102543942029258,984.7348659974481,983.9458924475639,1.1375548816342487,5206.0
0.7073486727571409,780.9018447225662,777.7132091793276,-0.13469162507643206,4493.0
0.8624998633096289,906.84295092946,902.8598005509621,-0.003972444282991504,5042.0
0.33671955528218156,541.975016622666,540.6541162638591,0.533642979122904,2683.0
0.8542463972098668,950.5030184216138,948.1240056180212,0.10165015635141138,5017.0
0.33884958910421104,518.6284612342556,516.7965591379137,-1.1443929524876453,2694.0
0.9375768759888508,962.3615796196617,957.8560413627476,-0.684742656329576,5221.0
0.5929064024835587,835.1750473931204,834.0920172463279,1.1199690856480236,4033.0
0.11490606624322797,234.25727261464806,228.23885936159542,-2.462726721253702,1071.0
0.404160580556462,627.8233137248828,626.1967246737167,1.1040414933577516,3081.0
0.5903498867591126,744.5221649676213,742.7887670823981,1.8298396634474539,4129.0
0.8237577469495748,866.8249899859932,863.7990188710305,-0.6070968369127614,4919.0
0.955972434510656,1014.6817359431122,1010.2967605719837,-0.2959608975331703,5347.0
0.10837774478261031,165.97359931624996,164.23259352219324,0.9692759941157628,986.0
0.9458975349179718,917.5946715401923,911.5407616297308,-0.028547891604389645,5247.0
0.5156662714723468,672.416706402973,669.8307380129861,-0.4578841569745386,3628.0
0.5757778770176066,764.3362651914142,759.6123783106935,-0.1892163579625984,4045.0
0.16390637348554138,294.43130093688785,286.4319247677159,2.872739990886525,1504.0
0.8525042844259841,1036.8885284991234,1036.0391512326798,0.09243077172794623,4958.0
0.38749238068772185,545.9411694958569,540.3970171444307,2.6951451199661802,3042.0
0.08995979639476603,150.6017925882254,144.5574523141612,-2.2490113745885174,831.0
0.04602611168411985,53.7886195851747,51.62489000630629,-1.1130439414277604,453.0
0.4445002330246255,592.1585562031017,585.967211987264,-1.709030943411416,3276.0
0.772991751287127,912.7374675221852,910.8737178289415,0.8538604465822449,4819.0
0.25912813192569384,449.5379249987607,439.4142996699784,-1.6085021829224024,2192.0
0.05576036522889605,103.13399435786755,102.74767850805561,-0.4733510765164143,528.0
0.05980417768936541,141.68645910178634,138.37354916362614,-0.9731420190407487,567.0
0.5943808949946802,774.1906482204188,770.8209704191478,1.3242092526632092,3985.0
0.6422285342261752,806.1694800531131,805.6810695531411,0.9776352082985321,4260.0
0.18695033854492404,314.9976271861851,312.84188192611504,0.29203494486014947,1621.0
0.15270449014129328,282.9134330484825,279.1132800026666,-1.2729147221831363,1389.0
0.42951521755979205,579.311001825924,574.3886407942994,-0.2932415105432845,3199.0
0.4683480319005311,657.752913622328,657.2225357366293,0.46236570863498916,3440.0
0.03960976754433687,92.98616607194761,90.14679974135916,-0.19794031632691253,424.0
0.6109975418276009,747.3401839940001,746.1039186694238,-0.7668716838351828,4170.0
0.778934822055191,938.9015338741232,938.0171318995328,0.5036140289373536,4833.0
0.4660300965365237,664.5245588267278,664.2118350172684,0.8005580024342281,3497.0
0.2049658750442901,340.47970049728605,336.96238149117045,0.2134343325026474,1808.0
0.9760128296388406,964.6812067997852,961.218225164225,-0.023590072047018077,5378.0
0.7339509694226359,848.0706938785207,844.2076335910331,0.2940343683585076,4520.0
0.4849556827572239,696.0304103172119,694.6759632602088,-0.6859446035587364,3567.0
0.38737274659237864,592.9573511430402,589.4413805782574,-0.9956453666309887,3008.0
0.9780910447788475,969.7034466050994,965.9163982249627,-0.6449527277458987,5401.0
0.7635228519367626,899.94077949003,897.9139965933757,-1.0449676237608354,4824.0
0.13304187366332665,260.2728383380557,258.575968125193,-0.13827778523769066,1259.0
0.9135718878773541,930.9604812049326,928.7816071637346,0.0037315883245653625,5196.0
0.27569521613823444,427.7649200071551,423.856474513222,0.6825171801016836,2205.0
0.8586492974314514,986.4213797489747,983.8151216779056,-0.5126416310516824,4948.0
0.5402776568134601,694.3122652800123,690.1530098719747,1.150101693577767,3745.0
0.7723662107966738,925.3365839218048,924.3338466443865,0.05437854275618255,4706.0
0.11505248677769431,193.82640213023242,191.6166541727265,0.9750406973821267,1070.0
0.270894305069613,449.16470831145017,447.8300273392748,0.8153531978329849,2282.0
0.25813904456771486,391.56897258613515,391.0587650261816,0.4763866223155389,2257.0
0.05195986981862655,106.12368553427198,101.39216669181098,-1.3826977107831924,522.0
0.34866967903418866,560.8628909256857,547.6485376126469,-1.5325580992855414,2738.0
0.48583302916361193,678.8865032468967,676.034578573662,-0.4754034203903108,3542.0
0.24804648513118954,429.74629377500816,428.69816646996827,0.6141559498764348,2056.0
0.7502356393268332,884.626395250291,883.0805599098213,-0.6470155605641676,4692.0
0.9141643252924374,874.6305675448452,873.1336004260353,-0.34419958256431743,5205.0
0.11689244307581359,199.93866939781995,196.61513186624384,-1.3652100877791478,1061.0
0.5113408223022626,762.2258951083188,757.6429074047747,0.9877844514934981,3726.0
0.14045849415921285,240.099369433702,239.35899634364523,1.1383186541564545,1295.0
0.9349229408628861,886.0237396411558,884.5834928370883,0.5126976459237929,5213.0
0.6491635620384136,936.3470598519132,930.0222218080551,0.39666414063100236,4311.0
0.5343161625131099,706.7742713171868,703.6631464358729,1.4597780820803223,3795.0
0.2993122571473523,407.8877456493773,407.7600822042168,-0.10480539776990044,2442.0
0.16653814374197917,280.9343858693852,279.77691637591397,-0.5718084909487092,1509.0
0.6473846724037233,862.3493197883835,856.8740589053582,-1.0647945644042112,4280.0
0.008765918782235649,7.890909090909091,7.2673476185189285,0.5696069475199449,74.0
0.2130498658241584,308.36088888821473,304.1925625617546,-0.10361116187661927,1821.0
0.9707078021261288,966.2369363959901,962.4173528989022,-0.036069629903443645,5324.0
0.03521533996500337,60.56012413845262,60.02233335641586,-0.7255096515746605,342.0
0.8490632045134873,921.2965906724936,920.4546343470998,-0.15641163197499125,5030.0
0.717967073177502,901.2340817191074,900.033033319414,-0.4067207282757627,4566.0
0.5809479741466835,801.1761764919722,798.9992022621778,-1.111232617118111,4033.0
0.0915050651686029,166.94537271565304,165.48601372492885,-0.6446194255456505,826.0
0.46655080406573546,664.0261270874645,658.3554114365356,-1.2230622622882588,3470.0
0.3908823839226895,534.0858665513604,529.4037340842674,-1.2053821867042753,2953.0
0.3932094728294022,553.0163896121346,551.6307229733027,1.4138566288873664,3034.0
0.25494223449350817,439.5654296329059,437.4828450549789,-0.24051057511893478,2085.0
0.40214942623864613,558.8671784520624,552.9413383413,2.9811550609070077,3106.0
0.4259516908614608,565.9853906977568,562.3943574082273,-1.3737311181387808,3162.0
0.5585613925934065,648.9971824151595,648.9601570979688,0.46699821504344463,3854.0
0.4759645248614227,605.1358390483717,602.1898854683228,-1.1678027364052184,3436.0
0.5699283629114362,732.5937497145632,731.152144489754,-0.43789525348400443,3909.0
0.9843995549362446,1034.197544709901,1030.260531768324,0.9487743176878375,5398.0
0.9332130576234742,1054.2595968768633,1048.7959011755809,0.13783376789375554,5252.0
0.8690466857166861,996.9948719622812,993.8167637964128,-1.5211586945609719,5052.0
0.7235592817903294,976.2166499107414,974.4606916461187,-0.7517531881006944,4576.0
0.29680576226034583,491.0762767575525,490.00412755273226,0.25447696885472687,2424.0
0.3860547093167501,634.0137076569683,631.1244712550572,-1.3350141302323515,2925.0
0.8350526008368253,880.1958537002571,876.3695579353923,-0.38219925494151646,4946.0
0.9135193863891011,928.9752318398664,928.7482229515559,0.8569543933775415,5196.0
0.4653177964204225,628.700527751996,620.6694580105906,2.0433612279866025,3434.0
0.0026267055692725805,,,,31.0
0.7566603073565967,891.0497422591386,889.1277648955185,0.9936184696557245,4675.0
0.9723603404710468,980.930576441458,975.0296386495048,-0.46594402241383986,5400.0
0.8652457495209895,824.0186203715383,822.0840789618394,0.7616426844720007,5007.0
0.551332521710925,730.8866259264536,729.2363587412117,-0.467153029728884,3876.0
0.05273171712669744,79.78304608228268,79.29439384978339,0.5808775305583067,483.0
0.7569853321127796,836.0768755907393,834.483815568607,-0.3062182482804461,4753.0
0.8334100177409286,885.5506847508092,874.8897413625509,1.2491441571601882,4803.0
0.8463750203902888,958.8964142535336,955.1903546803021,-0.6952754318662572,5003.0
0.5890765994967305,762.9296219692113,759.0257258597431,2.069335981327455,4035.0
0.8136079734808256,891.540780995081,889.9627130088735,-0.7186226124495335,4886.0
0.9803106066117006,940.5809088522658,937.0284484429135,-1.1525666273464301,5402.0
0.6475047379157453,813.1267842927049,811.5487875182389,1.3464584646667468,4302.0
0.1783082848451346,276.6784496949158,273.4787744494254,-0.34434966965289715,1574.0
0.29504568158514055,471.7113479912729,468.38099756843735,-0.27544366474542525,2445.0
0.45529537967370315,579.5564144991846,578.8781978234833,-0.16946771092691626,3456.0
0.9324678413862415,1059.6852273349507,1051.4199031850935,-2.44004463552254,5251.0
0.17173807255606433,271.5128698740432,270.93145387383163,-0.5167268624102236,1500.0
0.49245548528308325,639.0155686892025,637.1221558594048,0.2687335232243471,3591.0
0.2259150269068152,355.195116457303,353.61351230255815,-0.012199084927386396,1928.0
0.892401521042853,988.5310473550937,986.2905092112185,-0.5319309291195391,5154.0
0.5343945681561192,664.9068965416494,663.9724963498751,0.9273564070298788,3773.0
0.50152025942088,700.3634225872011,695.2024880194152,-1.4571246562663094,3664.0
0.6548711176703332,798.9490262615373,796.4537441244198,0.43536409219942923,4422.0
0.36828697660850973,494.50315247813296,492.6496348604412,-0.4562082657981527,2924.0
0.41287075616226765,541.8308465018648,541.4687651251635,0.30888675274301153,3110.0
0.14699297067944728,232.25999633779804,230.68949888221874,0.15536017382250766,1314.0
0.8636756512959441,919.784360072799,918.4417209654612,0.5430880747087388,5107.0
0.5657585586042436,718.5029015485096,718.2982711345782,0.07466466481991692,3851.0
0.09638863383954177,201.4438153824763,200.61083427261642,1.0404909216083098,892.0
0.2440597782237217,391.47138724625836,390.1343387332687,1.279604736807053,2053.0
0.5079403972058497,706.1553411262912,705.0382718385767,-0.38025909962727833,3693.0
0.29509506112908157,470.4489704101063,469.776363283137,0.7958654243231518,2438.0
0.29641225310897323,463.3595565800186,457.685948846003,-2.0923904771618993,2472.0
0.17522221672089366,306.66944734029624,304.50040039519047,-1.1811231292245583,1591.0
0.7493371532923755,808.8236991598341,805.4981768581697,2.1677938439498425,4618.0
0.9910307554610575,908.7500839207461,898.9658658148358,-2.342106047055531,5325.0
0.6705150918404335,793.5605717492981,792.3709883254417,0.46322436529114774,4360.0
0.18528467978725083,271.0714230586684,267.24796471537553,-1.5843405318481543,1588.0
0.748125516508772,777.146502948823,771.7375738205308,1.792721237692021,4732.0
0.523292095444036,665.4512553050752,665.151476388835,0.2681682007508666,3716.0
0.4333163863716335,576.8375442603159,572.9806633750167,-0.22381638188704064,3253.0
0.16276805030346986,325.991812311255,324.8863548704255,1.5340098017590234,1451.0
0.3280268287397141,471.2104396918386,469.2487916330744,1.2335561461716602,2641.0
0.5139789131033853,700.1574597985843,696.8477349512802,-0.3170201838450939,3664.0
0.7230782139157869,859.7633191813151,857.2717995565879,-1.1696924554653385,4707.0
0.5629746549970776,679.5195762459873,677.5842611244309,0.07011989974362053,3975.0
0.2653012679795612,409.47736467584116,404.739827766588,-0.9994756225588183,2209.0
0.0466575309227224,92.90320131442108,90.74302286544203,0.07879550814460048,471.0
0.16313454097270452,299.96986533938394,290.5029573255931,-1.264901103644132,1434.0
0.9039751902501292,982.0080923700003,979.5892533105284,-1.0305476389890604,5201.0
0.3344586960411309,485.4819645719921,484.2020553530532,-0.6378478012248695,2785.0
0.8473932583792062,989.303871239527,986.7474215499715,-0.8332076316023358,5027.0
0.6141847314471685,704.5537952330857,703.221128895294,-0.6607501207042926,4102.0
0.13085700058228433,251.02860935830728,250.21148880940905,-0.4274740610404333,1139.0
0.5510988356050379,761.040952036712,755.1700656810831,-1.82107370692871,3821.0
0.3569353854667944,574.983101081052,571.5775373860066,-0.21344653293684168,2764.0
0.07629451250520924,133.19482560718518,127.87711121447518,-2.1088249332732634,739.0
0.009496713675764878,20.427189595610646,18.330899820383575,-0.13048877371094073,98.0
0.9345097678127375,1062.9775962696879,1061.970238903787,2.0258309293465233,5328.0
0.14327229087637305,268.0035146917211,263.9597973145135,0.5349111636003685,1232.0
0.35128106385931934,494.83764136689217,491.2958737480669,-1.5675755032976535,2760.0
0.011861318154425371,26.647330447330447,25.458001847192598,0.18506680696823757,135.0
0.8417435876632058,899.7302399004868,899.6020133009534,-0.13144093847070568,4994.0
0.9141584561647397,922.527573650099,919.3891460270546,-0.6065157992094709,5169.0
0.6324942472026469,875.5277534176641,874.6370828937607,0.026048586837373093,4266.0
0.2781369707929374,431.73803775437074,430.3462823325578,-0.37166377246528454,2331.0
0.4667711085582573,604.206902028785,601.4254036938302,0.2633355739429351,3336.0
0.2170362650033162,348.8971411512659,344.87835087645965,0.46712849093259745,1837.0
0.24009814328889356,404.29783074223764,403.73438299384225,-0.05064106812028994,2040.0
0.577767275850475,796.2550536495255,795.2240784348146,0.7749541710653168,3933.0
0.5810178693399455,820.0066172722642,815.7586115660225,-0.8879817505376195,3997.0
0.8475881808173783,879.6372507398454,877.1678265981296,-1.060324896623056,4978.0
0.8261817466142051,919.2685204009092,917.6222034116203,-0.24984831003925784,4901.0
0.898044518872438,981.2831359331234,979.7639375441219,1.5475038926123132,5127.0
0.25252110019027585,371.5573122543237,369.94111526974143,0.11369843781069898,2179.0
0.9881945782287425,1068.0601778739076,1067.0545452343858,-0.2691234632559889,5440.0
0.9562047288777734,1027.2578106408462,1023.1648840815143,0.033984056083348674,5357.0
0.8972978030574393,999.3574902435678,990.9389244938034,-1.230903102530361,5182.0
0.45340193573998144,600.9053121436441,596.9893411384154,-0.035874208949167215,3256.0
0.8993257924348993,918.9158991294493,917.1587928190776,0.029795392970922905,5009.0
0.25494941425180184,406.37244208856526,404.79317793052326,-0.40519915455150685,2139.0
0.725607215559163,894.2144430715647,891.2594908482826,0.3907436463659053,4602.0
0.9380417604632327,994.0433489225001,989.1915527755156,-0.667157757669887,5389.0
0.6533252361985729,815.6430514427055,812.4515458209485,-1.318885853468066,4310.0
0.461606993917241,628.8012936811392,623.9116285919737,1.3900447344826687,3410.0
0.8065535959130413,856.6549883364169,855.2706893762734,-0.6105554185090872,4859.0
0.5249936089134744,734.8349577447513,733.9567628855461,0.838024331758164,3856.0
0.9540600240784293,1053.3857279695017,1047.424630354379,0.5228847552741863,5285.0
0.4571929951075241,590.6367460625243,588.7534931233698,-0.559496859604291,3401.0
0.3283661368873414,486.3539709825185,483.14250951074337,2.149987122854101,2593.0
0.1970868478242479,306.080970160128,302.08699026709365,0.4023316108235203,1731.0
0.6124135734483531,786.3271119541906,786.0408548174436,0.5029098915496133,4202.0
0.11207664838808173,205.9951109644665,200.95411948225794,1.3691727296074103,991.0
0.35815240509809965,473.8202657631076,472.26705256521115,0.5590506146481883,2814.0
0.03454431270714331,74.88765104627174,69.97532985514489,-1.5739034020818004,339.0
0.5047192329908429,714.1398468049264,707.3025024627286,1.2727544594670381,3568.0
0.007112205778631808,18.100313479623825,14.8495840266223,1.2402989332259837,76.0
0.13603351691738552,195.58796603225377,194.65887423059144,-0.08500814093687466,1210.0
0.04776955096274926,91.44167798139462,85.3677692734834,-0.10884574022591502,466.0
0.5561403490599931,690.4072268372502,689.8098785028247,-0.2576910853369056,3832.0
0.9486293061245844,886.0468262437673,884.2158782967834,0.5372570602279766,5247.0
0.4120929997085644,619.0778558258156,616.3573988382085,0.5440299519275976,3074.0
0.22612443589690334,423.7485883363113,419.8368911670139,0.038857828326534595,1912.0
0.5371084080752693,709.7063169577792,707.4028212470098,-0.8859067833051648,3790.0
0.8080813250269973,951.0124587756217,945.5772485859865,0.8323186766558036,4909.0
0.31083783693220324,396.92511919095,395.57515175918303,0.5258936349294908,2525.0
0.2789676331463107,416.5259205313931,413.44253813268784,0.8161276984685317,2362.0
0.64782255556506,847.5804799464509,844.6865244316615,0.19022076947967803,4299.0
0.18877151080621324,312.4112884078817,311.32512544090525,0.3521595150520502,1632.0
0.8802628522318584,960.9661353854207,957.7249569320038,0.23126299410934856,5025.0
0.3837595704318363,548.0181530939768,547.1928620470954,-0.14821635660193044,3066.0
0.11922277708540541,248.4207577675848,247.9361507907785,0.6082102246025051,1141.0
0.6736901285379531,770.1455750183325,768.6804556978256,-0.47635749345420203,4367.0
0.5344105340717057,726.7304282119334,722.8009618164382,-1.5496661361007662,3822.0
0.8573434168818476,1048.2108555400657,1041.9774878991348,2.932774253115075,5061.0
0.49549017158122666,599.1577634149988,594.2251979865488,1.7876468699865138,3559.0
0.5506151878829526,718.5733308651372,710.7343204152133,0.4974993733500699,3854.0
0.2693920022132933,440.6949340067303,438.4490733026654,-1.1184222158761439,2285.0
0.8627049743688046,870.9850770162973,863.8021924379277,-0.729481388343886,5068.0
0.871335752337687,1006.2618791857013,1002.737241031076,-1.185637013817261,5068.0
0.834508678740625,887.7592917195618,883.2392833822452,-0.1320656577024135,4938.0
0.8859770098885297,920.5108994465942,919.8427046570836,0.05634197156867381,5121.0
0.046669121918086365,101.02272108309843,96.92338109981642,-1.3271944496260757,392.0
0.17819502456044,269.9553133557814,268.04738845692947,0.4129400870466556,1575.0
0.8701016292352269,884.0578354575963,882.2425900380716,0.5446898930345763,5084.0
0.927570003159646,942.8876527856991,941.6849724843294,-0.5769757665468616,5321.0
0.5803812203885698,659.6844276583397,657.943926609529,1.1431534611958132,3945.0
0.7902806417860241,888.9774566140142,877.1104011653405,-2.7244640772970716,4782.0
0.4136916368238105,565.2265667404853,561.2201956852548,0.16377152473514686,3158.0
0.39934094344037196,592.7610967520283,590.0988228515081,0.7111138195933777,3143.0
0.16204474084667508,258.8989764686213,257.7732634497785,-0.045553986559859226,1431.0
0.17931138929346302,308.7024559585938,304.5843450657083,0.46804840768618355,1573.0
0.6640216492545571,752.468096643926,746.3933177154639,-0.43061527963650126,4347.0
0.21019811881719197,328.8588213324907,326.6684571068289,0.21039142469830013,1808.0
0.6041644846598662,774.9303806722673,773.8591990856376,-0.4417922304335759,4009.0
0.33094633456832745,512.0032765279061,511.4625566285587,0.8243830913617386,2667.0
0.032212291062633236,72.79753022914481,71.3689401856094,1.3378047941981823,338.0
0.4503857431334376,712.1676549250578,704.6007429231566,-1.665562821054037,3326.0
0.8499513079985029,884.828054109329,883.8285799626484,0.7142849819069516,5054.0
0.8353978013002635,880.035401812275,877.5597257481664,-0.5328480320988869,4931.0
0.2689321313570596,487.1083985948797,486.57677118240025,-0.0791813012412851,2232.0
0.4742218446295492,645.7298843073074,641.7245185759123,0.13577159904032524,3439.0
0.49844155576205695,732.7312986614234,731.5237727221198,0.7641220601106369,3625.0
0.460003716662284,729.7957190497119,725.4993310982557,0.064714585475327,3399.0
0.4302942451735663,576.5668908420819,573.7628294703779,-0.49145017621420684,3221.0
0.6944584752347756,827.9305976537529,827.4037720015913,0.5787398241139291,4441.0
0.27275551179806523,395.58710156352817,393.9585482309997,-0.33792597250240985,2204.0
0.4129282591968826,649.515867161651,646.0503556427329,-0.5857119474793968,3063.0
0.46540002975528105,676.0669286714007,674.6722037359694,-0.002932469364817118,3382.0
0.6119350247489583,758.6164104390372,755.8986540447014,-0.4908359664660251,4179.0
0.7225444497128121,883.1511054892155,882.7764308407264,0.46737833129423695,4656.0
0.5913562644594944,738.8326408827927,737.7379982564883,1.7059037068742422,4066.0
0.9562132144501342,1069.2104123578588,1068.7323745757133,1.3226827080179016,5376.0
0.18385132121253644,292.9697202800572,292.0618385376432,0.2882373832869779,1603.0
0.39894859055729925,540.5325601180887,538.7080709975734,0.209005051767215,3141.0
0.05413984352298429,104.4154429781132,102.1781432882806,-0.21593978953075982,532.0
0.47228938221937666,661.2113992544574,660.370608404738,-0.24599585479220293,3409.0
0.31829595677177835,530.3146013744612,529.1661645854552,1.4187814262962357,2574.0
0.8742881906014236,955.4423698316806,953.8587470689159,1.4323657851503493,5065.0
0.009829502925371547,21.147102604997343,20.64321697650574,-0.3387068077589561,114.0
0.5726551223424128,642.8976364779198,642.8162218654671,0.4804048248103049,3930.0
0.5266392765814083,667.450995523291,667.2080404175745,-0.10160240747375515,3740.0
0.45396344590830684,637.0956904932885,634.1112846813787,-0.9943437030501268,3334.0
0.9078557868873173,914.0252437089358,913.0829005130573,-0.42656385996190743,5176.0
0.41620696041530847,595.8588006081053,593.8517349822002,0.6653126006222796,3189.0
0.3587489724675278,439.5219822749964,437.1707478104122,-1.119686039520193,2829.0
0.13916022623838498,251.62405387355597,251.3304921277466,0.6747151894653065,1249.0
0.8788400094691091,912.6390457004054,911.5243284162648,1.245473194519366,5076.0
0.9959053548182397,916.4758075345134,913.4424338750165,1.2562515746130027,5402.0
0.6097504761413138,777.9724825915605,771.9926110044684,0.6910609468934571,4123.0
0.12979350248593036,264.45754691110125,262.4521928174967,0.474681796176184,1208.0
0.21200836035367698,446.4773193245753,443.48599462371766,-0.6590072615541792,1849.0
0.713921446575103,852.13836386221,850.1915622399221,-0.10001685597251696,4627.0
0.5563466126602558,719.6332010853712,717.9854866117848,-0.5189949413985684,3927.0
0.7700080534305285,848.7093369119423,844.727081119884,0.045382684519465234,4800.0
0.20852419599045324,366.09591230576933,362.51801263608905,-1.0931519082322751,1763.0
0.11272149064532866,204.45495649962643,201.5122889977259,-0.5202967816801053,1063.0
0.22528744228156172,368.98023839654286,361.8314637547797,-0.5927960016833758,1840.0
0.607509270554082,753.0728965697373,751.4565550355977,1.3958671007394357,4120.0
0.3941589164812035,592.88121100958,582.7057017032176,-2.2501574462623517,3093.0
0.4630262015433243,562.1866328795761,561.5253677882939,0.8360290288327978,3440.0
0.6196077902809283,795.760664772506,793.612896422009,-0.715252240731953,4264.0
0.18742672556270135,335.483965318921,332.87081856903126,-0.4418838954019297,1613.0
0.7517862022863688,902.2634973138443,901.3635935327859,-0.2905240254077092,4639.0
0.05187917822382937,97.79015393165139,90.87917178612986,0.6620232125665981,495.0
0.6843360114991516,762.3507681593426,760.2024185636751,0.12321133636679014,4459.0
0.259263677920051,493.2366795169567,488.55640105284056,-1.5448102334866527,2259.0
0.2601324631194871,427.3029390361909,422.9208364011989,-1.5501957581538863,2150.0
0.7557965402858438,780.9972902778928,780.4674872370637,0.47373415757426046,4746.0
0.28907576442787186,504.39664991028354,497.67865530848974,-1.3298617342669383,2384.0
0.08215863486923658,166.34718938453435,162.69492345481402,-1.3472944749709068,791.0
0.34520898871080163,480.8754764641484,477.75817846494056,-1.5901378723984532,2809.0
0.23064379691016457,360.8854355683981,359.01241555250624,-0.5660958355786402,2005.0
0.07295709160573649,137.40792995012941,134.4978531223899,-0.17509245499116785,690.0
0.6767579525329328,777.4281053089113,776.1319009181672,-0.5741438149681974,4408.0
0.09064409320997202,182.52965626627886,175.19352113227782,2.0269011285939027,818.0
0.731251119303713,786.6162091803343,783.6952831669518,1.0209072431518986,4563.0
0.10252765262861452,176.98411157649855,174.05695413327894,1.300320064026778,923.0
0.8038192642914741,915.330592493135,901.3019287351962,0.843196637838801,4891.0
0.7276979525710902,829.9512190799604,828.1292593433886,-0.49810033721600805,4583.0
0.7253418215008006,860.1166733170309,857.0107205008551,0.6724239946604357,4567.0
0.13495832261655127,239.4767672548226,237.6249696962977,-0.3335633011542727,1260.0
0.9322724266387294,934.8382575448692,930.5692502670537,-0.5597191216672341,5212.0
0.6656111125977235,803.2625257922896,801.3172706837497,0.18778887196340327,4291.0
0.2230327111704724,421.7208966024207,419.54650250998355,-1.008723159526158,1935.0
0.9869242452566227,902.8180344730031,900.0041850756602,-0.9937171656182789,5295.0
0.37680360031770865,563.8065839199116,559.2849557849852,1.388670849157389,2918.0
0.27633423954048275,438.695547221627,436.2933466641918,0.4019394085500211,2333.0
0.5370604340141689,663.3161374897479,661.3053727246759,1.2554122858296368,3776.0
0.6341682722916608,869.9754029510332,868.6816227441938,-0.3586782494304467,4218.0
0.48159413279082897,706.4783052865714,705.3622420112622,0.3073984036694195,3538.0
0.09652018591163858,213.94326367099447,211.07206164945669,-0.9445554504942067,896.0
0.9605413075669343,1041.416776507068,1038.4594665738007,-0.965441217744724,5283.0
0.931835501929067,983.0229775185388,982.2091816230835,-0.43813215532142197,5162.0
0.5164547437370415,708.5681207707779,694.8845268685982,-0.9035297106995047,3744.0
0.7112293266658456,823.257884941896,822.3745427865308,0.3147143598894454,4417.0
0.3130449325579696,526.8756553170938,525.903298245349,0.2556901033621059,2515.0
0.9285258287216978,1003.8643428136791,1002.0146582989971,0.20086130276289366,5240.0
0.9301084176297012,902.9202451727555,896.2957594290455,-1.810745851388489,5196.0
0.02637789220166975,42.63996582569044,39.52432934105273,0.3061816064026155,257.0
0.269951323707884,446.44776965115125,437.35623945235153,2.730107696060377,2243.0
0.6233117606593426,752.6984598135008,750.2632457752409,1.2944979364321343,4165.0
0.12919409364115986,220.61237589757894,217.08824803125756,-0.48938555066099376,1195.0
0.5420746134746875,754.6476362856074,752.4499572218193,0.7388704913804418,3817.0
0.8149014164003817,876.1524155224503,873.5352767676422,2.2599588966919786,4943.0
0.7804603371956783,812.7411596339026,810.189747301507,-0.7493051859952178,4816.0
0.21084350885967917,317.9218474406852,313.2447984963122,-0.053821888134683644,1789.0
0.11215798900723783,149.68620121360692,145.56875203271463,0.026824348483398004,1006.0
0.9818315859819694,971.279896226223,964.6027085391828,-0.5885952994047503,5409.0
0.9172215167634813,1012.3100949898329,1007.8227848548612,-1.019436566496034,5281.0
0.022024378727610316,26.27438731498433,22.98306130925687,-1.3133191918972584,213.0
0.12960425881122684,214.40208327712662,198.1256530034737,-0.2796013682167424,1250.0
0.26723329562054343,379.64446894484036,379.5825997459212,0.45124967450676884,2167.0
0.9848383838009168,1025.415521711553,1019.173499003172,1.8571386790289293,5341.0
0.3840547073705617,539.3480471110806,538.4845351327739,0.2487881339417267,3007.0
0.6493415095775744,914.2899528540725,901.6660248662545,-2.229846880566754,4273.0
0.044396320649332965,89.66721980915433,88.66915807420347,0.8784575554813592,445.0
0.7306529910619675,859.4254517179933,857.0946014368097,0.2757031104581822,4604.0
0.5027798152708374,768.1954583639766,765.013157855416,-1.0981324444821854,3700.0
0.25321441153034185,377.7040764751766,374.25946211380193,-1.6119211309996584,2057.0
0.873904117215095,866.6092300558288,866.1455549241067,0.03634895609359832,5009.0
0.3700316025976459,488.13050153424336,486.563227231794,-1.0088038502207548,2848.0
0.437450168241312,661.6597774658416,654.3608256680304,-0.7670608799008093,3295.0
0.9246788547239251,977.3171221704781,976.5449169185248,-0.12966848806796216,5268.0
0.38024504204431575,595.1033109024844,594.1175749377417,0.42310311215494084,2952.0
0.6489779407658629,842.9486789433156,840.7415132327305,0.08845967367814678,4299.0
0.6937631212186515,897.3596499390259,895.3035994658981,1.8284276567483948,4527.0
0.8070938171695492,851.8053157752753,843.7427638475808,-2.2224693108154563,4827.0
0.8434046961632139,904.5965242025123,899.2505147772434,0.1319343576538651,4957.0
0.3961295882848638,486.8527724763218,479.4529571174413,-1.6580721790141806,2993.0
0.16087352022163692,269.1929080454171,268.14111929340186,-0.4360251376707131,1403.0
0.13159871406700485,257.6048612723859,255.8527384100349,-0.9420472053963095,1238.0
0.033974707958353445,63.898115149517594,61.188125668497655,-1.296885534355034,319.0
0.3621092196076624,528.7454463537556,528.1381320354649,-0.06919028388242109,2803.0
0.23981788174662177,452.6277101640436,447.98548867001585,1.6339054503445571,2031.0
0.2517057410859599,397.0837633142961,390.20160005842763,0.3427643736754395,2166.0
0.7353054293530147,895.6207590377371,894.4993949306405,0.2444204460068948,4593.0
0.05415175717103837,85.80334066673392,83.51768004824557,0.407549293495303,509.0
0.9769437019510813,1026.7882414766596,1026.4562401721982,1.175414513187057,5360.0
0.3360343822173266,534.0170939965301,530.2203116468875,-0.21216396976079532,2771.0
0.7076912279342692,868.8488798066164,866.2851717253579,-0.6666837068081881,4498.0
0.7513536628019959,823.8413844500523,817.4207266532519,0.09217449738062364,4666.0
0.32574031197966635,455.100170997494,452.1757479410389,1.9750186336254925,2528.0
0.18936301495847474,336.189633920157,333.8250288080858,-0.9968306407717482,1642.0
0.37128546608554824,576.6803282041176,568.8532060520316,-2.0139234087425297,2866.0
0.3416191457367498,539.7949541594808,532.9063522339612,1.1678860703814298,2735.0
0.764103557772354,796.8577120568226,794.327623746917,-0.5882427302416503,4825.0
0.885828516741617,896.6284276574227,894.9074755736323,0.9005898993537204,5120.0
0.4618511950250791,772.5292954182818,770.6825179216328,1.0637117178992241,3464.0
0.7536602328671324,886.7389501957684,885.2481167510107,1.0345661847174281,4747.0
0.12206960289953006,232.9066049097431,231.06509707295433,1.3151853121800061,1164.0
0.15849367667079683,270.7989755288867,269.59987445024063,-0.781679529228223,1387.0
0.17735958021017395,310.1797518654005,309.46060434618914,0.19448928662216936,1569.0
0.7347077876869074,828.7162257622339,827.2134475397471,0.4849543577258497,4637.0
0.2524317229333307,433.1005281199171,423.44283854622864,1.2065340698576148,2188.0
0.6079853196308174,740.8665386621291,739.4363045824016,1.5241881151141152,4084.0
0.4877240861362677,663.0825333953361,658.1752289768706,-0.678505780022552,3572.0
0.9867371709185643,1081.6408615570997,1078.9274134514012,-0.07663670263227217,5398.0
0.35105355457861775,475.9178279964419,474.08917619196956,-0.12278647149970134,2751.0
0.4783675938227858,686.1271828322334,681.3192197034583,-1.8190533312553385,3507.0
0.7376152222627128,837.319601736901,833.8362847075964,0.862485431179955,4655.0
0.8637763361408493,891.8116447061956,883.3636084612236,-0.7181624430827066,5035.0
0.6901929684633489,810.2650823140968,807.8454808357668,-0.5868044280434952,4454.0
0.3074080759069425,470.1744375728848,469.116536176716,0.08922789749053993,2533.0
0.8602939414092314,961.4124111489344,961.2172960646939,0.9163029382148126,4997.0
0.2798115020277149,437.33328280039393,434.3288466004025,-0.1052747596053475,2365.0
0.3469589444466167,529.3447186216515,528.306301354334,-0.5790479591388894,2759.0
0.43014051726019853,579.064046910862,575.0506895239454,-1.2326307743018619,3267.0
0.5895789364971237,719.1636850263222,717.270061610702,1.1222196347156421,3980.0
0.23442297488120423,383.289354122746,378.8496235718878,-0.4420778366469206,2054.0
0.06403199016271066,107.56726599453658,106.00571924107226,0.4063725727621115,622.0
0.8467605830344187,914.1367067765771,913.0244219905672,0.7885160316394775,4959.0
0.40245859092840186,562.6621875206785,558.9651453110433,1.9616507164889394,3086.0
0.8346475475481094,863.6305442281825,859.5346983325737,0.6878508322968657,4977.0
0.6678298007369966,851.8108300684219,846.0595706017313,-0.1522514362557357,4329.0
0.1417074304946292,225.85052908209195,224.8038756012863,0.9807820630722972,1311.0
0.7471742136130307,828.9614082105362,828.3884538250973,-0.3822520140058954,4626.0
0.31634770417458813,443.6113488988202,443.03091585492564,1.0915289780527149,2540.0
0.13512301742124966,254.95240916149154,250.46125041953508,-1.8690879264942968,1248.0
0.18412185735718323,294.22133865828334,292.5164193024957,-0.47177899028246884,1618.0
0.29438935123727283,390.6509313873311,390.1645632380928,1.0698231455231413,2436.0
0.4946484035088927,655.2519054286267,655.0757245415163,0.47624985883458204,3644.0
0.7325159199264542,887.7530594459148,886.4202531382223,-0.4967666805044987,4573.0
0.27142353981119793,466.5319402155409,464.9074260541757,-1.0682761773925036,2305.0
0.05150457479039383,84.62557455730506,75.9302780484149,-1.5666576867999567,505.0
0.28871597526695436,431.38487117760405,430.07855771649156,0.1841464149179084,2354.0
0.7499047262929058,885.1787129136898,884.3163774572607,-0.38598026168813854,4635.0
0.839126269956383,996.5841072453114,996.1881370112748,0.22626591382711853,4950.0
0.538788598079679,766.8514112840709,765.4664650000122,-0.7775185322367335,3806.0
0.1305196450823125,210.15177526299453,209.73735072785163,-0.44509585833689175,1173.0
0.5157351794647107,658.4263356457889,656.0439173132105,1.0068059094486077,3795.0
0.004842630669472325,,,,45.0
0.41813132468153746,685.5154017648716,683.1829402563999,0.39319368893330636,3188.0
0.36237181633758175,569.8406300955749,566.4862159648696,-0.722681845691664,2919.0
0.5146041302547205,638.9994445577142,632.1540708652392,0.9615384432281634,3700.0
0.746548375983053,980.7358448665898,976.2226607610709,-0.35077662997832926,4698.0
0.1351570324970065,253.4598898774397,250.80746036780698,0.9890568246882387,1209.0
0.22675400909158694,361.2223322933771,360.57198510334047,0.1816182803426483,1946.0
0.4167426099708481,633.583205922591,628.3325463529105,1.4199545747828004,3121.0
0.28242767451296635,431.06065455774666,428.4162253966927,1.3433980156792007,2233.0
0.36881205597536737,548.838361680485,548.0959869660753,-0.3309587244172543,2947.0
0.8061809748677858,933.5446136468439,930.9778825029259,-0.3268210634205019,4894.0
0.9113357416373752,968.0127480771192,963.6319912517923,-0.9294225378825172,5241.0
0.4328285143852848,595.582353902675,595.1624472454797,0.26902861085931407,3229.0
0.7994846172416542,926.9487970053202,926.8353113062711,0.6656409249251659,4817.0
0.6794445825969206,817.2839509876216,811.0694316657095,-1.772032294062909,4453.0
0.3903598523099039,528.0234842101562,526.9142876942653,-0.18121744395682032,2964.0
0.6825985210215153,904.3464454167589,901.1652307793001,0.0003115435062901888,4410.0
0.5379625531811303,687.9416376904866,686.7780171544016,0.18064508358381498,3867.0
0.4509648580998955,702.1217063633472,701.4875010818218,0.8192837813736402,3438.0
0.5179420476052499,754.5485737009847,753.9921909814962,0.2029552424331224,3728.0
0.8779814904103703,843.7387541788169,842.2666277231442,-0.5231454108152414,5160.0
0.3503112219689699,516.1058323944117,515.6401229629306,0.2669084315071101,2785.0
0.8115534146802851,901.1956172909457,900.3069131026496,-0.44649070806793595,4816.0
0.02418669671523932,39.22165723035289,34.62218605299098,-0.7653313740730486,241.0
0.1718928883663282,335.08345054106616,325.79540363490156,0.8370851749576811,1494.0
0.519478862587382,654.9535981468289,647.7140584260744,2.270921275709623,3741.0
0.7837174584224124,918.0101810205904,917.2680310900785,-0.20189662374145156,4738.0
0.23387671388643527,376.61530789747167,368.0511486069417,-0.895381345923044,1990.0
0.7210996657676055,868.6444530370788,868.3757819174858,0.26448265899372253,4525.0
0.025451201837259574,52.726007795655214,50.67850878496893,0.9110491275949524,232.0
0.1622868409474677,272.09375391450567,269.581706917869,-1.0456404172432547,1431.0
0.7269666510087804,880.1867567409089,877.5271903114708,-0.799322240405347,4598.0
0.8531362206671413,976.800412166334,974.5283691069864,-0.6697813924805017,4997.0
0.48158201307135584,588.4252776501402,587.9938514854159,0.6792588447864278,3464.0
0.1682342077234671,338.63794236123607,337.4397698095582,-0.7604557928337435,1511.0
0.601544492788463,813.5946365743724,811.7186783743107,2.1760777220402887,4046.0
0.0819135673197755,153.6746223298585,150.51223706522558,-0.9109975098022356,761.0
0.9303384236294135,1077.563373477878,1075.9176915111163,0.013709512267736212,5272.0
0.9545747840877683,1018.3306180857718,1016.2714271936678,0.08934156282838035,5269.0
0.156517162309195,236.0825118155374,226.528435666635,-2.2172607633890395,1410.0
0.2796344874027028,450.866520733775,449.1820431156177,0.6180873095898776,2316.0
0.7651937762887742,954.1608954401322,947.7755776311132,-1.798787837488585,4801.0
0.42264786329486315,627.7511029565146,627.1348210536164,0.9932292768180293,3201.0
0.8089103605630734,894.8912012720971,892.1386011872344,1.7098231766161152,4886.0
0.00487338521167191,2.991979949874686,2.353887399463808,0.14450165408714957,45.0
0.7607463823006309,867.8904099965904,866.0624116962574,0.7312040292558571,4719.0
0.7274262292221548,734.7146277463495,734.6329870452661,0.1676580009365588,4645.0
0.5692643433868235,712.0933524262541,706.657850225141,-1.583849557031711,3888.0
0.7897035186094135,945.2863389987635,944.0814845479157,-0.39521451110228323,4880.0
0.48233269581199123,653.2027992417972,651.2241242403323,-0.5801160603497364,3561.0
0.14000824293962122,239.60295043606425,239.32669306249602,0.38077807555722204,1272.0
0.5548961057170143,737.1115458689551,736.9004604371873,0.12662924136838405,3888.0
0.07447785731145151,150.5932927792077,149.5493748979482,-0.363274558037727,719.0
0.10448665542641256,165.64077082397876,163.9969781779986,-1.215930119935066,1010.0
0.9085361207388709,1049.6126977337663,1049.205825101171,0.1528584158579433,5154.0
0.8083606116386071,854.7428312376635,854.4409849202614,0.20579894253119427,4885.0
0.022958029309083083,59.68371919403539,55.035911133228865,-0.02424319166846721,230.0
0.7624945192102732,902.1992688772883,896.5480828388359,-2.1376123401976894,4736.0
0.19226178970653574,331.29026189640103,327.6683884782889,0.9598371559227443,1719.0
0.8644073461217425,1064.0686816834727,1052.9660553310919,-0.9248465475034462,5078.0
0.14551067644834292,238.99937933529864,237.27207355968628,1.2497435290429644,1346.0
0.29537596744098604,479.87389533693874,479.7036311454907,0.5487362377131606,2433.0
0.1981216160255802,348.54583672872656,346.57441511679576,-0.13929111808358477,1735.0
0.919079636869265,971.0614574660715,967.8152506995082,-0.33144966873282605,5188.0
0.6449047755251914,781.9123312683568,778.3059828957674,2.6017249615071627,4333.0
0.7510043427854448,840.4873006062232,839.6788308997936,-0.3593049687831453,4801.0
0.9985731668959467,995.8385739780008,994.7418051340823,-0.6839172937859435,5432.0
0.944632353611472,1001.9763266269478,1000.9276320558711,0.9477924561635663,5200.0
0.46124490986805333,685.9523102474494,685.896696688179,0.30774957459987834,3413.0
0.6505361206279816,881.8700748450555,877.6067936808464,-1.1471408487689045,4191.0
0.9914078416210448,1045.7497312390885,1043.1124251680226,0.2586908491777121,5422.0
0.7988428110632602,904.7187129828081,900.5575273955646,-1.0431605211733141,4906.0
0.46855562101655523,608.8835472227205,606.5445403403965,-0.09671447180618434,3438.0
0.5292386015746495,797.0561049007262,795.6779715517933,-0.10651879431128942,3756.0
0.5235378617003639,723.9897363291786,721.4573269644798,0.46469255116983355,3702.0
0.8199969629340538,968.5858262630619,964.2499703399803,-1.6199420266339533,4972.0
0.6132495433680758,822.9281222663667,819.9246763870929,-0.48020889479104034,4070.0
0.4920784118320054,693.9716406634847,692.6606734784687,1.2703007285027303,3591.0
0.006424540505586385,8.276301476301475,8.132838495008954,-0.20662186563972668,64.0
0.33153368153856655,518.6661891229543,513.1808184923898,-0.4696460309856789,2656.0
0.32135418581360564,499.8912301715931,499.1077210643002,0.8985937367263126,2578.0
0.5720308812008387,749.9022563078481,749.0669500344114,-0.29251105120740256,3921.0
0.3818523293855073,566.747410265406,564.2178312445974,-0.5030026534323905,2998.0
0.1354012755006635,266.71475169829915,264.6067048561633,-0.6429510469028252,1222.0
0.5513976935185925,722.7233380206584,719.5989088641279,1.1083272587317237,3881.0
0.5861060857678088,675.4987265002565,674.4864172222834,-0.33029501396126715,4012.0
0.7408609220226785,898.2165750601865,894.0804000543175,-1.280986353020943,4652.0
0.9719547874310125,936.3782735384422,936.1765929757707,0.5435505333894717,5273.0
0.16492670285703204,276.7219806824421,275.94578406886274,-0.37716768388112537,1491.0
0.3061771661362497,479.1059988892759,476.75315940111483,-1.1741436125670246,2532.0
0.4193923307141577,624.9082510417664,623.01782578568,-0.6839197542114179,3219.0
0.3540727441103241,598.1377286116424,593.858803106449,2.1545394776833264,2873.0
0.6217795500488441,876.8483202335926,867.55686481799,-2.2669628151914134,4182.0
0.8750132844122247,944.3081685561704,943.0091704159298,0.8775612832532483,5084.0
0.558972246342458,724.0082516778664,721.0067533539471,-0.4659988748782597,3929.0
0.6203687038965595,760.0077798796731,759.5959370624262,0.8097722835800333,4126.0
0.9224446571383659,962.189682034264,959.7474934723016,-0.09528486940549337,5236.0
0.09402849193307217,213.06034175289233,209.23395739755367,0.03924147797088408,898.0
0.2262733401242466,407.76270253361554,404.9551607514706,0.7454824855848085,1935.0
0.9584971975963873,1035.9195789105897,1030.5634773104152,-0.4278788413265095,5367.0
0.6236286625389997,773.6826254618182,771.2000816693259,0.050272226492852734,4160.0
0.23793045482744946,451.13775492967807,447.5862084625108,1.270168920063876,2044.0
0.7352170157998478,830.0937418632724,822.513939412206,-1.92425122751268,4621.0
0.2834137694510893,390.1575783550716,389.75058673117314,0.698220349286453,2350.0
0.6705720161754966,875.3546796977457,872.2173171168693,-0.9207241443606021,4386.0
0.6278644473609261,767.3705788774098,766.3730693894366,-0.12366618515038669,4193.0
0.2824778988640755,416.66644662928167,413.68582501172887,-1.4968707505720504,2340.0
0.4688037725953652,622.9800484799113,620.5750400656194,0.7170984392555164,3518.0
0.007255635847877029,,,,65.0
0.10779907667342425,169.2574150920021,168.12774883159543,0.20423433239633032,998.0
0.4649422468383082,675.1124356100537,671.1248787554381,-1.1411719833567542,3461.0
0.21860970265201318,425.50513365908733,421.01464592954136,-0.1562927909424855,1947.0
0.3767261544103828,493.35097328037915,485.2435063016408,2.971596087197001,2934.0
0.10206375345096186,158.12905138293888,157.0642365904844,-0.6058392809490111,943.0
0.2748021329853978,463.6773767087456,460.7619973102238,-1.146412742120812,2237.0
0.6724175976427571,818.7969541136476,817.4024663320274,-0.592470387799325,4336.0
0.21890936274593742,417.8909255974479,416.3563261409977,0.07875988764673082,1901.0
0.7079695248373942,903.5729962174025,902.7615534366029,0.7703321459979321,4543.0
0.4353856223488958,674.7104501227832,673.5313875446956,-0.09145587522791844,3339.0
0.18726750575771256,273.9988066284134,269.60151143664234,1.174673577080243,1590.0
0.24048770124187058,391.04161260956045,388.56702481238705,-1.4960004796089816,2043.0
0.3703056996597084,527.8536735345764,525.9581454755977,-0.7057887498557045,2826.0
0.18544536250602373,321.45217155681706,320.9740846958918,0.029367381909851085,1610.0
0.6806413645306006,851.1763949902459,846.8543068977087,-0.5835046327311919,4312.0
0.8052910088708957,828.2222044265777,827.5390645104051,1.2948927546282103,4819.0
0.988201739403732,909.4197588909284,905.8225685355857,-1.402613428169801,5408.0
0.8333347967846377,883.4248497592084,880.8461471297146,-0.6330328954475152,4951.0
0.8183315834925768,837.8259214447016,834.2943997067783,-1.5708535373758175,4910.0
0.5744997530198204,731.57897187438,730.8140665314415,-0.32401599455938956,3978.0
0.14135310620897368,253.95973860609442,250.63159177150646,-1.2540448585046242,1271.0
0.009104364549443633,,,,92.0
0.06330107251664285,122.49934022548177,117.8378369351423,1.6320552803044417,588.0
0.8686191155676188,949.0173105437871,944.867887790756,-1.4461025387423836,5126.0
0.06824000997818669,163.507592587434,161.9582847981331,-0.23372311207669824,661.0
0.28315604634519953,442.2822143917171,440.36898879386774,0.30769814154501435,2374.0
0.41762971050510456,687.219484319786,680.9791769538232,-1.8128519644519032,3240.0
0.5323477001479282,675.0690495876721,664.2082741116784,-0.24928698734113494,3695.0
0.30237526293351513,491.78506807851585,490.8354546105146,-0.37475330265960416,2529.0
0.3617845637538727,499.49609629252933,489.8025019501306,-2.7742988309961683,2741.0
0.14477292069706105,238.0575119168774,234.41186107264303,1.292717992176772,1348.0
0.5686715497709031,797.3291133857986,796.2557263510707,1.1582861457270697,3947.0
0.18592161154710118,341.24839193879257,338.1167157193528,-0.5331192249468871,1651.0
0.4752286179248464,702.5960132381333,699.2868074719127,0.5006456055140197,3551.0
0.017919281405595955,62.483809523809526,55.247260432249654,0.40839219470934396,154.0
0.6031843087392134,820.253454029586,815.5450533096133,-0.5078936954721612,4101.0
0.011040352694072442,30.107950872656758,27.512146780678403,0.19795441220914528,96.0
0.7522953620216418,936.5557808052663,935.429200102041,-0.38392027014939084,4641.0
0.7593200650088295,975.3306886289155,972.2743310569803,0.8174998133526611,4694.0
0.6445637195477143,799.1538129760291,794.755898857036,-0.005190196661010886,4263.0
0.8780871637773358,970.4948262221327,965.5938776512331,1.074106166771202,5083.0
0.4204845081317383,588.6023145079033,587.3239677808706,1.3287720278554103,3195.0
0.625056101169274,815.9019908656401,814.3152825597173,0.0536245688441832,4155.0
0.37802946788918146,537.77975953294,533.8749223714163,-1.3849826910540608,2917.0
0.03992446146282547,83.0501683380372,77.79163864137102,1.7398331081069522,370.0
0.6343875335679932,881.5644557822118,880.3020537090965,0.611672433471589,4210.0
0.7564186212110829,929.0594340032914,921.4270259950989,-1.7369818399462842,4713.0
0.3703470296136242,567.6028677375307,567.1089036848327,1.1752905665933557,2825.0
0.06490842999619895,114.39354596037018,112.39263173463276,-0.032039011438467595,613.0
0.02408939035023805,39.13129814103067,37.91907797340121,1.0308323872860266,218.0
0.8968165641235608,929.6373350339758,926.2799096351549,0.9894318942872506,5180.0
0.9990151568734726,1061.2826738194992,1056.2967535877997,0.71362839561793,5462.0
0.44109118920443324,726.0509738384617,725.8828055346404,0.4917762791189643,3344.0
0.39005296407332035,618.9357144030092,617.5026404655902,1.1137370469055523,3053.0
0.12015304261727577,244.2478132037454,243.8689812157094,0.19033632419480936,1079.0
0.23952071623522264,371.32990333047746,366.2989017441586,0.14118984523402728,1999.0
0.3340843438974368,544.0182917447245,539.8328436105292,2.210831214083554,2677.0
0.19511724870271663,360.2413525799186,354.9750641117618,-1.945258756139793,1729.0
0.421175305101384,571.4607084917627,562.0931253533157,2.9608348163880494,3125.0
0.9337725024757431,959.340403610102,957.404803283003,-0.9296460931310027,5277.0
0.38600505521970574,581.4328634348342,576.7492115225226,-0.5929920296861855,3058.0
0.6192266633347504,792.4470353871825,788.3707037961668,-0.7953056286275137,4179.0
0.5520438941010368,680.148726850268,679.9348826622037,0.3934694763603866,3794.0
0.23323743386628237,439.6936670321251,436.9389279142787,-0.5037634398080445,2022.0
0.4753313936711965,715.2924353920636,714.5318491621907,0.8219589161628796,3551.0
0.9122990556875401,877.9492342320148,877.8573738716553,0.29887720009594093,5261.0
0.4007956239399748,489.1547631544543,488.5813208594634,-0.18760541930258381,3014.0
0.4591222341928689,670.5580069362112,661.9594960216821,-1.9335128463673261,3420.0
0.8743204353427033,1006.6642687126501,994.5329236984262,-1.892134299319174,5074.0
0.7636699431318188,916.1800201628208,912.7286746528745,-0.6187690332470548,4622.0
0.9268897601248738,906.0835598369705,900.4098255697639,-1.4223518157692414,5228.0
0.8790352420478625,923.1311505889241,922.9471408471957,0.2900140599785953,5056.0
0.36944214715915047,610.5817011172705,609.9566068459475,-0.16328777464532415,2921.0
0.7238303403819676,847.9199231486733,847.4566148710815,0.5629928579459629,4536.0
0.8753850045179455,960.7056576147351,956.4150241665592,1.1568749485200598,5137.0
0.9108573699702025,981.1347012222338,979.660783480945,0.8445612312175369,5208.0
0.45283074466268225,568.3107478559293,564.6995989475209,0.4932261567989803,3281.0
0.23495796315152295,376.46704979699666,376.0619411483134,0.05179123441718848,2062.0
0.6910246226120837,854.0571429981848,852.6442537036195,0.6896662919940091,4444.0
0.5154884179656842,678.4740696700342,674.452174293819,-0.3754206207953378,3664.0
0.48623857757052313,704.3089843935073,700.6336729740309,0.09274363407240402,3488.0
0.3632855811854546,621.3793081193273,617.0054126331611,-1.46022777151525,2802.0
0.9283444252890584,945.03104582331,941.3408055902189,0.5979398910439019,5285.0
0.8900275680627666,935.5066102735594,933.9177795075818,0.08365748911466935,5192.0
0.6183057329281432,684.2044092443098,681.7575707642112,0.47017276468455854,4226.0
0.8060000534004133,903.3192155394592,897.2462946784689,0.05256600126061878,4944.0
0.07145134120094798,138.07779915969175,137.58561348069722,0.017853426495398454,633.0
0.9338207330889178,874.2319232689706,870.7447118058014,-0.8560051223430728,5234.0
0.8329140435172454,862.9612088343079,861.2985369512296,-0.7453079437311144,4875.0
0.3265386440759148,526.962410929386,525.4228804800562,0.09923883052027734,2624.0
0.034443151730364385,85.5794127096428,77.91308493000544,-1.9321121800535772,302.0
0.8150245329651241,915.9839871363997,913.6191141230796,1.804764370982643,4828.0
0.4727032221937467,640.4822882835311,636.5885551092993,0.9664474774185648,3469.0
0.5182434990063397,709.1392701742725,706.8157346978655,-0.3946826326855583,3687.0
0.8631698684869952,946.9959789976544,938.267107507294,-1.645305501443191,4995.0
0.6968190037511852,953.13564702824,950.3687607678316,0.9170981779572959,4536.0
0.3291135189412432,439.37668464692376,432.6368248369132,-1.943730364358789,2670.0
0.8240867647808898,1015.6059167625821,1007.3424104027874,1.7419326338584789,4983.0
0.5251126715045925,778.7485671893872,777.0736479358513,-0.015467215425797794,3759.0
0.07676836912731799,114.80385386582276,112.91687547720271,1.1500376034005408,724.0
0.8855418304720938,900.379979045787,897.181921514214,-0.8454365952096622,5191.0
0.9775511816720259,987.8593403782131,986.9338621592913,0.8790392614323704,5463.0
0.30162275657005233,467.6001868831059,462.82541211445965,-1.4486459988483962,2442.0
0.7592568140050209,883.0521546883248,880.7329830033956,-0.7115358682518672,4759.0
0.49722503999185663,612.3559935908197,610.5335028829862,0.08143358119937531,3561.0
0.40284287340891867,615.1789550522359,612.0981054367546,1.8914016651135344,3030.0
0.5350741209644367,722.3219894828826,721.5134812848502,0.23755788307620382,3711.0
0.6985912452906482,822.6570637026259,820.6373408821762,-0.518314296110084,4477.0
0.4889996657028306,743.6234994840314,742.2637493633656,0.235663544069537,3604.0
0.8616483226617563,887.148769308798,886.8896513971911,0.4219653527986372,5008.0
0.3951621421957885,568.5947860294506,567.2611647868622,-0.3887873080078903,3021.0
0.45287844935505384,699.5331318829056,698.795186628574,0.1369431743707637,3327.0
0.5682590265365459,719.7228728529789,716.9600370569199,-0.7303160435444067,3899.0
0.8272664450964238,859.2358366123909,858.6899354265585,1.0079378739432905,4978.0
0.09754617135546284,175.39226831591253,174.37543926898047,-0.9100688503451922,939.0
0.25548194458162876,365.78809543734275,363.16751585233806,0.4686418908344338,2124.0
0.6378672702003156,772.1268394043742,769.0484922028813,-0.5871719491872952,4155.0
0.09828001846957146,143.34259903117095,141.57918877099908,0.3313339557112335,958.0
0.7999441839901749,835.0141061945983,832.1883724623387,1.8777299926251303,4881.0
0.09313214925989977,177.83990671007743,172.68966190582407,-0.31582745754317426,903.0
0.12084109068947246,211.74258453982912,209.21553522446516,0.2592020985998467,1080.0
0.3971440488237117,545.1713130492428,538.351587843027,0.5818118356281441,2998.0
0.7622770549122755,917.301932630798,917.160190856988,0.18618095152579386,4778.0
0.9426823310844348,950.0981097610642,946.9731620886096,-1.1960433930912835,5277.0
0.3507176971234458,492.8469893129751,486.1069255574495,1.2021003827120935,2846.0
0.8331386843816805,870.5474304800654,862.6514189433217,-0.7739880393251193,4977.0
0.9376812894180027,932.9367877443688,927.3669463575835,0.6201091859136502,5264.0
0.13721819237982336,263.97202920658157,260.6201583462837,0.43904948639367064,1272.0
0.5335526137372478,701.6132690507383,699.2128540853338,1.9972268699527962,3788.0
0.34915210396604457,554.7847771967649,547.4601717353507,1.5933428572184825,2729.0
0.06089689836264689,130.62796843228364,123.74596462847335,0.22492162217035316,608.0
0.22254593604623207,354.4054742401386,351.50771626387666,-0.5463185207554576,1932.0
0.869790072716965,917.2745721779866,914.4751680752732,1.0227557389230837,5083.0
0.9397025794019241,949.8494858150447,948.4418528508397,-0.9316628662339665,5281.0
0.9761084325093539,1005.0421098715931,1003.900693750963,-0.6721785921561155,5405.0
0.3601912244373934,541.9105727379208,540.7821625984707,0.060295788855908396,2937.0
0.2842322854910744,392.51135813154536,390.5712476231517,-1.2652594664021217,2355.0
0.9908889334590735,860.4938578679752,859.2340825678218,1.308375270367488,5347.0
0.835328701255637,928.6264043088319,925.6635312632596,1.52267173112149,4958.0
0.4085978997811185,626.1400973886366,624.5289440277991,-0.83683835761989,3077.0
0.21375679549760818,336.167075818089,333.79608944472636,-0.3487349721828314,1807.0
0.34307532821259434,507.75542995754347,506.9363357486127,1.1113694946269468,2750.0
0.5903668355755484,814.8052675020404,807.46047609822,-1.03812522544154,4089.0
0.13799402764208946,278.92022925652685,277.9823232875157,-0.6884298448747488,1240.0
0.6316221915209942,739.9773885135493,736.958193284563,-1.0260379498575491,4170.0
0.37944933610856146,538.3398454868465,534.4806600396474,1.3718786280144493,2973.0
0.24211730756569072,339.17352222950194,338.679416200517,0.11481594869960049,1985.0
0.001595682477110727,,,,13.0
0.001477602939929823,,,,14.0
0.7757731242968386,825.0653389347465,824.050046301796,0.46044265172278526,4701.0
0.7924006805148881,928.8273014905928,925.8342722806885,-1.0698697625418048,4869.0
0.7839398728114129,866.2400575824896,866.0806631483274,0.017872847020598406,4800.0
0.08967707097394217,128.08780210815138,126.30732019905278,-1.0306087511507227,815.0
0.85013145785143,929.5342156907418,927.6403294051544,0.015146218810435829,4998.0
0.49038882566629827,718.0361002885445,714.622542533445,-1.4376206934799598,3593.0
0.7006406441723202,879.9580242511977,876.932891916953,-1.2202123424207285,4488.0
0.40034213918120065,538.1990802551812,538.1415566041569,0.5057984336811788,3070.0
0.5201533197991093,700.4018014679583,699.4266801480327,0.7556250512430875,3698.0
0.723251314335845,877.5616255230422,877.4961886901451,0.34003118616984346,4533.0
0.6059317130851936,773.3152855188462,773.0144289160569,0.3174664257081766,4155.0
0.4367549457245168,622.9163670933845,622.344260686844,-0.01208939588535193,3289.0
0.00680231155145905,,,,48.0
0.8389084443456291,1033.3255688480986,1030.4786465333827,-0.6917264845121878,5019.0
0.8342843089976699,917.0195957682655,916.4460378390778,0.6843118954107821,4925.0
0.7942650394331904,974.5457126619633,973.2288153591758,-0.5089558717477342,4883.0
0.7724076041225201,839.3060551265445,837.2453718592526,-0.37027312874658075,4821.0
0.43934378529142704,502.0784758198896,500.4240166897726,0.27348778463429074,3248.0
0.40077270074778704,599.7597347825772,597.3088498434673,-0.10891589585512557,3053.0
0.43468162945423316,623.6845811344444,623.3757142986992,0.5304026643667207,3171.0
0.5536849235508375,747.850860482961,744.8318781513811,-1.0239383250460903,3833.0
0.9643865897730617,1001.3679750021562,999.2028509362251,-0.5283655099800137,5354.0
0.27891788880811885,487.7989221348291,485.613433155281,0.9732166781388278,2241.0
0.07002671109615977,157.1393624520403,150.78008121612012,-0.29538277430696824,692.0
0.5211064849416264,742.4095417627327,737.2571580674262,-1.3411014777713817,3708.0
0.9236825971091749,973.8948716818326,970.1899356841293,-0.8041488731046851,5224.0
0.24903917085155358,445.95167708237256,443.5167530757148,-1.33117931308564,2161.0
0.8255463443168687,879.258675953099,876.4027505095954,-0.2980565313329079,4959.0
0.08628579614770271,123.51024048970352,121.932632160687,0.8541517223096667,796.0
0.8882964324761291,820.44677451139,818.7047686365963,1.0929815598615573,5071.0
0.21254360667784566,367.4447323567243,363.46025467909976,-1.168017830069161,1836.0
0.18227036255744844,297.5867944414836,296.7507328180548,0.5271898951186651,1640.0
0.8749496086478962,951.000804074398,950.634069110881,-0.050507461769071144,5085.0
0.46331280326931756,649.5760302443817,641.7319901715227,-0.30060010612804955,3477.0
0.06592651472437083,148.10274764775798,146.57470799740787,0.050909990238470246,634.0
0.5769335706612129,724.9099622980201,724.4947808895159,0.8054834533951566,3951.0
0.25468559741804553,406.0346375137672,403.59170966475216,-0.8772736707382474,2203.0
0.6541150930184787,842.4302030340004,842.2465578187732,0.6195125167600479,4294.0
0.7228836278603955,702.2810233917487,698.7953584734289,-1.055392699046057,4526.0
0.8711168203171116,931.3142958395581,929.2551577244532,0.29936353953787553,5077.0
0.7886765465859364,876.4452011680451,875.0103172789352,-0.8334568813900748,4783.0
0.34617105598847997,590.0705777845375,588.8579997683413,-0.35922673325692833,2779.0
0.10904435800508783,227.6804734249919,223.39220512291874,0.989227042269308,1010.0
0.9917539167311252,987.0925712879158,986.1279317878168,0.9753294226464652,5400.0
0.31224776008918276,575.7922210130762,566.08636208538,-2.317463760499719,2596.0
0.41988363357922265,566.920660428804,565.3548710642991,-0.3462069803833832,3144.0
0.9302297982764373,991.3762015653482,991.1833151387116,0.5001341217472828,5294.0
0.865260947875462,1056.4244720625672,1054.8821148970565,-0.06944521718419201,5127.0
0.5529537586044897,775.3077672127336,774.0196387584542,0.4227313265738169,3859.0
0.40367061834846485,558.1843356938119,556.1145082097864,1.6812838995121955,3087.0
0.1958414563062818,325.65406805813836,323.33584764820733,0.9090295831181213,1710.0
0.04203896026058951,64.53029273367166,62.718356746600875,1.1291418999648843,381.0
0.06466677396789422,128.6976905746549,127.07331180330155,0.876472192999559,590.0
0.6135531331097079,740.8103702114697,731.7444069614592,-1.683434655191935,4116.0
0.7942950139291796,921.9784110900241,919.6031741855428,-1.0035235441955255,4908.0
0.9470209847871384,1073.5927657921604,1069.272439978481,-1.3472591523248367,5330.0
0.1319935783706202,240.91678152502573,236.59062279832492,-1.1431930932471077,1274.0
0.24104339381975726,367.5127350555062,366.85866175458034,0.31825178439410295,2048.0
0.5766960869311462,773.7008238945504,761.1497289362924,3.799494548488198,3981.0
0.036807901188385395,52.48066501964807,51.13892793393995,-0.7413177250629978,327.0
0.029822806237272403,65.70788207059749,64.10719867091736,0.3955033320214122,278.0
0.13895083558990273,281.49681432439286,277.8429390920262,-0.289805645819704,1292.0
0.5352326915958182,720.624387486207,718.4668145035829,0.8571393389735745,3826.0
0.19812550618653257,337.97301032629525,330.963929446565,-1.6992621557337633,1728.0
0.8805835598283264,993.448108210522,990.8956243201426,1.3194260741690045,5177.0
0.6053164433268962,744.2103213317132,740.7395859417056,-0.9202239007564375,4154.0
0.05403123515349195,96.47919202871765,94.82490945658428,0.787175958950903,503.0
0.4700843365572873,682.5695198688477,679.4286276177675,2.1708141760158073,3451.0
0.24890341290396578,413.2184458791736,404.07784135339153,3.3700059341928106,2082.0
0.5418702364291331,778.6557958410004,776.1987506770228,0.0021000765136755957,3844.0
0.3993062647979613,568.0259419535844,565.4211955910879,1.4680718450259174,2975.0
0.040673423854931445,80.37635183890443,78.98791929088102,-0.3183227116741955,407.0
0.15642347553272884,323.24877803664583,323.0903046731076,0.314465100594987,1462.0
0.18564471110124714,278.41842141507993,277.31300185588947,1.0187301673033509,1648.0
0.001974277805774305,,,,19.0
0.013488689985477031,37.24329413691116,36.81074713310563,0.2121409853245074,146.0
0.5468733019383064,756.8531151410633,756.1658303504151,1.0598211000264721,3842.0
0.37254034486624144,557.4384301138377,556.544554562228,-0.03220570978794234,2949.0
0.8329982087703741,914.3856389162572,910.9888852261819,1.0188901169291158,4955.0
0.04447603369119435,94.53079354054611,90.70365268222648,-0.6065798929603586,444.0
0.7211905707214045,756.5088938132707,755.9208259940626,0.4757129013436507,4495.0
0.4999503682094212,648.221146922043,646.1724104837867,-0.15993306388327388,3616.0
0.2791791117844209,416.04245716322094,414.6405367433164,0.33878602218598974,2287.0
0.5534603632093396,652.6286840154951,650.6358406402537,0.7139222000477109,3818.0
0.48594079162976567,690.2425454628111,678.6590536759253,3.30209328997496,3573.0
0.2563013600564631,392.00337686677517,390.07837460357274,-0.15316584720977242,2113.0
0.017386214163243707,38.76736107568786,38.11158935282909,0.12769119511869098,185.0
0.4158110959955622,573.1800311888239,568.32766547984,-1.7171541744498766,3119.0
0.34153205867681957,562.2639535766339,559.0410532848948,0.6297903468426775,2774.0
0.7034111904776383,837.0838987297989,829.4770507444999,0.8034104042894039,4515.0
0.1713864843316808,318.82215234841914,314.734327107731,1.9177579719593716,1558.0
0.7124050614454539,801.5831702907145,801.0291147646677,-0.02079669992945087,4553.0
0.8030727056239761,862.7600312717267,860.1319149305882,-0.24893112738475676,4897.0
0.31726673844528275,437.0304881267908,436.6386731859248,-0.27309144720881273,2575.0
0.8764141279870185,918.3861505696684,918.2310590217503,0.03004713165485699,5102.0
0.5733630376404862,761.690905994165,758.4965078627322,-1.3551535021178125,3975.0
0.1044551613566691,164.01678029442735,161.1436473800333,1.3960775106328527,949.0
0.11510185272782869,214.54413661747682,212.6105530757286,1.4137149518770442,1104.0
0.7514749467093323,831.5112120279648,823.7161308916891,-1.2774376325533436,4700.0
0.17762881442162215,277.2068837172456,276.7778816348385,-0.29908650799692665,1629.0
0.07011470466322789,132.23494644178885,131.08501345118975,0.23718940605510255,658.0
0.9042716370487671,897.2123064776553,896.5297861566762,0.40642956062034896,5157.0
0.5765121309492974,767.4985238673627,767.4278100087135,0.599039498780109,3981.0
0.18862605282996026,348.7501169363567,345.98469929093494,-0.6640647128089723,1658.0
0.8563982164692593,784.429762565209,782.8022787678982,0.6076404606069531,4998.0
0.22485446668893183,390.711194339494,389.5023548524233,-0.5698814488922237,1955.0
0.27249214235976627,412.58465273586967,409.24038316944365,0.41267467222625315,2310.0
0.2670897749564025,435.67009829059174,434.59659864512207,0.4162276248180937,2247.0
0.18937999511974857,328.73893029881395,327.91933260424327,0.8446762089719121,1723.0
0.13379391188646184,246.01199801638376,242.550312591965,-0.31013139442153126,1198.0
0.972901041121777,908.5424595152393,903.6274964221845,-0.08000178773269229,5339.0
0.08802497416067756,166.96650956377385,165.06822195017682,1.6165738222539976,879.0
0.16289985994736844,308.40800237431523,302.695100193897,-0.21468369474913518,1468.0
0.2503913794509991,424.1320179287831,420.2434417765638,0.5956034386385937,2083.0
0.47067198008198985,721.1313177957705,713.7887649539772,-2.211223771686987,3490.0
0.24396366633084088,453.42416855918225,451.916080358047,-0.13922450234129832,2118.0
0.1308694952053605,247.35444787173208,245.46337713678304,0.24381972639335558,1137.0
0.7492659707015107,1001.3334331345585,1000.9082481262351,0.41252594274369114,4622.0
0.41813399168155696,609.256740281171,606.6865884833002,-0.5182567379236384,3175.0
0.9684273345050106,953.3855596042582,952.8904676752561,0.22573644841682847,5349.0
0.08248536416549446,168.06129533005767,166.76468756109642,-0.4953425319244916,760.0
0.9536076785555648,932.674057205076,926.180334939753,-0.09244806679498013,5334.0
0.6724606741497997,723.6842848060517,719.4856070422054,-0.8721733080782524,4323.0
0.5668331017903064,836.5359150031089,835.4276427870373,1.9277941507000176,3934.0
0.3856505470038528,547.4316520707648,541.3135799410736,0.6508362183363567,2954.0
0.20288566497654847,377.9208684056626,377.54776191492925,-0.02966141158913467,1746.0
0.7635081229018877,874.187731595106,870.468861960815,2.5384240394427464,4739.0
0.9357419566515249,985.7826665661244,984.4440692689584,-0.3606912991412988,5272.0
0.40321091623980265,542.3071083252595,541.1628882077774,-0.2880656685333515,3056.0
0.9369488743309434,975.2258224097741,972.9365994903308,-1.02572418437715,5315.0
0.26112076256901273,387.2188041807255,385.7415173102132,-0.13994879438645252,2235.0
0.35946522772172396,579.1481661760282,573.8489002843606,-0.48486880435526114,2888.0
0.17429565321336582,248.97697659402996,247.17874901808707,-0.048635088898693946,1632.0
0.8398643682925727,856.5822434380859,855.5658164060383,1.2475648732910045,4989.0
0.8845469669961014,933.9896553629227,933.0014746919269,0.4514943690301866,5115.0
0.8948813480726094,903.6835149255288,902.7321098596956,0.3366086637998492,5081.0
0.31496723247607894,478.0800068848754,475.4187539295937,-1.1234738527701311,2533.0
0.1171864541704023,189.1674472421654,187.06733600804213,1.3588541406337211,1027.0
0.8560982738248324,970.8017591495326,967.719702827646,0.48655638072634616,5003.0
0.7140009234098089,937.4548273133282,935.6771527367206,0.12078132199676941,4536.0
0.7930399746557246,954.0343739693708,952.1497183270786,0.6959111917709436,4894.0
0.5198404687501285,721.0182859208218,719.5745957901595,0.3061102368824009,3734.0
0.6235621158458806,851.286809844781,845.5598347406516,-1.0931872375691838,4207.0
0.5997554214524937,781.5307750362693,779.0545226603432,-0.8488812136272205,4133.0
0.23586474173693694,376.72569851461776,376.5736437189913,0.7250257427998847,2013.0
0.2594859719403756,451.1409520196317,450.52344620116725,0.21985939462612067,2142.0
0.6247427910622215,694.416250754123,692.5965863848144,-0.40118238277106044,4137.0
0.8788827034869034,824.2169368189969,821.3772120333716,-0.6381629127293718,5101.0
0.9825223264859775,997.8209713353901,997.3139058593335,1.1667940132724879,5350.0
0.4879432368271813,715.9597657965509,713.9982662542941,-0.6718795579822902,3580.0
0.4309099974643602,569.2866914028015,566.581285205993,-0.8844130608629616,3210.0
0.1997027901709597,315.56944227745385,310.78461282714215,-0.36062850185218104,1747.0
0.6530963154331566,712.1897756147371,707.8708212179391,1.2029093837429137,4299.0
0.6984013468541987,819.8421482359581,815.5308309971387,2.155775490407541,4468.0
0.49871930071072,698.5440242113461,696.5818552038726,1.890763028563683,3630.0
0.28700917220228506,453.34080742541914,443.7988045505452,-1.6021530065482708,2320.0
0.7805581684354012,955.4552171811824,948.3140442394917,-0.9774510543277923,4907.0
0.1674837345120428,257.59427264966405,248.6824700112962,1.904917201340125,1435.0
0.8466190023730398,872.8654892968179,870.0252758870059,0.6107747059373861,4888.0
0.698223245320883,801.8085013016679,800.4640144441622,-0.3149317585585112,4561.0
0.7522743565707765,830.2924997613269,829.4295472110825,0.18050207384229816,4558.0
0.7795018317414601,880.3627366936192,876.2788471568626,-0.5646327223692372,4852.0
0.6383477133525495,699.544380065767,697.7231082278314,-0.3636339338662702,4303.0
0.0695030122405319,144.26710481908773,136.13807498535206,-2.2138564777437684,648.0
0.6511849377833591,880.4427094326576,880.0025398977066,0.0909539266853992,4357.0
0.4475188130037765,611.3880801683879,608.7888452128832,1.2527018352846742,3414.0
0.4042807429027129,593.5864063462515,591.8727182208216,0.5892526597762766,3148.0
0.9472109416627545,1099.8115927647132,1095.8252404219477,-1.4084190806668002,5346.0
0.4403788173268637,608.1619101449711,600.5151199491147,-1.4707306739303296,3425.0
0.7816017170382512,937.5012218326683,934.4085707530809,-0.6670141379193893,4769.0
0.5613741195166478,725.4645857163263,717.9567030693722,0.6229298268863656,3865.0
0.998971116292675,1046.5873999373173,1045.8838059581783,0.5007470840009757,5473.0
0.14854332489615674,263.0068695153413,256.3967514003069,0.6862958746780193,1368.0
0.7090481899213295,756.287634531258,755.1905555543141,0.31802195365624863,4430.0
0.18156252126198125,342.904172672169,337.79597523920194,-2.195595450504502,1594.0
0.14246256080876096,244.67705704057462,243.51976455227702,-0.6430525170239334,1280.0
0.4902175863539757,732.4299693270659,721.9538313203501,-1.4005422216706238,3569.0
0.10532582387961587,209.32265689137995,207.7017279292851,-0.8448387102522485,1013.0
0.006769739652714657,,,,58.0
0.23996531573060298,406.1156125687235,406.05811220813655,0.19125007138245298,2047.0
0.880649007957482,900.2589430745517,896.6654608321091,0.05001386882667985,5100.0
0.0203201117299745,25.499302200751476,24.8579769436053,0.08807565392292006,221.0
0.5937471844222425,714.1452365020579,711.1884645133204,-0.48957139757124823,4168.0
0.4760584784377727,690.2623425657374,687.4147699343117,0.41345370973348633,3421.0
0.9518542921472889,931.2342543046766,930.8824350490133,0.7323193094028495,5302.0
0.001407726400649012,,,,15.0
0.5187210064528166,668.2563034399825,663.2351719175301,-1.0422863113949004,3734.0
0.9647412405769026,1051.6362381974523,1044.9894142610347,-2.0464351619647174,5319.0
0.0770376507576438,165.5163866265561,161.1501558616801,0.2958574484552161,765.0
0.1304320093157354,205.75186808136525,205.3731542346431,0.09660288180164668,1208.0
0.3024641199341175,508.22996435767806,507.6449680227518,0.14396989048933245,2532.0
0.5828243459967591,723.4094634845907,721.2796078551755,-0.5414432984043317,3990.0
0.7549344198489921,915.471459498104,904.4539129692777,-2.6901794358203355,4605.0
0.2689707221444029,440.6443089538104,433.0571372920758,-0.8390990882657572,2197.0
0.8262179363328634,919.0813979032658,915.3481848776219,-1.1083603394273476,4962.0
0.5417327347230829,746.4886291799619,746.3733402918871,0.4967407928620767,3900.0
0.9298900505776284,941.0817968855614,937.3991995029746,1.2583360299127648,5146.0
0.3295933643484963,495.724121294386,489.7178690226086,-0.463916021480964,2676.0
0.4077525930421845,567.1633951733405,564.4536261510578,-1.1503778024489348,3089.0
0.8146719479698439,926.0919625812995,921.2543927510394,-0.5224929825599389,4893.0
0.39241719320560164,512.3769215633454,511.46659876037086,-0.4171647528842019,2966.0
0.06629143280800331,93.71540575387907,91.65545569463379,-0.9781496509187402,629.0
0.7590484354471368,878.0158856534666,876.3042352502118,-0.6955074173199145,4744.0
0.012301311162741024,29.593777317987843,28.57920255944041,-0.6030100128558659,118.0
0.29942624644799365,437.4368598296857,436.27880545768966,-0.2679392848066939,2396.0
0.8934938296059208,913.2233648767552,911.0456130605979,1.751688324365306,5184.0
0.8101087147834354,956.1221098368903,956.0308140972409,0.9269042212682335,4799.0
0.33889839077458106,540.7293975377681,533.7001455002209,1.3055148613436418,2719.0
0.9101289405831373,1021.9698266419776,1019.3291951575808,-0.5133349047921043,5195.0
0.518312488290579,682.0370725943444,681.0160556547726,-0.3042000517902074,3705.0
0.18326687768620398,337.805885356848,335.62142504812664,1.032078252162755,1598.0
0.19008730261903695,301.2416245072791,300.56016811950735,-0.017597554891458075,1740.0
0.15311916212409693,285.0301668846332,279.65867075069394,-0.8258072136323408,1359.0
0.41284743915199995,629.1336511901517,627.0140426845277,1.974206522978268,3222.0
0.553296616919798,768.9772580850642,767.7084731425099,0.09466761850653936,3872.0
0.21958574102580608,355.3668838411695,355.2105108068907,0.7397625325978381,1875.0
0.7833451820704961,860.9918307169717,860.793484553546,-0.07057290253214463,4862.0
0.9114133052993822,945.7629696049553,944.1843013605016,-0.20965857736233012,5203.0
0.3108755610859961,498.5511729135775,497.0532635149086,-0.28855019510980134,2585.0
0.3791724392164004,471.33749325948855,469.7262628798245,-0.8358020866488044,2963.0
0.825731067617187,931.6675417437849,930.4100595047574,-0.0034725394009763734,4979.0
0.604203608907585,842.8051594077964,840.8887711041865,-0.6611845885533897,4115.0
0.8221289477223434,978.8219919511382,978.413342950124,0.6632538524435546,4932.0
0.11665255532325047,178.31017152841926,175.691602185865,0.3763414565565123,1085.0
0.06349943375127987,82.85931814945002,79.27643666597886,-1.5282578497049668,575.0
0.10240845665775367,172.04599790451618,168.7399519746653,-0.19223403694958086,913.0
0.7037796083964915,947.5646658648974,942.8457031227439,1.321943448200934,4468.0
0.48050381006965115,680.8428429505116,676.4728674021903,-1.698106649974147,3546.0
0.37929144357088906,650.7541303867317,648.8911321163679,0.23302264290963406,2903.0
0.6431015700834823,882.8440509741828,882.6083656704742,0.8609332860402229,4261.0
0.5719769758112846,682.707677651835,682.4642687074015,-0.014877823949636392,3937.0
0.9913279801272479,1067.9433040811257,1061.106884950136,-1.7612663515510074,5463.0
0.7606662824367404,875.1277633505755,873.0406724802486,-0.8472161972967595,4673.0
0.22815903244298164,305.0923342255322,301.40931494049323,0.9832628373417999,1897.0
0.5220278530640642,753.1128836683749,752.3175147731349,0.0767948275060417,3720.0
0.9037976238430012,1042.9697091099574,1039.1339689355057,0.42943935624177526,5259.0
0.6226973566366818,732.8443309998406,730.9739817314626,-0.9737634093999983,4175.0
0.5335129066136891,732.352302268916,730.2474465962532,-0.1495309747902481,3801.0
0.2115801307942511,346.6604024188281,342.7983811748181,-1.0657697960321106,1812.0
0.6026479826714175,774.503499725908,773.6836100639333,0.12075790491405428,4143.0
0.906953388519139,901.0149405931356,900.7004449090863,0.1927426721993151,5153.0
0.5068570545374971,800.1585795520996,798.3407054400789,-0.6077470055248103,3702.0
0.5493280614698022,664.8437160481024,660.3134270353326,-1.0344238357398994,3782.0
0.0690337997784537,151.20761405139461,149.70658365163868,0.09789256016970602,675.0
0.5799432598832329,695.2394082892447,685.1344096628386,-0.05439483242160659,3948.0
0.7109840339661802,868.3199265427554,862.3848562346636,-0.7283641150589291,4562.0
0.8759576705840048,964.4739521781947,957.0559585115909,1.038567307943796,5016.0
0.7090399655531323,931.9893472063845,931.0195057870446,-0.08238333634904023,4504.0
0.35780694239245436,569.3325421296306,567.4105457398476,1.1330468049467624,2943.0
0.8831356190532264,936.3019072325941,936.1590558794358,0.3529350025359054,5060.0
0.756462590740045,859.1878651343542,851.0810016326261,1.6927838750355855,4772.0
0.19741798807973687,361.1389359416507,357.71454068823857,-1.501924992384527,1713.0
0.07195477353944801,136.3890113817817,134.37292712428913,-0.8036724534279884,650.0
0.30328510127425723,451.2455400406132,448.8924953046205,0.5983683994047276,2477.0
0.7850378663786047,922.7005706023033,919.1584986369573,-0.5127736802175936,4779.0
0.4582125439757718,727.5373082641231,720.5898443930513,-1.504013257727065,3417.0
0.5820430379531334,700.4130409621678,699.7690017223188,-0.09197433269140969,4032.0
0.743179472328554,854.04407765402,850.4961982702499,-0.4797391467453789,4653.0
0.5898830956592704,819.7137925954975,819.3765127611579,0.8375766353477273,4027.0
0.47284193494217097,663.5895048620563,660.8586715191414,1.411288851313651,3455.0
0.1741119874978314,236.77620908744322,232.62417987783925,-1.6884876528497297,1493.0
0.857525101282666,938.1241929511812,933.4323884140518,2.559745164270628,4978.0
0.6622842069989463,766.0549355346433,759.5627242751465,0.27070940733269067,4377.0
0.8424277409232797,964.193617404521,961.5278105817445,0.47514790596612616,4945.0
0.4188557118945748,573.6154757046286,571.4978794530823,0.8058507281989806,3171.0
0.9238584501714932,1051.8773013433722,1050.8018734523257,-0.6285682996380917,5280.0
0.9370977211093019,905.0489939411793,904.4126515944268,-0.3288218644562101,5276.0
0.48498248490756535,672.3997763667936,669.438999065964,-1.3048421806937227,3479.0
0.4580703642971854,692.8482642206365,692.20073405412,-0.21484177644516222,3406.0
0.2732268433411139,379.8373831899205,366.1357228017305,0.23845706777802989,2293.0
0.41379423845220875,649.1104332635791,646.9890317700215,0.04588670124717805,3246.0
0.5772430051586674,800.2017591470328,799.2741017912115,-0.5704369234750502,3980.0
0.8813870915485885,931.6397059347165,929.4106908856771,-0.05514803624767105,4988.0
0.7373664791226306,878.952744278466,873.0661662609364,-1.8358355057599938,4611.0
0.7179421812508008,920.8988290066499,919.080644099668,-0.43671442997644516,4513.0
0.4248363526610315,556.7891252283881,556.450226166281,0.39636789975906345,3175.0
0.47158718582131276,607.6300820156478,606.9541460848523,0.8787430388885702,3534.0
0.31446741895008534,565.8280236395622,561.527835070391,-1.3698966448748697,2661.0
0.18525222252718077,309.6121449287708,307.1095630966517,2.0557536657110274,1622.0
0.17548200379235934,364.61278500666543,363.1672895563873,0.613279183039172,1603.0
0.9913484622352865,948.1862597470639,945.2281759428986,-0.9972943692189409,5312.0
0.9946856486781595,1091.4520510837901,1084.390024050251,-1.1319874153657141,5379.0
0.11104322322775573,204.35590667973878,200.21096458385887,-1.4641616730615847,1065.0
0.04697745436965084,67.41041418881792,64.17379567979468,1.6181729812572094,441.0
0.24388744544473817,387.3758267099252,380.1906640962783,-1.881714567239589,2016.0
0.4657294053687825,605.7627012946639,602.3457467990124,-0.5047519442851052,3439.0
0.28822112156068647,451.6842280090339,448.86358456560015,-0.33454337925890537,2378.0
0.13850327742351087,254.29237551859381,251.97780733091977,0.654505304396871,1259.0
0.9453060560262411,981.1402383732592,977.612010905481,0.2812053577454246,5305.0
0.36706287265492066,573.3909355713926,567.2822648843882,0.2769033837225948,2912.0
0.6274507491898508,774.8971645324838,772.8802681817419,-0.7184980903418062,4227.0
0.7101529384746966,842.5291427025425,834.7273907487798,-2.2032801174346752,4616.0
0.08368557051869896,128.8700093741004,127.77507214579535,-0.2061050923276087,782.0
0.8490498784573346,915.5917527935201,914.4474235980683,1.0712410072478442,5032.0
0.1071746004708829,201.58736959032015,199.96721080074929,1.3812758906576261,1008.0
0.9962960915830409,916.803725649976,912.6808661230863,-1.004141464403785,5400.0
0.5033247968747975,651.0459470391869,647.5158935922477,0.9646680764178143,3636.0
0.7212337014278944,790.1807576332864,786.4779250679563,-1.601563542184025,4628.0
0.022115288052980797,33.37833691490815,32.67411947901286,-0.497835246842945,239.0
0.38581933508711985,602.4934423753996,602.0069364510274,0.6650182139026579,3043.0
0.10302818982174866,190.61704275362692,185.716599058701,2.3594334209034473,975.0
0.6316892458281534,815.203939872684,813.2249385584993,0.409856727078453,4225.0
0.6308024021678518,810.1535423658769,809.4021840394968,1.3124459639686987,4183.0
0.4445311030223962,647.1867259886552,644.437729586296,-0.49585373130501575,3348.0
0.4883055276377013,729.2919589183556,728.2995956898303,0.5669981342166595,3587.0
0.5427554728082566,723.4218049742955,720.6573976099111,-0.6694813786382969,3842.0
0.9936096096283966,977.2107140410682,974.6567139304866,-0.8599961864564616,5395.0
0.8595841681481761,912.0666576390759,908.8104624079622,-1.2779992937233349,5105.0
0.21070818837944316,373.8558560832442,373.4446271530422,0.11843497601405234,1871.0
0.19137708124782238,340.99765876227116,340.50482753785906,-0.1674934248996443,1612.0
0.6660397626817128,819.1619800814219,818.3656217595355,-0.45382654468677364,4296.0
0.03849783611812807,77.44791311955491,76.04503440166165,-0.4133394121649397,404.0
0.2954413629120317,478.06468708998733,476.45028466584455,0.1534310309330083,2430.0
0.6471813379592999,859.9260861855599,853.0628023930205,-1.0899269682983865,4336.0
0.9906559078301065,1111.3032980913579,1109.9488634670129,-0.24356115195553782,5475.0
0.0931538638199646,172.81633649323717,168.1485711419279,2.238447438380051,854.0
0.8179445227845321,911.7479397063437,910.062241202667,-0.541311955131025,4935.0
0.27899534928629555,465.48947252565176,464.6362632593494,-0.4035222281332144,2405.0
0.6739659950535477,852.6851568443647,852.1519723112688,0.24823124162318735,4426.0
0.7421000058567949,974.1529166030218,970.3370223245865,-0.7312435226818279,4696.0
0.22749193314668725,353.0589973194452,352.2819814295266,0.704666197949988,1994.0
0.8949530699893631,911.3184384058859,908.5742467518476,-1.3545169947576507,5090.0
0.6423143926152775,751.4582633447853,749.3495878391269,1.3691563100846145,4204.0
0.02781282752866343,105.16510167688773,96.01903294043413,-1.3249096114600347,291.0
0.33531978545281227,525.6804423126217,523.4678568739077,0.7437937240681182,2676.0
0.37064921568165754,465.71055985516546,459.3658946862947,-1.7841926132666295,2883.0
0.09210196567376772,165.82373211620717,163.05164068641776,-0.978305136068592,880.0
0.40478906753859467,616.434562349972,612.9192593206814,-0.12790356695038138,3128.0
0.2916436516744302,461.01628566544395,451.3819864470604,-1.599826708488818,2451.0
0.8002140446833557,793.7636968328053,789.7225494759539,-0.2871468373420804,4832.0
0.9001915442245173,941.9234876378868,935.5145483756824,-1.5588933070113005,5166.0
0.7434654238570712,782.7030358225892,779.8571278497129,0.16762139607683266,4688.0
0.9377295135474111,1025.9431875352113,1024.1574408759934,-0.5537139394530558,5285.0
0.7567101047540788,808.7225006149081,802.4184047226254,-1.441982812622307,4680.0
0.12484448066683529,256.1730159942553,253.68330125092155,-1.1307263862940649,1173.0
0.865251983758862,894.8403848462488,888.8709489537447,-0.462509816364297,5063.0
0.266407080661726,411.3016713889054,410.757686934607,0.715648996219699,2181.0
0.44708611971734635,766.737983340034,765.0393106921694,-0.4318370374865096,3341.0
0.9337955476003295,879.9641457134426,876.5688725430581,1.57145022841498,5301.0
0.17643090579760867,352.1190862434756,351.4087798943892,-0.535294862599638,1602.0
0.8235460506409629,991.5605330539267,983.8243893428391,-1.804453398915667,4991.0
0.399653372785193,664.1587554960573,659.5422351863957,-0.15128456865978826,3105.0
0.350700990316686,446.79372038772533,445.9303482999107,1.2125493821383577,2825.0
0.6460939453683172,819.9502862335646,817.5105572775797,-0.8448430416661937,4220.0
0.6963843823472294,918.7697094813733,912.2973130382256,0.8225063694829572,4436.0
0.5779372718000628,668.9995751934023,668.3726474610914,1.1080201446470193,3907.0
0.5339343712519228,687.2759321654972,683.7089254846732,1.4532922155621248,3785.0
0.807195686585728,889.8605485214897,889.2828594511545,0.09307739040983824,4814.0
0.3685511344268678,640.6615233720851,638.7253599462377,1.5731444829330947,2909.0
0.05016949168666529,69.80106249813727,69.50045974605248,0.32303928297375534,460.0
0.0982756004801072,167.2773116015643,165.0325020312681,-0.2673896566870414,947.0
0.4186920270015896,661.2564305252184,658.0714799832693,-1.3114177019253772,3161.0
0.1977567004844476,298.80886866335527,297.3472923298529,-0.3436056548040017,1720.0
0.7239277458147443,862.0735405265109,861.7964530019484,0.21083083529775673,4599.0
0.23429651695551168,411.15808365696205,409.94621068286386,-0.8251691901580596,1953.0
0.17658422602468904,270.2104317309258,268.6253727673928,0.32776266045183955,1501.0
0.44153959485305005,689.5790540009667,683.4568243821001,-0.7642640401661359,3378.0
0.8359427735835305,887.3302054921879,883.7404689791252,0.4163195743673076,4900.0
0.6158426458089014,719.8148374794768,718.5861856191075,-0.01889826857080366,4106.0
0.41300706749233895,633.2560986463194,631.8700672099783,-0.7091945533403913,3112.0
0.11913825784868293,216.8166831106185,215.43213405018489,0.8331915775572943,1099.0
0.20178708011275726,389.60050294629633,388.3203046794268,0.8169360911068996,1767.0
0.6807659027580731,818.4186467923421,817.2323348019937,0.08077819536567066,4350.0
0.519984956937468,779.9644866001616,777.8647756482289,0.9260957105518057,3665.0
0.005470738195554659,10.936463536463535,10.512578616352204,0.02627517898607516,59.0
0.6934850042884982,759.8815323924264,758.6037384307922,-0.504926119663072,4516.0
0.9678699269415895,929.6452667612915,928.7517280162681,0.673729300092024,5367.0
0.34905607440073305,540.9794369694129,536.4381389714855,-0.5385092189188591,2715.0
0.5626960734402938,720.1660261253282,712.3192928653441,-1.1060358910912402,3821.0
0.3661818433468027,530.1190604208073,528.7329893223013,1.0729060141682536,2878.0
0.9304427449024721,909.1473355978109,907.2084881872164,0.6269718175718341,5224.0
0.9219659757671687,905.223837710264,898.5542304094315,1.1402292562473646,5220.0
0.993565386379123,951.9883415150084,948.561526012267,-0.5587949254548844,5277.0
0.19676530010092486,294.28040727931887,286.4964556095987,-0.42232330753374087,1697.0
0.9024684243251372,983.0674886283099,981.5796527630979,0.851431666650258,5238.0
0.4929198322965843,597.5981991277308,595.7553319431963,0.7076254923581087,3535.0
0.7639067996533505,920.0725059004093,917.4416013160543,0.8977281869667031,4709.0
0.6007952391420389,787.7818421319324,782.3465278951393,-1.9000362056591196,4101.0
0.4903244820636822,673.4190102196366,670.966687056553,0.3497945769870063,3552.0
0.8621205279652374,838.2217281572536,837.3384173875199,1.4514016903155698,5044.0
0.1661384574343624,333.4342481383622,329.9395715327559,-1.3844398113686112,1508.0
0.15581594128764387,285.07111814641615,284.77164334569585,-0.014473877609077418,1388.0
0.03296251844925435,53.420807719412366,51.475815065357814,0.0013867785705894932,317.0
0.821224026229167,1038.5519587042231,1028.2754251850974,0.08879057911351493,4866.0
0.03258883890113351,68.64478131075317,67.18739232230415,-1.1339287013595987,304.0
0.9562678034201471,966.4712708197992,962.3812504399664,0.3393241104161139,5271.0
0.5256300213117191,698.489511989157,695.0775337160235,0.264324835836814,3681.0
0.3846087359158694,589.3861615378412,588.9978795711226,0.9936579088893739,2951.0
0.9087470654807869,1055.4678193711322,1047.326928700358,-0.14643743928356798,5130.0
0.7463292504144478,951.182259145102,951.0340322312962,0.4251591693026144,4750.0
0.5728218156116448,677.1075184203477,672.4545562978519,-1.0725082848322696,3836.0
0.6488030207641405,807.5884677736016,804.0881317431637,-0.04975474037248417,4323.0
0.055947215404366535,124.69788753812819,122.63350445361604,0.45206018668573983,531.0
0.8907800823935522,1015.4121499983947,1012.3039376372597,-0.3103683268465909,5114.0
0.21752364243074773,317.79388868785094,314.74824237415646,-0.8005711628420845,1908.0
0.17404150635105864,317.8022074829659,316.3059363014023,-1.1586745956007563,1530.0
0.7997032121789754,912.766043558476,910.9432127226773,1.4456857005549266,4790.0
0.742878770638061,872.9167143735937,866.32785234964,-1.156574215370208,4582.0
0.5489956167246408,717.480740321921,708.8196253060428,0.6696499636566124,3818.0
0.9318552964027986,960.2678236835001,959.234677670961,-0.003958846831135281,5290.0
0.3244036251780251,488.28938254807565,485.2090196124631,-0.9878710619009149,2670.0
0.001609501279973946,,,,14.0
0.39156247974709046,588.0874045961467,585.6521182596906,-0.19373162977968766,2976.0
0.0176767987064943,24.18818681318681,22.64491054904379,0.9491398473528545,155.0
0.4766009404070731,710.6700803711414,708.636804092886,-0.46308238667814994,3455.0
0.44265921840342615,551.7769541909764,550.922665096206,-0.24186635361015532,3216.0
0.1642040065057816,326.9262290213447,322.83168752322666,-0.6160142951066789,1458.0
0.2838409151004848,491.36456844181083,489.9124065630238,-0.767177748850979,2402.0
0.06828534758589244,86.56466485255876,84.67471538240036,-1.0243938308246419,608.0
0.9286271850185209,986.6245826956427,983.9911261826816,-0.7929635781909622,5269.0
0.47565090302720736,557.38636134665,550.1621225483651,1.9435582944267638,3474.0
0.8869545117450119,948.0644663734608,946.5644298903012,1.2104250785633521,5176.0
0.9853981880252365,1033.8344591499385,1030.9607241064355,-1.2153035578912603,5390.0
0.23719940059160838,500.8335638948197,499.04650774299444,1.0119213536177127,2100.0
0.8543462078659203,942.7113771976369,935.3580621880302,-0.07182316704200001,4984.0
0.7880170190458272,886.0244705367652,885.1996885948003,1.6494464438231509,4819.0
0.931494473666509,1058.231295836752,1056.6868617699552,0.5974754145108556,5359.0
0.9233035175709935,960.2710898627433,955.5014880753072,1.671853385687617,5115.0
0.2084034006042016,345.4566024829062,337.0598839754892,-1.5502277862159697,1842.0
0.179517494289134,229.16324351290712,225.99520333768206,2.030309270270141,1527.0
0.37761019284008157,608.8787665052824,606.4175838400581,1.5815324428204813,2940.0
0.7995023571063905,999.4727924943704,995.611262254529,-1.5602179740139115,4987.0
0.5081895401704886,707.4244225640853,706.8960919237039,-0.07635813939110817,3684.0
0.438487501053497,691.1566550490982,688.1617362979332,0.1176322695944857,3338.0
0.4094445357627755,585.2545859714468,584.4917359252778,-0.5334856301554669,3076.0
0.9080332485684056,932.6652291604199,930.0223214655471,-0.6947643337026653,5228.0
0.03210225469996186,62.960397849970846,62.60858121413392,0.24725673330856782,310.0
0.18931570082668148,298.454466156693,290.6936320240568,-0.48954938360439115,1697.0
0.9693355967201222,942.707971665506,942.2589736354959,0.5938757574500703,5370.0
0.6921897415213764,761.1748567995978,758.0830496112995,1.0800254709232147,4354.0
0.4018263368413597,561.3812267861571,559.4989497199205,-0.9170469655137032,3043.0
0.8552704415451704,802.1270964578418,800.4956219634767,-0.8186837962591726,5054.0
0.15855209072823495,258.9077734104293,257.43561402333063,0.318282756631008,1468.0
0.9662122462999297,1003.0140733046204,1002.6723294983522,-0.18160603702476996,5318.0
0.993295414358594,1057.0517847014512,1053.0732106695932,-0.9373789657986109,5417.0
0.7383467384599395,866.9537739153624,865.8114868592144,1.3640387031376096,4628.0
0.881147040957833,1012.5184930028165,1009.8042124523239,0.46012845392556684,5142.0
0.642772248295,873.7397085299252,868.8118809539401,-0.29415434730854056,4307.0
0.23554719957248504,303.94472697127816,300.7316489809283,-1.558603728497099,2022.0
0.0901434780493845,183.8809081457776,181.22237235414022,-1.0757849965680089,883.0
0.6712258717652205,811.7624828953468,811.0292314820397,-0.09568741624155057,4381.0
0.6215991672597253,912.9040639049687,907.2657705121015,1.8759176283884313,4169.0
0.06562203462990834,137.71603174603175,132.53206467205212,0.13821896696270508,605.0
0.788457537054545,885.7759990746134,883.0595544635314,-0.49571639620242064,4772.0
0.2129610060417534,307.894186086552,306.524474769273,-0.2035636606859597,1838.0
0.329238287014609,475.5843011319864,472.9851080829659,1.9176225577254236,2592.0
0.56970559792386,719.6394093091459,719.0610250392001,0.2573266462323888,3970.0
0.5363692617895508,738.9115596173855,731.455201240159,-1.4321154799534714,3735.0
0.8644834104396354,850.7602461413461,835.4184917092886,-2.953605592957944,5045.0
0.6137713838630748,794.7345981108166,794.0650033942485,-0.13318777464356063,4143.0
0.4380086717268651,611.4920489804543,610.4578454681758,0.47479739101627216,3306.0
0.4118624034947962,576.2424437538708,574.4661729848959,-0.011348956062558644,3146.0
0.6423275964368608,833.1906793505638,832.5403346012904,-0.3277080345446985,4247.0
0.10515906341517178,168.08930546861586,156.62175957726737,-3.1383269770406073,938.0
0.8794171657717365,924.049671740134,921.2898310135324,-0.79639555001506,5129.0
0.5351942774570418,693.9756518308099,691.9341888421183,-0.7942515886981772,3817.0
0.6411527530248627,802.6543143121393,800.1341631909582,-1.1034449266919268,4293.0
0.16880455982645437,285.55262123915077,282.96537916388866,-0.14816433259606082,1458.0
0.0640332139948625,138.58114511578526,138.34729248111424,-0.03841684803219161,628.0
0.14162278643513804,234.02064720435533,233.10414618991317,0.4661851688934299,1256.0
0.6448785123899579,781.2364297009498,776.5386627007073,-1.6457209194252347,4249.0
0.8762410031117007,969.0935180931148,968.6146997222163,0.11241456042840592,5071.0
0.1652778488421568,290.1347930767447,287.39678774362636,-1.3158021772116408,1461.0
0.3016170232937362,472.25336912282637,467.2272528472523,0.5413695130925217,2515.0
0.40539271942286337,567.1691413373114,566.380981512639,0.8042363293800919,3133.0
0.14433229120731916,246.025583205496,245.10302150301158,0.32823211798355256,1318.0
0.4542936613867231,686.6012587926765,682.5991430428834,-0.0042296632271965565,3380.0
0.2385273784384666,363.3056464672762,361.745657009709,-0.09890826446569441,2031.0
0.6649115201452576,834.9119668571328,819.3986305719571,-2.0694075466072843,4381.0
0.255096065573849,457.1349910037223,456.785044607467,-0.11307615109802226,2142.0
0.9992051339883383,998.2155700949918,996.7928500196534,1.6860556662516255,5443.0
0.0760148788078745,148.62841557472566,147.77333765259243,0.6744000186383625,695.0
0.9320689315413905,1038.1197739331028,1031.1751970966297,-0.6559150463047373,5262.0
0.9524672903166188,1057.6483374358922,1046.614387612302,-2.4917817490796743,5367.0
0.4199040181477538,610.0411208748305,607.3164148855931,0.09003879219433158,3210.0
0.9475499925869372,1003.3371107949467,1001.668318277704,-0.7142047930948854,5301.0
0.3154138203921203,415.1764094888767,403.6685663615062,-1.2146788340447157,2473.0
0.8470299017302988,884.5856784574579,880.7155031783038,-0.6575556001705135,4981.0
0.7161179155973783,879.4205903530774,875.6988722851513,-0.8687750054717406,4523.0
0.15044949818859354,288.1054112694707,284.50693854868325,-1.1770961385570098,1424.0
0.38762969324011165,495.14285810313106,493.08972666170126,-0.9908378114137235,3056.0
0.3133246971769461,471.8543021711931,465.2557548902831,-1.4434870372467004,2526.0
0.4133829937575626,662.2307223331618,659.8457629530692,-0.8912987204691629,3157.0
0.14782312868108616,239.64845601717417,236.44231156861252,-0.4888839875023387,1372.0
0.1733036008926453,262.62966437329425,260.6717544729286,0.3686046360414985,1498.0
0.13749445068572497,231.0873791342803,230.98729655502422,0.5790273557071927,1209.0
0.9744411479131757,950.8380587138563,945.7549670265586,-1.5506253349607582,5365.0
0.10725746299924699,227.30809808506064,221.20812583095272,-1.9141697200936185,927.0
0.39455170933156336,581.5705372917149,580.2869348009756,0.7010126393620726,3024.0
0.5644329464128935,775.0315670611702,772.2570937454556,-1.3215057609002976,3951.0
0.6697792737209621,855.70166751117,853.8586721935766,-0.22187195180474806,4394.0
0.7785603235333374,876.4102322350172,874.5777241269753,-0.20937749249707013,4861.0
0.9737258830731474,999.995349208912,998.7986539320792,0.8499564603366063,5355.0
0.869443005686207,913.90588482747,910.6577688524452,-0.7875896186186677,5024.0
0.00541778463074527,,,,55.0
0.48855383972105737,659.6564369608702,658.539064222178,0.8912692758139351,3559.0
0.08257728320917601,113.17461536293915,110.18017724006278,0.550604279406341,751.0
0.6188965786992612,838.8778033031319,837.1081962621013,-0.7161602034867652,4133.0
0.922409646510398,945.7465054873018,942.2578274299302,-0.26730691882984825,5147.0
0.6041737172731224,727.9828836614,726.2545122796531,0.11262658509744415,4160.0
0.8695577660546956,961.7580357420135,960.5680968455315,1.0096430795974056,5003.0
0.9027861166162826,1008.0088640402436,1002.340255499011,0.3307202299804769,5198.0
0.2662867827480988,424.11285657321395,422.9725798264566,0.4598413478558937,2197.0
0.9378744192839781,963.7423839693323,961.6628296687365,-0.29548349946872926,5347.0
0.8834125824478491,1006.2360395448334,1001.9880005908805,0.776540474989137,5067.0
0.8756429520737868,850.9109394129106,846.6666218594675,2.2276196646059754,4980.0
0.13159611683308925,202.2167047404232,200.45468578819165,0.0824249867974428,1178.0
0.3229607897365402,484.7761745299625,483.7316648231216,-0.6475058075179515,2620.0
0.23109648483699552,368.0555632002149,365.7320330753969,0.2357519889713026,1997.0
0.6030546684023638,700.4295901509782,698.5939533691679,-0.27027002380285664,4082.0
0.3664892405755432,526.4956529958426,522.2119232326746,1.01416571339907,2854.0
0.9156845658469848,990.5967398594055,986.5302041464369,-0.9538697652298708,5191.0
0.6130039534317149,788.7425052077475,788.0717388203143,0.80085011085031,4090.0
0.4440640415037631,662.4338724607485,659.2568297766247,1.4185452160232426,3326.0
0.9610177493610433,999.9435103279583,995.7199573484162,-0.8754525706173626,5414.0
0.6783553200993752,709.9816333535653,706.8259713686263,1.086192505155744,4304.0
0.16548825935210199,311.199946741662,310.9309608784356,0.6640858800555551,1445.0
0.24619535092100786,422.43877557949753,421.49379437152095,0.0819852553732263,2054.0
0.20545297871439583,352.65593895638176,350.2117734302431,-0.941026271129677,1773.0
0.1504266767845862,213.4003647569678,212.45278447725792,-0.5734333928327405,1374.0
0.7125397398798278,793.9704734398838,787.417930170358,1.6687003382645187,4489.0
0.7730940328459562,842.8486536219795,833.47114569775,0.6131597180112354,4801.0
0.5771222200052849,711.462230712584,704.2620645643752,-0.31171571992175806,4001.0
0.20213522358263025,329.1498614220977,328.5366497467202,1.0527458220343622,1764.0
0.4933451317566836,682.8506846842631,679.500143681791,-0.7732483865886697,3588.0
0.6892562677339198,793.8554448078306,791.7350063879342,1.100672205367877,4405.0
0.0226404940181526,38.92401002506266,36.60728861894003,0.9653710497390466,211.0
0.1814857020838313,290.6962471359348,289.178088381282,-0.732706650431242,1578.0
0.44676882254581274,618.0768871631897,617.1323582457194,0.33895105652287605,3181.0
0.8422581302937132,899.3499890959281,896.9293393446668,0.8935171638792517,4968.0
0.5069172398774744,680.8369425957643,676.6257535609009,-1.0767957781337603,3683.0
0.8534986205880452,949.6853891450204,947.3447597598481,-0.08110015080059431,4962.0
0.41649085911166317,542.9641386191835,540.597429148362,1.338276443113214,3099.0
0.4649795256845236,577.0588284221284,573.0930601366005,-1.5921915846803458,3420.0
0.10135603813325977,179.28305807679655,177.6310231413319,-0.9103058169369118,912.0
0.5067388668286461,644.3842746802358,642.6160712126901,-0.7393935762090941,3687.0
0.4322785520018261,641.2083153546256,640.3051933326633,-0.24321557499524013,3254.0
0.7597721305684322,957.3067834534265,949.2175193964075,-1.3476824087408077,4690.0
0.8832757992033023,895.9786896270514,894.93645734235,0.3326830142281497,5068.0
0.3467033938582732,537.273525062953,536.1010054966129,-0.6540461553228605,2790.0
0.4864832338410119,666.1858050830032,664.9529610170961,0.2384924769725562,3487.0
0.784652289905137,829.141162658543,825.5156481770108,-0.9309409057824538,4761.0
0.11087319278413532,239.1866522069959,233.36156042024265,0.6790694113313136,1062.0
0.8659783784983567,871.0848157546093,864.1768800310597,0.5284320243902741,5084.0
0.7253938537397686,882.2953642248306,880.1130501978308,-1.170327921460816,4527.0
0.044968378740650516,147.72742562080217,137.38597991537972,-2.0882408319141836,465.0
0.7306690352190598,823.0626902263973,819.3900801816277,-1.1071143719681076,4530.0
0.16373451414416063,281.4702336779249,278.49323887161404,-0.597029432942675,1455.0
0.6970595705002037,843.2397860754854,842.2965015871325,0.20193740155033424,4545.0
0.5165024686128936,753.2572334645263,752.0212260947955,-0.34654742854366194,3699.0
0.6566899066006158,824.7017767808911,820.8397710684836,1.18549717556997,4317.0
0.6524491151796129,951.5616246504592,950.943032231662,-0.4305185738083694,4352.0
0.2162997748827279,388.4981594779135,385.32599534818235,-0.6472059924532876,1882.0
0.7089040384974461,798.7079373125622,795.4084486557615,0.6255697407720098,4505.0
0.7314260925678756,773.704613893543,773.2783936125455,-0.10488101301628433,4619.0
0.97937016693261,1032.5603324800347,1032.0754928813972,-0.09703534540335881,5409.0
0.275639366449844,376.9012312310247,373.7139579963769,0.32707603025511434,2277.0
0.13856268209809997,302.9496818297069,294.0753499949704,-2.4258897413978504,1300.0
0.4184730009943134,515.6270612361415,515.3314651187117,-0.2743904183371235,3226.0
0.31958851195059845,469.6209065090396,464.9200898449055,-1.2740967144220587,2635.0
0.0909267634750639,184.89807526600092,184.13207960686893,-0.10644119759722567,859.0
0.8586351199733533,842.8040744152604,842.2679652456981,-0.16446348467319274,4961.0
0.8928684962941871,1018.5425757885419,1014.3246320458261,-0.8196789915272967,5155.0
0.15427631966057354,266.05376831063415,264.4503696616068,0.6132912477684886,1438.0
0.36472884357885316,533.4505197566913,530.0540605033083,0.07979009359378986,2872.0
0.9194526955994619,916.1607604333182,912.7878892882292,-1.2805084713633794,5157.0
0.2685857366111515,451.09186919190074,446.7252534966338,-1.050232891939806,2224.0
0.9754986532573172,986.9671018258812,986.8760575774439,1.1125568228991614,5386.0
0.7227940547127888,898.6742819157288,896.3276985354051,0.09028447198364518,4559.0
0.3576429640150326,545.169312289784,541.3252110712825,-0.7161795887541361,2816.0
0.7646672957508486,884.8499655768903,884.239028434624,-0.056964618018815597,4745.0
0.6367728442974159,793.8216152969915,792.9716035068849,0.12978387195049249,4208.0
0.09845040804086258,205.6052754629278,203.59025841829774,-0.5920424769378364,935.0
0.7984851896081187,881.2336676787239,878.4795695878925,-0.3445913970870706,4887.0
0.8943168593538591,1040.2342277842372,1038.4898169759222,0.5179352880754848,5153.0
0.2324592470214618,353.8511154372997,350.49760274450983,1.5346247144681242,1935.0
0.041599289466980105,106.46993416594064,104.28822170361416,0.3505257782662858,427.0
0.3740926582522005,527.8114485860016,523.0961507331508,-0.765002242132492,2837.0
0.213840825434218,329.57641768640303,326.7356385893722,0.7841112713632766,1827.0
0.5453414487984597,669.0568074398074,661.4042797765575,-0.6391310298710572,3763.0
0.9428814479576029,1012.7095106007051,1004.2873298589798,-1.579424841695906,5295.0
0.1306438540308409,194.3889754978222,192.5669936992564,0.10523049008905433,1197.0
0.756201941960101,803.0406248216647,799.0448693984708,-0.8263826665168861,4693.0
0.19496039704850954,298.7890788772716,295.51790075013434,-0.07395865933954217,1678.0
0.09169512743159947,167.24749466908375,165.49485583139545,0.5972658367984587,863.0
0.951307624146643,982.4386375047013,980.0725781084159,-0.37703817001279105,5383.0
0.3329984225201914,466.1366175703337,465.20789295036826,-0.09952700367307636,2709.0
0.3160098226449418,469.9468925640881,466.5494034442928,-1.0537389114848834,2526.0
0.18518761940971762,336.9416251914053,331.596951939405,-0.5243181552021527,1656.0
0.3687372631442607,509.3421828404129,508.1206709764089,1.4207588290594442,2905.0
0.3156531691723019,595.8693270352638,590.2616460790657,1.2337074916344482,2577.0
0.007541339968092031,21.17583470169677,15.693650204233196,0.41276915226596905,89.0
0.055400855577742214,68.45377421185508,64.75081560095514,-1.471099725306931,493.0
0.13863513298158692,236.19445798325597,232.92686284799942,0.6829076035957751,1281.0
0.8130119472606541,885.8082223335242,885.2281383436301,0.1932879633051584,4889.0
0.08702136767581026,152.38000142348872,147.4554459982839,-0.6552618663918858,818.0
0.2591846009737683,360.5385083183105,356.4487583691444,1.1847707754785175,2182.0
0.26090111679698014,415.63375461640175,412.80021209555196,0.02074132631066878,2216.0
0.9396603871930894,944.2978261208324,943.0057956284774,0.4459319084906686,5249.0
0.05157846052764037,77.0356839973868,76.5693092867025,0.33998970665130107,507.0
0.12088156225173652,200.0455940901221,199.1548531555767,-0.23445673930483876,1120.0
0.6573287177956184,769.5171806786512,765.3919785605567,-1.8961793036962218,4304.0
0.1259489060323743,237.79151775959087,236.58469369737196,1.0929078714767317,1134.0
0.3060484770554772,465.4802398548272,462.9699585560526,1.014195900584079,2469.0
0.5183537118139884,665.2417249051102,661.7395181318511,0.40278686089616944,3654.0
0.6301966336921209,755.6177379772446,753.2260753165177,0.6971269198405384,4168.0
0.17896542955487305,364.5753276603111,364.4494793418399,0.24998511368303641,1540.0
0.5645795934142688,773.4551941354524,770.9298716678993,-0.8840977804513611,3897.0
0.6973353957287985,838.0752905328837,834.8510431605848,1.8064340076010836,4447.0
0.7573766788886356,851.5620335257485,850.1325732798522,0.47791959462841044,4787.0
0.7772894936433172,879.5686542595976,879.2072629857445,0.8439271804216479,4674.0
0.5906246082594795,771.9891590495404,768.642980169393,1.1253102375847697,4117.0
0.10717656702865941,151.17133312094657,150.32694062859983,-0.780860464396473,978.0
0.1426171500533453,268.9062900692902,266.26566120474604,-1.2036731156430303,1279.0
0.1361795513747116,251.71271075364118,250.71818980090669,-0.8450478866936149,1241.0
0.1126705035223281,226.60874594796292,224.6616281097023,-0.7153750560775345,1050.0
0.08183251414623716,202.65126991596065,200.55286455915046,1.2827039162086105,765.0
0.9047993105789317,987.8487882439873,985.7879508891916,-0.16839742149235612,5248.0
0.6980766072828826,791.9340237476894,783.5863767886436,-1.4911717512852374,4464.0
0.1398360399919064,243.47333568862365,241.94226851653227,1.395060453801208,1290.0
0.8039332267319763,782.7710051073988,781.9303740791913,1.3571190278997727,4861.0
0.7773360295024029,871.1587604485437,869.4398719189345,1.5019425470590675,4792.0
0.4996628016486584,679.70583041926,677.9799796981428,-0.688153335822344,3666.0
0.2175443291653093,333.18925716942607,332.0415982388518,0.0879659567459915,1880.0
0.4135977895618449,582.405310489093,580.8132487017756,0.870581144498511,3183.0
0.25723493222895555,362.7720611874469,361.4737466623256,-0.16401654880634156,2117.0
0.11972378589758992,206.39479510532817,205.97513476817102,0.043236719216979635,1179.0
0.2690343324921556,403.09277015215577,402.7713946563377,-0.3277885526424491,2281.0
0.3609182926575809,494.8519372858813,492.37110675922764,1.2944067169192934,2840.0
0.13849999948551706,217.6202395432946,217.42683672428677,-0.25678632626235737,1305.0
0.9626739548209117,988.6666672581238,985.8940218261779,-0.884680625862415,5376.0
0.40664721727135,583.8107023451129,581.7938429098735,-0.2227697168123146,3098.0
0.9445695063025589,994.3524030659232,993.743571975455,0.19660977444178263,5342.0
0.506246584896614,691.3640918338845,685.7413832784296,-1.5352771746326348,3666.0
0.757698043284302,924.8880575977796,924.615489528402,0.87280943599645,4759.0
0.6634466470088176,917.4871361956763,912.7161398995803,-0.8148701808679072,4395.0
0.7809184246393512,924.635298932892,923.493607688945,0.599166569550941,4823.0
0.3401690619496761,575.5635400459038,573.6863515925209,-0.4964433805116277,2800.0
0.48367100135893193,759.9709846508723,757.9287747358521,-0.020623476151082808,3483.0
0.45062071291561057,521.4408023154674,517.5828038543854,-1.7542876662065832,3357.0
0.8966798265209152,897.6650661481634,897.6271210691968,0.7507240131343346,5105.0
0.0029528778052226867,,,,32.0
0.4044178622197867,629.8177237189755,626.4638978056403,-0.4491477561512631,3238.0
0.09960088931184952,190.4960146390344,189.63980938707596,0.558846311761129,901.0
0.7362128879320391,718.5485312624699,712.7294764197874,1.7153910602494116,4642.0
0.9968663759894646,1089.2630195046654,1083.8991020352792,-1.3452377199065213,5468.0
0.23727461211200263,418.462391933184,417.60048995087016,-0.4394291374998766,2060.0
0.7777031957945975,953.5054342192742,952.5134300132437,1.1856135557432204,4839.0
0.4762713966825015,629.4231963134557,628.9156457786407,0.44333864812947404,3596.0
0.6631853528663925,830.7430669555325,830.5637666199976,0.44236023273768654,4263.0
0.9842682324155423,1011.8146070623663,1007.9155362344454,-0.6243111607732427,5384.0
0.3913537951166527,515.4215439152671,510.45557546521786,-0.09125083745095125,3056.0
0.39436839986082617,601.517715752525,594.9472764678345,0.9403492240539706,3071.0
0.7329555949071029,799.038630756871,797.9131137130421,-0.6235903462252325,4611.0
0.2633597339001712,449.36412048481606,447.06726175213095,-0.8580322967040117,2293.0
0.3651144783260001,569.6760791154126,562.7513778271436,-1.7709993647480258,2953.0
0.22229938809497563,346.5638800564779,346.32189662025996,-0.10036894028604666,1935.0
0.9066710558933863,1006.2973339824524,1005.8004920844623,0.6448343602983562,5141.0
0.9970287128261114,944.55520085107,941.7791904323944,-0.8133931584472534,5430.0
0.38292583589209406,673.2304113163977,671.6035257043565,1.1431270033863077,2996.0
0.31240131839290275,521.3136746894339,516.5852174981967,0.5336028187733747,2667.0
0.15083834833387144,250.7638642735797,250.43093482119858,0.9151176468542639,1368.0
0.26010903994617385,423.68608413263433,422.1754670521054,-0.6463595087370285,2178.0
0.5009201210537267,656.5985785294603,653.6949016644974,1.0230729755754167,3650.0
0.3456232231924423,513.559225350322,511.6644133668919,-0.5474874113664739,2802.0
0.1476426224510995,239.59148972554613,238.48395650411967,-0.12080270288861679,1304.0
0.33683985939085337,455.8417688759477,455.4712629269801,0.23328308141823792,2705.0
0.26077975774777906,421.56477491176867,420.7752308399076,-0.16257607966224846,2154.0
0.6390672535226167,821.7668548996132,821.4504188357653,0.22881895912203104,4274.0
0.12334016455492935,211.36465426406878,206.10878695859958,-1.8652954035460534,1167.0
0.18307291822457672,304.70293713404635,302.0746504022111,0.6400067476288548,1598.0
0.930237441652588,1049.6063402647503,1049.2329549541212,0.36776351473146685,5255.0
0.8383779289596417,925.1182390790245,920.5790922998016,-1.3548812908932995,5009.0
0.2863854536360009,505.5713548600391,502.6112488890178,1.5034886816403505,2378.0
0.8858366965334928,892.1177442022359,891.7046650039264,0.03306675990064439,5072.0
0.20313860540238782,357.0573020454624,355.3976554174901,0.4653844943571855,1788.0
0.7221389879999423,800.5479799218822,798.1203944180552,0.8155562213435438,4578.0
0.6342350701408912,773.3386661239367,772.1583605955483,-0.6548088810803627,4389.0
0.6958042160355109,928.0254433015925,921.8076838589599,-0.21749862975554396,4505.0
0.980213764103637,1059.6288613350255,1054.3125306663196,-0.9064911217920006,5464.0
0.057939469970511914,131.56221730991112,127.13347164134724,1.9420481133935894,596.0
0.9211392895404757,940.932971709525,938.3704403346317,-0.5909249051362986,5240.0
0.7442174266309224,829.5707897634514,826.8891853628671,0.2611567302636353,4629.0
0.9185745224850071,998.6337260254714,993.540543122104,-0.7764572194514692,5267.0
0.2381834076410303,478.9558239594492,473.536722811118,-0.9777593453293176,2070.0
0.5325081630366088,704.3231471736048,704.034959243232,0.8459268569907387,3774.0
0.9725355871505735,946.4845405282744,942.6599398235523,-1.2298226467246576,5364.0
0.29264699060267185,481.4739879652396,479.0168784139679,0.6661389100673516,2471.0
0.9579433991754458,955.1483738537777,953.8245162583377,0.9488793846495678,5272.0
0.6572493008797293,977.7746022944447,976.5048608925132,0.5218281372478552,4249.0
0.8675362631785735,1059.2178744791368,1056.0527090610578,-0.18877110661671623,5135.0
0.6758815332097894,762.5082456813608,759.3000745768159,-1.0184150025173007,4337.0
0.005332978030958113,,,,44.0
0.7345746947691766,913.6399084609026,905.8469810777435,-2.5951911243872274,4617.0
0.192275558052747,299.2158440076098,298.0469875367579,-0.9658792698096326,1708.0
0.09978180883632881,180.55473378728868,176.82498921675082,2.034621692351062,927.0
0.8310354672168994,967.1020620903992,966.0910005699058,0.47906059501091985,5000.0
0.6762798805399001,830.3241280339948,827.5025344817604,0.9137504578882643,4451.0
0.2334717242608627,349.6332418784435,348.5095821974301,-0.7102979442512035,2012.0
0.10409906616785636,136.90283125602573,130.2721292688408,1.0653302295397666,898.0
0.009342330444744973,9.299005088478772,8.345463622999475,-0.5919430141661848,80.0
0.9416258354354842,1010.3433471069729,1005.7873070906769,-0.8614030563123971,5148.0
0.28632325340733766,478.89204673000177,478.75001161680893,0.8114623925683633,2431.0
0.4159084473421384,549.506964042836,548.8352440707091,0.2087136281779517,3180.0
0.9275663509837269,884.699984676635,884.1641292346987,-0.09298937843765903,5237.0
0.614347721392102,773.8903631808141,772.0925272528149,1.53146323277861,4125.0
0.40945949292318096,561.0326920879816,558.584799029187,0.5414984476546021,3159.0
0.7963592024608174,975.1733668010493,974.4947396689466,0.9420378426817196,4876.0
0.44409374262726575,574.4579123938121,572.5919431245944,-0.6038737231362808,3309.0
0.33420767223196757,537.4663426516962,530.4858917356115,-1.8498174182366598,2745.0
0.235020173551591,398.05798716511015,397.9318198210669,0.38528673139928077,2013.0
0.5932479741059142,805.9620388123203,804.0330645548999,1.425217181732138,4054.0
0.09849895788943708,134.8429431537363,132.30942797390435,0.436026380785789,935.0
0.19903753706555816,405.41156811657385,403.6162240562884,0.4008560689516225,1680.0
0.5357675256711216,632.0229767760109,630.7465061734484,-0.713752164659885,3811.0
0.5008188810196296,685.1510598704119,682.7283250516664,-0.12257963764234141,3572.0
0.3273610222019737,491.01390496155875,487.6502018470919,-0.9413061089950666,2648.0
0.17399196589412202,269.1858484242019,266.5544598315756,-0.48432905140256516,1571.0
0.07134773760508384,112.90447869093637,112.43184410853057,0.02650403382909779,673.0
0.8785290663533113,930.2081132371708,926.8640326704457,-0.9966801561445868,5049.0
0.17485498254457055,298.3380719952084,296.02930882292804,1.5576552606528666,1549.0
0.3401657092877557,499.2697812374553,498.4407236569708,0.4348282220289603,2697.0
0.16650391827635125,281.67976801498145,278.8240049948263,1.4439734810499878,1511.0
0.1151511087991085,174.75105035120046,174.34450967343253,-0.19174676534388643,1023.0
0.20253268058770668,277.76280944104803,276.942234801703,0.9708709368707176,1754.0
0.4458785807920631,649.1074508093926,647.1102899902523,0.3673613125573754,3358.0
0.9988368824164455,1008.7294681638292,1005.3614909430892,-1.359895297804051,5470.0
0.9172692603708776,1046.3412266083324,1046.0649414517397,1.331869916476433,5159.0
0.22163012734915355,341.2954463737132,338.7763190139524,0.48000422551328686,1891.0
0.8967813865390617,920.3649698001867,918.0560349495129,-0.10129727552716948,5209.0
0.45857957918169523,604.4759483348421,594.4961008127826,-1.7045365029773116,3439.0
0.3427890174273447,498.5353940436151,497.87915928290687,0.2601633218264757,2716.0
0.5791328301241512,688.6017805952592,688.0712899078035,0.2833568848815201,3992.0
0.42370194261235394,603.9093359893225,599.5008834004911,-0.8614966465447536,3130.0
0.42964890272175116,607.223039621213,603.8473011861728,-0.5156231977429548,3295.0
0.584460043054248,840.8377715260917,838.9022891232983,-0.6633823717483829,4033.0
0.5545219003223776,689.9299295480187,684.1381625047876,1.3698396192824045,3874.0
0.1184323535457169,225.15092744588515,223.5468936283015,-0.5110047492777426,1085.0
0.650259327141306,792.4416354779069,791.2433564602591,0.668882537301711,4280.0
0.2504062589791982,368.7627839938532,367.9771752850448,-0.6001280918807909,2131.0
0.8917066339544334,938.241224981132,937.657013384545,0.8205645821261998,5115.0
0.4218200953134421,580.4414195557518,579.4333855000738,-0.6932942622117824,3285.0
0.624484935749158,838.1952034160073,835.415788228236,0.20077639133443648,4216.0
0.26092638414150593,431.5500594417599,428.5479013558361,0.10452139796572475,2149.0
0.2539542134102697,406.0228305745222,400.5062463254991,-0.4703366354926534,2166.0
0.8631970612227883,957.719579809083,957.1127918932104,0.4013166415609363,5016.0
0.295853961903348,478.56715443412367,469.9182719580737,-1.8118847289902305,2392.0
0.9953294989609521,1048.1025769509079,1041.4734486904595,-1.2992092051926722,5464.0
0.17662310456998143,246.3018716417865,241.37715382430287,0.9261605846667917,1552.0
0.9324806964544927,998.3097412357787,997.1528970026521,0.3412927998416614,5293.0
0.7934637071514622,1092.6019065026042,1088.6708566695913,-0.41523174805889357,4889.0
0.889130360340468,898.0116880798917,897.8105873263497,0.14198081577256866,5087.0
0.9791999318415531,902.3244192343248,897.9336767438843,-0.7018600861823232,5394.0
0.3269464107169858,512.7841896749139,505.2724016085447,-0.3965756852066956,2605.0
0.8311477919797045,864.9375894145854,862.1096978095478,0.6866295840328173,5012.0
0.12290731473182992,232.70575755317978,223.00053763690636,0.471724692230183,1107.0
0.17680660280551685,318.1103354031896,315.435752836159,-0.8061001262010562,1592.0
0.3221314119801352,474.74726427477356,470.95233627903895,0.8176832752634521,2582.0
0.27490364310726334,390.1598854075098,386.12458683513427,2.2899757571620207,2284.0
0.6418820341604039,794.9739942244494,793.1494641550565,0.5244161130859405,4265.0
0.8653662664296707,942.8612856230503,939.0532992350703,-1.4249080307279713,5077.0
0.7708518719006789,932.1293761133421,928.9563017064039,-0.6093238924476995,4687.0
0.5106605933358442,661.3161955803348,655.0931180366055,-0.55357754049914,3644.0
0.385275180312894,552.9585064756317,551.6298874714313,-0.1660958456032237,2988.0
0.17175119563476404,259.01195762652713,258.4366757042005,-0.5430478865708299,1526.0
0.3073137964085335,455.45143564533834,450.72718537336374,-1.4663690904929523,2487.0
0.5180847563851783,638.2762609007839,631.4916073152867,-0.9692733129922232,3701.0
0.4955124922194085,647.2872767949239,645.9184384277349,0.506254957319213,3579.0
0.12381930309826683,199.93005999306237,199.30393428522967,0.7241772523570835,1149.0
0.2988076026465134,509.1186011507709,507.8851882052408,-0.48526168553673693,2424.0
0.14490157508776524,223.0762479737834,217.2847268739661,1.511068461170579,1239.0
0.09881043055814764,198.07013004571718,196.9524405584235,1.0479741548894659,902.0
0.44461929016424906,628.1139561737152,627.3563140817067,-0.06699710328862006,3269.0
0.02820453230517217,67.94063199415774,57.96975866474596,1.1474010654986933,288.0
0.6549425545103765,899.0009437273054,895.07595883138,-0.6795420160705171,4290.0
0.31366007676004604,448.5261998235778,448.00201103734474,-0.1040661032871149,2543.0
0.17837501953118773,307.99943405339275,306.0052143373176,-0.6415861542558063,1558.0
0.7328296583200581,931.9660819471453,929.6407619063492,-0.77443068732916,4640.0
0.2773532707521714,470.4392085346297,465.6663690620708,0.4234803916211821,2302.0
0.6115629218518662,817.8368738231826,812.1047999682776,0.19978197617968604,4043.0
0.09794644307169842,182.6034503183387,180.76788519155994,-0.020171160361283146,927.0
0.5283240524953531,744.4429270527796,741.7044107407726,0.5210342437224387,3804.0
0.9485221669545506,955.1642443332657,954.6787013075096,0.07323165800537781,5291.0
0.2526312765441706,418.9084124138971,418.29985343634564,-0.04004229397534758,2122.0
0.36809298361979303,642.0508311832058,642.0466003221497,0.5823544957323045,2885.0
0.13519547060885362,233.31109469143428,229.98653516713293,2.0760881029035416,1262.0
0.0024040027482730153,2.6666666666666665,2.393939393939393,0.2685478668827105,26.0
0.46482110766885953,694.2602371238178,691.7587338328917,0.7169653413265714,3465.0
0.6193056825994082,716.5382834182806,715.658460928406,0.3433854411592682,4131.0
0.22346905260344274,395.2395515863263,392.8805856222665,0.9643937991890833,1973.0
0.2829288016054211,434.3949934073207,433.96998893530224,-0.021087244111001748,2343.0
0.5037876239759814,725.1438181282481,720.6303158188006,-0.274737072620949,3641.0
0.14972549798700252,291.9154355115821,286.5856710637125,-0.7280397601147098,1367.0
0.4536464022562421,644.0941543438305,641.583200387656,-1.074830783235461,3419.0
0.38858480356279035,576.45810325919,575.7261283942593,0.08105074125299778,3007.0
0.9003523363409784,1031.9787944910568,1027.0040736012133,-0.17855867111120458,5153.0
0.6004654793488625,761.2878636403468,759.7716434250132,-0.7353383618937844,4099.0
0.4152715857667072,556.0511319377589,555.3996113556933,-0.0005529246204147931,3167.0
0.44593342461984853,576.5112975839489,575.0236682100355,-0.2756598185802785,3302.0
0.1404566732269591,284.681293685638,282.3178679810883,0.4222539851729363,1220.0
0.17012743425416865,331.148136512391,325.04180978404855,-1.11524215247573,1616.0
0.3321009251124981,516.0971760824641,509.06635946916896,-1.0742838310637841,2665.0
0.4884916197811684,543.5417722558617,542.6731961567931,-0.22167689143239983,3578.0
0.7874094222482156,904.7517270166182,904.5170522254806,0.3963171759345315,4893.0
0.30154625389649004,522.1332055726141,519.3415781000007,-0.6522772764044258,2525.0
0.008566580977704685,,,,93.0
0.060356238764824766,126.30772582537288,124.0437728759485,0.7221452406310196,585.0
0.5643726021122512,672.9863946537147,664.4823542812613,0.22530084976158096,3916.0
0.8357792818813092,897.4037832715924,888.5603395857592,-0.04943983271284024,4960.0
0.9722663092102453,1018.8829896653313,1015.6219459855781,0.5573896849535381,5443.0
0.519657686500823,725.4953738639126,721.6240462383668,-1.2400604146401195,3667.0
0.3235255782256655,468.96470566056234,466.87977480439247,-0.6259496060397559,2624.0
0.33888018953398025,524.1045479511482,517.9347997744048,-1.2458611360880807,2731.0
0.8581607627691666,917.8261394662075,915.8575242583387,-0.05695019802583155,5043.0
0.4256631541439527,695.1698713868747,694.066979450486,-0.6115505020533886,3127.0
0.4082204282353772,593.3459260749244,590.6343445168383,-1.2452930809794562,3237.0
0.6429042192991777,677.4235309324913,676.9793224711661,-0.2184686619796066,4199.0
0.47598978403692693,765.3485876566846,764.4283935830696,-0.01820762945550619,3477.0
0.9549208226898176,992.0442638745394,990.2660579937874,-0.8371810043574163,5305.0
0.9613361726221333,965.7051143030452,962.748723555151,0.8067735834670183,5358.0
0.1528106187995385,302.4291668979089,298.3739123154699,0.03685832285376883,1367.0
0.20121231008152585,394.93121613689374,392.91474488909785,1.246047611041273,1772.0
0.6536822621989417,842.110964934784,837.6378784200754,-1.5210155359433317,4225.0
0.5567081729506378,734.8071649438841,734.3273514313837,0.698498987096922,3932.0
0.722961345960529,887.2379141923153,884.7633943955356,1.2734612059921726,4572.0
0.31206838509768964,489.06486165924264,487.8167809073102,0.9599003666070521,2480.0
0.03105578749079385,78.9902962075771,78.4487370466613,0.9470232895220141,326.0
0.07722638929076697,166.9615880193043,164.9861318055464,0.4910339023551666,765.0
0.8228524951717548,890.0385573965382,885.2080922934688,-0.1832580925529541,4941.0
0.4252420738691297,620.1050623298163,614.5390970065488,1.040588431528181,3256.0
0.6506036235770768,795.4796566085541,793.6992731684519,0.2713328413778137,4407.0
0.5696391056249689,684.8785906534929,682.4969208457094,1.5381042554047697,3903.0
0.07160765223014076,138.98723354644846,138.5749598030544,0.45459704751341906,663.0
0.012677338167291552,30.26808746808747,26.33048617338764,0.678257117711827,128.0
0.9229488655629318,1017.2507902540395,1015.5799615900085,-0.8841021994769884,5243.0
0.678590792282724,831.2131111147365,829.8801628839357,1.501538522919597,4479.0
0.354248254129788,510.5408500514379,506.864396852906,-0.6315639581385365,2852.0
0.8993460897941117,948.1526920256351,944.4334651596758,-0.09438262278563006,5200.0
0.9592001674371882,953.7426161690652,953.2430935288279,0.5922405080719023,5313.0
0.7656727088615839,829.1623125037858,827.1126442575846,-0.596347910626923,4628.0
0.7015399463386112,877.8345320871139,875.5525321259114,-0.2081895062726602,4529.0
0.7037956895789089,692.313592150174,692.1630246624196,0.5204160892348957,4520.0
0.8197707884554282,802.8218431116351,802.3256469612478,1.0637228272121688,4906.0
0.5829321485605402,838.8419659929159,836.5608976897396,-0.11523850223489218,4030.0
0.740758277909721,833.5604684205817,832.173561850359,1.0651006931263982,4615.0
0.5511387552997967,653.1107378474054,652.4755544563334,-0.22897516996942197,3823.0
0.5676031266566676,745.2610987144373,740.9189386391832,2.35855323464005,3931.0
0.7538277653658572,882.074577497229,877.7117620341182,0.6337977557922466,4720.0
0.07911832291259124,134.61122451495604,134.14081292946,0.1883965175436554,726.0
0.5920001794670411,761.4812513143497,760.9822582855943,0.36258660993048586,4003.0
0.5517571988997622,699.5543216412744,699.2979322040696,0.7256818036173985,3827.0
0.4134902035705105,645.9703439036517,644.736943978965,1.7255214680621285,3264.0
0.911309485379045,961.8300317041907,961.5632462823439,0.581188055704861,5149.0
0.3524285842014725,494.44064285237505,493.77739784936887,0.6953357264177639,2830.0
0.9116321182933077,950.0170652469792,949.2877957677354,0.15611544821037499,5208.0
0.728247145623518,887.2265708044167,882.4769957197086,0.8330879886421605,4724.0
0.635556642901132,772.3161297008828,772.1736652509476,0.18251498757236312,4215.0
0.9282394479042868,986.7912217840678,981.9175463123007,-1.4087886472619289,5197.0
0.7114781424948498,886.3575533992863,885.6650496738896,0.8797987689372917,4539.0
0.5893727988257982,879.110603408598,875.5525436686362,-1.0990707561242663,4040.0
0.4566963050373296,643.737360587836,640.8377164374091,-1.1606753374886,3400.0
0.07688127501412123,127.54429898946302,124.84181028533378,-1.333457551710514,726.0
0.503039805658081,607.3765833461489,605.6393650977146,0.9834320952864671,3634.0
0.2958181373630241,429.20412343421,425.21675588735917,-1.3891949259222942,2409.0
0.1560423952028236,295.2352038005362,293.4051399608561,-0.609169900013373,1429.0
0.9686333776189275,938.9476245017795,937.1501478008095,0.5093803312172188,5403.0
0.4362259608652753,676.6273671746092,676.4052908867837,0.34786139388410564,3257.0
0.911539866920633,903.5735101511826,901.7005530798207,-0.9607647679842801,5227.0
0.07632755543048986,121.65718409713826,120.93934398400758,-0.018924691997670228,681.0
0.5828603001643424,811.8607787866698,804.1797616603238,0.3810785504388614,3980.0
0.286814181538963,452.55878514643445,449.548352919241,0.24610106839808504,2341.0
0.2564832733252649,365.8038479588977,357.7813272081137,-1.8493101951503217,2171.0
0.6829027681442568,870.6917867133739,867.6794742287175,0.09446651037782226,4363.0
0.2695009676686424,409.61986345760386,404.06107048307854,-1.1694895392432614,2193.0
0.49566912591335577,667.6742134552612,663.2107289462629,-0.42338275106972734,3468.0
0.24320612010092812,432.32394339544777,430.55564254700937,0.055632500538716705,2080.0
0.012936956564938762,17.77979797979798,16.403171585560944,-0.32458360958800686,110.0
0.5917499211698899,793.2213089723366,791.6110114112751,0.2280780430286807,4050.0
0.23837622219500365,341.8055459542764,336.54058114239405,-1.1005004623965844,1991.0
0.3091201746650576,470.56983018180176,469.44923767999336,0.050847835728465005,2534.0
0.3478807009434043,496.2910656525926,485.91307719731464,-2.1759809188314865,2736.0
0.44145311828912304,598.0944937273695,597.4888517488566,0.34397320843489954,3339.0
0.4713582603679509,692.8314714839831,686.8488029180268,-1.0419340309373066,3487.0
0.9775224029337999,1081.813012915614,1080.1581501207677,0.7580225175072832,5306.0
0.0019142335628373752,,,,21.0
0.50617803043653,656.4321421754281,650.5698394538406,-1.838726955832864,3639.0
0.3916176426134863,551.8004524292827,546.5732394989877,0.6950763180482765,3086.0
0.3864364742204388,615.5433203687116,612.5425584978834,1.3309073383087782,2942.0
0.43818926370775013,635.182579710149,630.6039501214839,-0.683939651565554,3272.0
0.6696969613774919,848.0943326182593,844.6893263482651,1.1376697822793407,4367.0
0.2793715040807153,370.66174968637034,369.9404291089268,0.20617710042177512,2318.0
0.9777988166292194,1014.2573903249155,1012.2614369869432,1.0566301461909184,5378.0
0.15418159396472264,299.4368567118828,297.830394216581,-0.23945610093158506,1370.0
0.4292609497153592,637.0715021191515,634.6552274058243,0.33881165400149393,3228.0
0.10736809067970698,167.0101794863171,165.23923183938467,-0.6764847255138209,945.0
0.49400592057026227,663.6962212590424,660.0301451977818,-0.8389908483839043,3524.0
0.47948626436172626,700.8001166553532,698.2712963487273,0.9128722371696456,3464.0
0.46731569308261833,654.6821672799239,651.6997555667652,0.01642409112844036,3442.0
0.7055583915429563,856.3706669325395,848.2479087524008,-1.4457154872014855,4530.0
0.7413060332096456,835.6761250865317,833.4010486258638,-0.2100695969735569,4700.0
0.5385052454037376,693.7554047114506,691.8525177519157,1.0719858283217696,3828.0
0.9157948845691134,899.0696556214564,893.5049084928352,-1.1318572440935115,5207.0
0.2382426594482252,371.69843350387373,368.1851969761548,0.9441671741831872,1993.0
0.867620982817758,882.8169746928419,882.3311617262372,0.6556220219398827,5056.0
0.47100372961499404,545.8712257927119,540.4854412590022,-1.8112223125042892,3381.0
0.4255203591359049,554.4290213340319,553.8586841196652,-0.28002008866145617,3202.0
0.1223417741995646,232.4757653024256,230.10329519816665,0.022649292557434975,1047.0
0.07282370481390354,153.70766016650364,147.48296303926676,-1.7680108813346311,717.0
0.18232818177994636,302.5808404492106,302.4084373997186,-0.0145658706311669,1613.0
0.10436215595378728,190.7372269665975,189.9253513039482,-0.09436915336503594,981.0
0.7221834696328777,898.6986389129376,895.0789000607359,1.2470456414838567,4559.0
0.059200415993804656,101.80809145910268,94.82377686826742,-0.05041574897295811,581.0
0.9452035999084681,1019.0715637368405,1017.9495662398447,-0.14151818811241573,5338.0
0.008619247534894403,24.264950664950664,22.98774855599368,-0.042699561575181025,110.0
0.8582222815957209,869.674267795262,869.3254011102534,0.49714533683454615,5032.0
0.6135365990538153,812.561901628528,805.8601220431068,-0.8132835714227695,4086.0
0.23137730556976543,372.81939918424735,369.81766805393045,0.5639156017312446,1939.0
0.6178194067376611,750.5491880719451,746.7642287670712,-1.7339759650596867,4145.0
0.3120525604747383,476.6836339672831,475.48521491714666,0.06403957875973172,2522.0
0.9985738355031604,1036.37265537783,1033.1360578081808,-1.2883806049424849,5410.0
0.021885701528580492,45.48984545321324,43.95976267002332,-0.8995536506061675,220.0
0.35997977074545595,552.9543124744517,552.3297793453844,0.13055386687347692,2822.0
0.7303431468903645,884.9266670293683,884.6424593257225,0.39908674212811185,4633.0
0.8387422899183773,883.7593489704269,878.0299703397094,-1.3417772475841865,4975.0
0.6108530964367513,815.1034625630073,812.9457931961681,-0.8524085346616482,4128.0
0.3816064464255885,524.1301125568917,523.7571148147018,0.926784492506087,2957.0
0.036464232929943496,75.80663613152633,71.57875998027293,0.14041355652539841,335.0
0.8213533601828829,965.0699672155957,961.7993094401227,-1.506308375992621,4924.0
0.7873685033053788,911.0016120968969,908.3861837921978,0.11998071038085484,4853.0
0.4245533842091844,621.1362837647139,619.4805038183607,0.09184354248653019,3266.0
0.03499478513912302,73.4119736490993,72.41659618383989,0.8514198124306499,349.0
0.9682852875683665,954.5699937438134,945.2860453266975,-0.4378178179810061,5382.0
0.49882648615809444,680.7879954903109,675.1410500205155,1.894380815463088,3603.0
0.8228409818301148,1078.9862934916528,1070.7389944110232,-0.8113554449491841,5008.0
0.823660093476235,848.6314242309379,847.6604990539817,0.4556650499233486,4955.0
0.17746483128530688,355.18108586221484,351.7594323451305,-1.084496709687628,1598.0
0.9934667886849884,1001.0418881202106,1000.1972844767355,1.3499382176661414,5343.0
0.3631471843382198,511.3727622780795,510.94299121745047,-0.036670738347421884,2903.0
0.19493365922976202,354.1550088995862,353.17671718619886,0.9424041024263944,1673.0
0.9743291802610418,992.1901653418224,989.6994931929629,-1.3170854432434156,5324.0
0.38866757138579255,528.7458801827377,525.2299292631885,1.4581161579598427,3075.0
0.5603426840812787,692.5575654447086,688.990941866752,1.60206430880975,3927.0
0.4422180677818893,611.2251400311502,609.6205343962021,-0.43733353727033225,3372.0
0.9339047357336347,951.3678607689062,945.6888500950413,-0.30631598438661367,5252.0
0.29201857779991736,494.7611383905148,493.75749176467224,-0.33631250336619506,2425.0
0.3806668720048051,572.105782064588,570.0116132679592,-1.0442443770565943,2945.0
0.9466064547434369,951.4255221470231,947.6773835454777,-0.5961092039176568,5279.0
0.5828504640136053,824.5093819936731,822.8611822653545,0.8748649347449575,4152.0
0.5858495988247399,728.85621929452,725.8863219237718,-0.4126213793982825,4020.0
0.9335237455180591,1024.7928276828532,1019.8242993092066,-0.9850343119887459,5274.0
0.6670467901223912,751.1541219222881,747.2165433954697,0.6219161817986516,4328.0
0.2697300079354501,434.8704381529388,431.16395023321843,0.031945367012828595,2261.0
0.604935264341069,833.4653289437041,832.7402328473156,1.029882726639468,4112.0
0.2736974802756015,513.5819318877013,510.3116261541276,-1.1968810257878566,2267.0
0.8130382381308624,830.6165305800755,826.2278355687502,-0.727644048296464,4947.0
0.229310701104517,383.2022560310844,382.30657505158763,-0.4070793131022991,1974.0
0.7598564789795847,866.2444718929542,860.8966193436314,0.12764744420345808,4705.0
0.8157543337666697,970.6585532163945,966.9989799849506,2.101634308105783,4878.0
0.8268322054021339,971.0717138873599,968.4429865253416,0.5462355192698917,4913.0
0.6794514511282529,794.390185618336,793.6591299596851,0.4387018423246258,4440.0
0.6416693959892503,800.380853345479,798.7789413573946,-0.6627066263038678,4199.0
0.9314563931616888,1013.0055658451909,1010.9593744343255,-0.8484477171984297,5269.0
0.29319900078460437,465.7028194357728,465.18789777248344,0.7586489115867951,2453.0
0.9661697604208486,959.2766295110309,958.5595202431649,-0.05297149300126948,5417.0
0.3237209176241851,478.8171404966726,475.10996753967066,0.040825001431431945,2555.0
0.5176797903445325,677.3762246816341,674.4531361777655,0.07821782912363051,3724.0
0.3639735426278239,502.8446876588988,500.9536393164536,0.5547316648608929,2892.0
0.6375557860342266,821.3249975388711,810.932108115486,3.2626840484939335,4208.0
0.7352510480941432,912.5640304913713,912.2750883549272,0.5350012205181245,4600.0
0.5941396199437955,809.5242137001599,800.0912339287711,0.1513323076976294,4069.0
0.5074440887319431,666.9942323459259,666.3546558350606,0.45978298928268985,3695.0
0.11052340588443066,230.45607871490756,230.01869516679275,-0.04926844743573788,1027.0
0.8947024604208818,1006.834175504061,1000.469959655298,-0.08133184898649691,5159.0
0.79264820352874,978.8491825056173,978.6795189735075,0.7154963383465572,4818.0
0.7545541115586683,791.7259402179582,788.1892852905382,-0.8739670731420677,4681.0
0.5234380533779461,704.0677382183538,701.2896027741343,-1.0500076700522174,3676.0
0.4773570319769983,550.7457872725544,546.5207236972515,-0.8069783701727696,3459.0
0.06105686615132211,141.24346557663569,138.04108905707452,0.4614028403776931,578.0
0.2604566291852801,449.6401848307271,448.94274173981444,1.1145459710520191,2243.0
0.3454655668716985,554.9950684508733,553.1821773798946,-0.63081513662183,2749.0
0.17613576722095003,267.00868324354,262.9127260998538,-0.45548375856887496,1569.0
0.7354947907240815,811.7979734349968,809.8912969331411,-0.005824423881186641,4680.0
0.3281734076643982,500.2680381603948,492.8576872454022,-0.9115954548475415,2677.0
0.11043672292740492,207.68868706466782,206.16858079414297,0.2598225188465009,1004.0
0.2500980351739599,457.60611632989344,452.1103390750825,1.5540820174114216,2132.0
0.883220754957266,1025.9804233619586,1020.8896127908075,0.7548969819071936,5148.0
0.1610132322436364,287.10035748671436,283.64887900399214,-0.7895628978130691,1432.0
0.38764224125621227,593.0790799799449,591.7118504098174,-0.33002462648938036,3088.0
0.451505546933755,599.8798761499512,597.6244237185184,-0.7222880949227326,3338.0
0.28125726306100807,421.86799398073504,419.7442759798007,-0.620178673610524,2256.0
0.18239833344241352,358.11971462108704,356.1025401192995,0.04494517460904577,1556.0
0.3640603608823624,614.8656510037115,609.0421740255701,-1.4218788978553358,2891.0
0.0863825412776843,216.07256920841752,215.22118719915787,-0.12203354215611695,798.0
0.04938157277960897,77.64175073971482,75.67437932486378,0.7920729498347495,463.0
0.28447502507103206,356.1949055211748,348.0429115886191,-0.4914498518736884,2338.0
0.3339961191407551,523.8753309538769,521.7874743305656,1.7541525469882449,2675.0
0.9906815392751298,1013.6834356490664,1009.5687351833847,-1.2902115455883978,5444.0
0.8500515662824185,1051.3411450720112,1045.8402742502592,0.5501321360434467,4965.0
0.5680085814738214,754.2285963847661,749.0118653046354,0.26981984651775426,3945.0
0.28233064065765057,501.62228395599885,496.6585075794981,-0.713314651175784,2298.0
0.8899402250831192,1003.0462667068226,1000.6013816818543,0.6881982686755078,5140.0
0.6578127519337335,801.7341778689623,795.4920885760099,1.4281900124627602,4347.0
0.06390449713722979,112.82019694998671,111.63448477782289,0.12790612360392778,593.0
0.762554604037527,885.659024763924,881.5507547324985,-1.001009790073137,4683.0
0.7081265967887874,933.6210380372738,928.0500265973914,0.255190635828599,4419.0
0.092231780748525,135.19231229062217,133.6722758950584,-0.09746329265152531,845.0
0.8637647504369018,887.7318241891347,882.9249083296186,-0.845361653095447,5029.0
0.09890589401508709,226.03341146126272,224.0688830560108,-1.2802010644705457,908.0
0.522875946265601,690.6342368049698,688.392016750111,-0.16445382157294816,3704.0
0.9720100350616054,1050.8811179433844,1046.0883641092557,-0.1383098035256174,5401.0
0.3258917937801604,554.1534605023049,552.7010931673535,1.4988693668715356,2618.0
0.3167110232276834,457.8275666270347,447.6969032304741,-2.21955649103569,2652.0
0.5439330570012715,690.7806154153332,688.1731780435155,0.7015965668141868,3811.0
0.9832956566876425,1006.7748403932794,1004.6259573060753,1.1592489577290495,5427.0
0.616717847784997,768.2265586361293,767.2828745514187,0.968766177396351,4069.0
0.13716834979551606,220.11327743756675,215.31424748153353,-1.7530080667345793,1217.0
0.2838846168254562,423.39745311485126,423.26589636174504,0.23342934504230226,2324.0
0.44801455886109864,605.6455534172123,599.3024158327377,0.792745236035868,3285.0
0.1574039043363442,304.5492385124323,301.7073745899627,-0.7696390981336518,1371.0
0.5013921585289948,647.1097850538949,644.985470171576,-0.8354219135168135,3571.0
0.6041737476092682,745.0442730399355,743.0787825599929,-0.7151319242593521,4068.0
0.8362398899267296,900.5775442527488,900.1571636243916,0.9799053031615859,4909.0
0.9345031836809439,881.6298873238466,874.0766320965322,-2.049118431770657,5137.0
0.30221025596757034,536.1032312484907,535.7088291496414,0.8729406505579839,2525.0
0.6671579165314079,778.9904735162346,778.9144282964936,0.39841818295988773,4310.0
0.6319835197718042,798.2849889327545,795.6142485973916,-1.0123392622245178,4257.0
0.6672347936997121,809.9139843476241,805.1106270267043,-1.3553815363050075,4352.0
0.47514678936807087,588.313255537126,587.7578516045777,0.25836925283521356,3511.0
0.06995314836155853,87.6221830258309,85.72104381494202,-1.2082881571509512,645.0
0.3622318382501645,473.7993258723223,471.51081605826045,0.2828249474161773,2814.0
0.42834226444367585,708.799385383178,706.7272745661379,0.4052804724991753,3269.0
0.9274591031726214,975.5001099857305,974.168269760177,0.3885298396026632,5154.0
0.46870664468908807,615.5689453030127,608.5591229080242,0.6891978382993647,3453.0
0.25631270381643256,474.75418546145,473.18495323841597,-0.6354285180492532,2130.0
0.23827249211955026,388.1369053077132,381.6818623628913,-2.107710121578056,2004.0
0.5187658911101143,701.6613662103437,694.1429982477166,0.8821935963298921,3697.0
0.9424731299937724,1017.3103791758532,1015.5958938372027,1.1381636934600534,5254.0
0.8148840546452647,779.9979058165665,778.3405830919182,0.4944315762352555,4952.0
0.036474428553717186,102.40551597532034,100.72776127352503,1.421957691363644,369.0
0.3988383419011947,582.1504429755814,580.3809469442442,-0.5342124554197404,3054.0
0.17473888613036137,290.60836093410296,287.8693606454122,-0.42468674010376606,1487.0
0.25524209786066687,367.80193722948746,362.26274403025707,-0.20335556046188713,2112.0
0.031436680007137396,75.63646818590215,59.834054997381,-2.1673952828440637,290.0
0.3492552244405933,631.0256934382988,630.2440934239531,1.2433454609991148,2783.0
0.3528307191476394,528.8705146270834,528.3670449115457,-0.2155956963748943,2809.0
0.553019531283121,711.528895380985,708.6744362195554,0.48760019044297925,3911.0
0.6219543153182043,811.338301490304,806.5218611884277,-0.37106351020385253,4158.0
0.4985703575387639,667.4144320594672,664.8572216137338,1.0545655781450645,3561.0
0.4319010008919083,617.4240938666122,614.5616113429721,1.9561544805194473,3293.0
0.17788893636421155,283.87228357647234,282.66882764955716,1.0612392430369657,1529.0
0.8076734617498964,901.0478682419932,897.5174951472965,-0.6544032901749737,4822.0
0.9214062182638707,963.8410044830831,962.2234347632532,-0.8646840077629052,5272.0
0.14390058935907868,267.4755960286015,266.4594922867224,0.18533797622397374,1324.0
0.8126040050172998,934.7538833752589,933.8673016510388,1.6086974201724005,4855.0
0.4456958536270399,600.9113016044074,600.1878092491752,0.1447618336248501,3323.0
0.6409949742427123,834.7416856960067,825.1614992305567,0.5813028222977852,4269.0
0.4600728764661254,655.3044637723269,649.4601932081569,2.154667063897888,3425.0
0.9642732792581058,992.4654164607584,991.3304226390037,0.4250110535204268,5410.0
0.927348905525863,931.5309803689979,924.4450357932777,2.2835573301982492,5221.0
0.34829387832721415,467.70910342273135,466.17401601900303,-0.9000516421248461,2792.0
0.12387482739661615,206.57047026882452,206.54998686120823,0.3098845743618489,1142.0
0.30028117614764027,484.428063539824,481.19035044270385,0.9423757446781003,2493.0
0.99063881348542,969.1297047634172,968.7258261584203,0.12798606333688126,5353.0
0.5064856615285799,701.3337190416944,700.4174085773226,0.49019618935710724,3675.0
0.06473926461914226,107.1968243482539,105.65501164743833,-0.27587915553443276,604.0
0.8096111129449021,853.2462940583247,851.6254000806675,-0.4969560956178551,4913.0
0.16593562145502128,314.2152426548212,313.5095224478766,-0.7099647805915281,1471.0
0.4588025746494956,662.4690060360194,661.8812323070647,-0.2522312612595222,3335.0
0.3642922166983191,519.4978326674415,516.113995858702,-1.319293639228573,2840.0
0.779050254458822,941.7571597230952,934.4724794599381,-1.093039643169505,4764.0
0.9199506908355506,1051.3773894659935,1049.987948879699,-0.30022600906992475,5269.0
0.250888213809501,443.5105152732544,441.36717198447946,-0.25994122834266525,2122.0
0.6765050728050809,795.7882610851418,788.2278104093829,-2.3919956728136396,4348.0
0.673259470015371,803.58534201227,800.5945900422198,-1.0108487561004553,4397.0
0.8110740912825548,913.1547630271035,910.8342504096203,-0.26035970068929815,4876.0
0.6487277655071089,801.6072230642668,800.247495837153,0.7212968561480843,4346.0
0.16115445986338417,308.6795141939927,301.8085630091191,-1.8032675063164278,1461.0
0.8572509292760329,1002.6683113634726,997.6555884130755,-1.1620133266064767,5007.0
0.6391616001109903,794.2034614321155,790.312903869184,-1.0125574543497633,4255.0
0.3399801327741725,509.88178158190664,506.2894527366355,0.7932102482155121,2655.0
0.3520625081381482,496.3770940481739,495.1829811855501,1.1039780026572523,2779.0
0.05633524909637089,75.65809301862822,75.12674743643429,1.0469051398199871,513.0
0.5283985543903388,685.0573209852264,681.0356233474012,0.4042405938527055,3768.0
0.9218580212919031,983.0537442313139,978.8400196978471,1.2572131128815327,5188.0
0.361916397475192,503.9888678189232,501.8305161487438,-0.6057172832870594,2807.0
0.15960622645858102,301.92704710867616,294.9201232241864,-0.32521655191211246,1505.0
0.01197805795007445,46.185957317536264,41.974621034178526,-1.4131687624058804,113.0
0.9150941528495437,1040.7428155051664,1039.4244658060788,-0.34810774707253955,5298.0
0.1598888949888464,228.24063623165918,227.42562428598472,-0.7123735602119398,1378.0
0.7872221826803009,892.2346650235457,890.5345509105823,0.29796738544594636,4722.0
0.8852075955567597,968.1397916514319,964.5430088862512,1.579425227497402,5091.0
0.2369560938674088,363.69790068935254,363.5855034076401,0.3979297065767248,1951.0
0.07043453077624873,118.23124689215867,115.05636242608921,0.6893540033543245,640.0
0.10165700322841309,158.82516389455495,158.58302056369678,0.15556242763502742,877.0
0.39169228033465764,605.3228063835484,604.7867301197774,0.652210415558409,3090.0
0.7933479006848116,875.4109466632897,871.1396284513802,1.0168638044855958,4873.0
0.9891811884952335,1000.0603792887925,999.104724627436,0.8370694636156106,5445.0
0.9498220372411788,1005.9523815778983,999.2717227140578,-0.7094667387699678,5237.0
0.9640644607657487,1044.4278554459734,1040.2064729783472,-1.177650738871677,5302.0
0.15310861045520163,226.64828102743533,225.68526858294797,0.6578917077320129,1333.0
0.08470006548168385,195.4644565650352,195.4292390543087,0.37180431796777275,824.0
0.5124375123840006,807.7178117714076,806.7473698206389,1.4265755986593815,3677.0
0.5834914337232489,840.0389804059641,836.6385811146151,1.7862575057012258,4025.0
0.4801683778933531,715.5759174823313,714.6463910527256,-0.2814504635952558,3610.0
0.5947271283295378,780.2238648309329,778.4387619507814,1.552696762493416,4073.0
0.7454977247783581,866.3933332847404,862.9640411720865,2.2682384887961398,4708.0
0.4424422283480204,696.8527470604032,691.0589249434299,-0.3447296841540763,3355.0
0.006541957852818525,13.59308970599293,13.126084548643151,0.2500248160411403,82.0
0.2055460799502623,312.128676656183,309.31695787853664,-0.030564289513169952,1811.0
0.6217500589862398,781.998502173367,779.0322399185433,1.073558103682337,4225.0
0.24177759057147785,464.23526464284214,462.43415026594573,0.1885960065160188,2063.0
0.8559116878429386,923.4853301410393,917.1397920442851,1.1909958298479166,4965.0
0.629978341811358,800.8579871642735,800.5836659307297,0.2527080055921988,4209.0
0.38731339769121986,635.3076321926919,632.3002354199037,2.0465974312260116,3095.0
0.3736925064563529,618.0825343776747,617.4681802173667,0.658647092144118,2971.0
0.3715634255794156,550.947470564113,549.277714059561,-0.6311053298573042,2976.0
0.6206677971581711,815.6835554964836,814.5822490577065,-0.4536283207259,4161.0
0.3229064072687151,509.8424487665513,505.2524000822331,-1.001361540277294,2674.0
0.22740013180027818,376.1415565635671,375.7161006305085,0.5856836455271188,1996.0
0.539180749261081,688.1508578933475,687.0806950758843,1.0476208918598566,3842.0
0.6844206650638659,831.8844571903737,822.563663495137,-0.7904679373048207,4443.0
0.2817376925418228,438.2823382719484,431.98990604361524,1.6658997601521828,2366.0
0.7246297040585702,798.2018227433844,794.238062856055,-0.8231405536865354,4574.0
0.7841452575964629,889.9339728370817,888.6868736067958,0.06332804430949579,4772.0
0.4437243247692544,605.4817815965085,603.7379740338831,-0.14734412499579386,3303.0
0.5323636324910211,726.3654150077497,726.1042825606168,0.5211892168034438,3806.0
0.32237690762085547,542.2801439430804,541.5722483041828,0.6449488154297726,2581.0
0.0408339278099733,56.77534856859996,54.76700168787421,0.574643258390814,375.0
0.46585408659686656,662.8250070104084,661.0076386568971,-0.3793363094820532,3385.0
0.21187571860585408,362.31208599175756,359.68658383812266,-1.2272715030178238,1791.0
0.6231233656902445,848.4813771833992,847.381308781253,-0.24110164331665174,4154.0
0.0026467093420561305,,,,27.0
0.7594217361073898,799.9414952567747,798.224111195684,0.5487777417803846,4703.0
0.9260127230091949,958.0622220660869,957.2511982266875,0.17203520563247487,5237.0
0.013286324737357802,22.41154401154401,20.557818983778763,1.08286407818554,132.0
0.9644462434005112,967.0636072761728,966.094151111885,-0.3942911328949601,5416.0
0.9970233163243225,997.8463540071244,995.8049953245908,0.8295653385033337,5437.0
0.11833762671003256,155.54526024903154,153.31744410385744,0.5541469877313869,1058.0
0.3881278704340405,538.2427694623542,535.1513406724528,0.6214258235155502,3009.0
0.12288270095851239,224.55523734090144,221.72262405640993,-1.3694396112362408,1113.0
0.3474284658710859,622.6434085475586,618.5983119762025,-0.15189943136593723,2801.0
0.9527497662509403,1071.7750761338632,1071.226919210543,0.538736271009074,5332.0
0.5110855379157491,700.9702751656681,699.077659824261,-0.40442047598663317,3749.0
0.6822336351644986,821.3842196819519,819.6244420280713,-0.1641740134495989,4398.0
0.9832021947533571,999.041427032118,996.9940325120081,0.10178391383730212,5426.0
0.6423264268776937,867.4810460235051,864.563799166046,-0.09044470905390833,4291.0
0.44774678079872743,663.406370646472,662.6081872962143,0.9463583324880307,3346.0
0.9804787550173519,1032.8802508501383,1031.158939767331,-0.8221581219611221,5415.0
0.814861974919815,970.3105448384078,968.5542223535675,1.8950589782456757,4957.0
0.4834539974287364,642.0216930249488,639.7841777598817,-0.838724543730421,3567.0
0.4409355542631418,617.2531342792505,616.5875518033406,-0.13879415868048717,3340.0
0.9061547443569281,909.4265731299622,908.2628461647688,0.7546400402687127,5110.0
0.40601821151778883,620.1254278096011,617.3315933404658,-0.648507327781989,3099.0
0.9850033607471872,925.4754983915965,923.5080792934998,-0.33714165438575755,5442.0
0.9378304833153623,971.5616013147635,970.9748034175492,-0.27751788629437174,5264.0
0.9629554341340825,951.3653492959996,942.3478177852563,-1.8636374130707876,5311.0
0.489181904064534,776.8501816207167,775.2491516443522,-0.6015663544196903,3537.0
0.32716463765009784,495.88872457144004,494.7732585741818,0.8716727022462091,2631.0
0.09750763650025962,174.91352283472872,174.40308405415794,-0.18953508422610377,915.0
0.22841978057315981,424.58930357653264,423.8694160305468,-0.006170787234930228,2010.0
0.4796381191580048,656.4572182877814,656.2014968019216,0.28235453382251663,3488.0
0.11640936452005723,242.52981366459628,240.5957484228485,-0.5603821413469637,1061.0
0.4858675620084306,663.2459427457958,658.8137186978272,1.008489353969887,3498.0
0.21012655238609046,323.0494078535451,320.84192857234433,-0.9274671571493611,1824.0
0.5657245729098851,733.8020237411524,727.6366028815432,-1.6386025778783126,3880.0
0.07564118650265217,162.58221282157936,159.06170796150002,-0.09067922490401945,749.0
0.9767395532275059,935.4451078517917,935.189256257142,0.06799784932926728,5400.0
0.028279414766452016,54.590531500967934,54.076121436932084,0.20708076684328305,279.0
0.7052521538725951,864.7648051577086,860.7020342175077,-1.1260273424557803,4557.0
0.4449807431672307,556.9612999473622,553.8290600921218,-0.9622985301300997,3281.0
0.143587033869378,238.39360083541396,236.0527900281788,1.6711946283724515,1269.0
0.18331912881065737,300.1998494431348,297.3009279108305,-0.6898830003035011,1615.0
0.34532965556523043,498.6039623447382,494.2561213406575,-1.0474843293254563,2721.0
0.03952651456847067,65.60787590548793,59.44621908402398,0.6506197001723862,394.0
0.8880627060102032,994.8326202082334,990.7616971818155,1.7864112557959972,5096.0
0.6811291204414062,771.4757564651765,770.0251014886696,1.0166164307899528,4372.0
0.5064093994903576,665.2756871241193,664.9542575475673,0.8109803738782393,3645.0
0.04910316106289958,129.02997195765872,126.09036991970183,1.160737070993143,511.0
0.03558052131894307,83.27717958086244,79.57029270997033,1.8584828071783868,354.0
0.8045817710128417,955.5429778802134,954.5044728175222,-0.05618254321806417,4873.0
0.7770918596740211,870.6278497726507,861.4811131090008,0.441711702673181,4676.0
0.7136218694746426,842.2255352657168,840.216301075724,0.2900745603918925,4609.0
0.20835599938847693,406.009847805976,404.0602621206098,0.34297530942085735,1833.0
0.04477083914821389,99.59234398372215,97.99481286032112,0.9701865746190137,411.0
0.6459466239242881,813.9463360315651,808.8769864264268,0.3065520455740154,4379.0
0.749603623021536,861.1174219304618,858.1806044639553,-0.08734625816701369,4552.0
0.16736861904095757,313.58877406835273,310.97330151313076,-1.1008108377624737,1520.0
0.6300805394811805,839.6123490095657,837.4266939189648,-0.29962605202331566,4314.0
0.726626812019757,901.6764014877145,897.3388567739329,-0.7199764610131884,4608.0
0.43498390005688703,449.526445767184,448.4373132300525,-0.5729150893487799,3244.0
0.8294301137133214,917.7242749933803,915.2182959782759,0.49519602344249924,4943.0
0.6564969588404288,737.1339301126325,730.5124129137159,0.26255982671611416,4262.0
0.8050188889573694,901.1011750703019,899.223908813234,-0.4580216195813256,4845.0
0.3613461728721167,516.6145871860949,516.2047059734195,0.2826161732795675,2853.0
0.6475393601481203,843.5709916522484,838.3266064665123,1.087495198241058,4283.0
0.1693964104200929,277.64286065253026,276.43688827342976,1.0740543977719827,1508.0
0.00439731708628055,,,,41.0
0.08516691610589722,164.4806868319037,163.31397409494448,-0.44540743125061566,823.0
0.130917833416756,201.84551892594308,199.39483510919808,1.57343145399156,1180.0
0.013068792369416826,24.239113827349122,21.160340064552734,-0.7393514217018928,121.0
0.7066504714958313,856.5404964088046,854.4704940785099,-0.09346671959957564,4525.0
0.18989009629643694,304.334230912549,303.6622530256883,-0.4560729593225879,1639.0
0.8441044827165535,850.4072371440081,849.884516461045,1.0455909701766972,5086.0
0.9235236982050931,1041.624218293718,1036.6361870455682,-1.302297663680684,5125.0
0.9551289216031627,925.6968945131055,925.3448233131791,0.0032133383328377435,5337.0
0.06988507464087701,109.91676091225573,108.055130507402,-0.495283193570267,649.0
0.9539796521395513,920.762167018469,919.0208864057748,-0.7954341360104105,5308.0
0.6919737011727112,888.788573601673,882.7282247668529,-0.4460407578030917,4494.0
0.8005301472847568,940.3633935691893,937.8963120275965,0.7256632900905658,4956.0
0.6223254104606666,782.7203492634735,780.7289517578392,0.5071342942675529,4237.0
0.918158557967279,982.5082527784518,977.2875503480951,1.1874943816466106,5316.0
0.27749383358221846,359.46455512775094,357.63360998541634,0.30758396104504343,2321.0
0.32072792175072984,457.83187488916263,454.27356472548684,-0.9831679857647895,2560.0
0.7191335942586532,822.4257949990181,821.8596942366127,0.8618129648847165,4587.0
0.0484542839158133,98.289670498603,95.27055634045689,1.0249169881776703,481.0
0.962609663840799,1082.3144307186742,1081.8455790352957,1.4025718031119565,5344.0
0.6626463781883211,743.9356046724556,741.701535731284,-0.11394079012852955,4266.0
0.4721718906554492,608.0657201648662,607.4105092773094,0.4059825681550456,3449.0
0.450350718990873,612.2429760589878,608.1781548578472,-1.4086314812215506,3367.0
0.5038017847982965,674.7586397267763,672.1078862680318,0.6462357292152123,3598.0
0.914693074433696,953.0148673853673,950.6885722858577,0.5612124200345985,5198.0
0.9678057603944016,970.2514413931169,969.3420010934008,-0.35285271314222294,5303.0
0.8618217555703541,908.4000040784584,907.0918214223423,0.9638891078120025,5039.0
0.5817589122766826,700.9928569326784,698.9888604321662,-0.1093000670739345,3986.0
0.3546554470460761,527.6741845213666,524.6938267926334,-0.6111620728267743,2782.0
0.5416868087560789,704.5501432915133,702.5008966268699,-0.2252434412747802,3835.0
0.3031494243881071,504.15617050283333,502.78335551565016,-0.028504708768505648,2512.0
0.782767744159754,834.2248014991288,828.4018974776734,1.165873005300675,4773.0
0.24685934325716907,377.7717430596767,373.3107861050985,-0.26657884179375596,2046.0
0.966557101347772,956.2524758503938,953.692841538332,-0.9545250734411216,5276.0
0.7551158174976198,843.3843497812804,842.9218214187545,-0.09060555148259503,4691.0
0.1592960334372686,265.607669054903,262.2363277831037,-0.08468089836298624,1371.0
0.7710510135603871,942.9800720515768,940.9747708097055,0.8962898383394244,4811.0
0.3024345297637495,524.1776651166697,519.8866084493218,1.2204715052937205,2531.0
0.7313477698182281,840.5517229106217,839.5775896022677,0.5469035657976413,4679.0
0.9676573150623369,1005.8163331964785,1003.3074992657224,1.197761808270384,5371.0
0.816042632619776,911.7520453357514,908.9705777672699,-0.9849089687209639,4957.0
0.16655092907261837,272.65424774430346,264.82527726834223,0.749731068151306,1491.0
0.651317952774804,722.332136907483,718.0214474066726,-0.9493601621102162,4301.0
0.578383525418307,749.2891182365523,748.3069876595484,-0.23385799951478572,4027.0
0.6963872155220232,748.582425570603,745.0804186864301,0.11509645579820649,4458.0
0.1855609218237534,331.8666116596115,325.85918183564723,-0.5354699992244766,1713.0
0.5091984844851274,745.7038493734179,745.1560928389948,-0.4975227575857869,3684.0
0.8687088347657653,955.1261105537009,950.3597747231959,-0.22536717604308854,4949.0
0.2520569060619873,384.3511956070539,383.624428548164,1.108597653516216,2097.0
0.5277893923699617,731.5469326123188,730.6134051178628,-0.5949421509435722,3785.0
0.7652374807282987,956.3019703463144,954.1626920966789,0.4197312784990761,4748.0
0.9025115321507594,1016.4337509955258,1016.3816652619538,0.5751761364053805,5221.0
0.26753744558277814,396.7029944762632,388.85138211628765,0.5524695470863157,2244.0
0.9385565275873533,1107.979534370619,1105.1218398789144,0.6322501199143191,5358.0
0.058793717813259816,120.01462278456339,117.33378095695687,1.1364503746093622,572.0
0.9920842672875829,1032.0917847326411,1022.5162655454776,-1.97080080314755,5415.0
0.054122721507664395,68.34409757054917,65.97269732433779,-0.926002280109264,522.0
0.7284219785261865,787.7143787518457,785.312766359709,1.7507868100650743,4613.0
0.7971082569128191,885.5291012390837,881.5299267157361,-0.4681671291051199,4858.0
0.09092884728008421,201.4346884321816,196.13029535220883,-1.6465713623060336,870.0
0.6565448895812377,923.1732942597018,918.7317830234782,0.09875428687652507,4304.0
0.8752215967672435,1028.3852904520468,1026.609897884929,1.5545439170313555,5099.0
0.03932306032580957,96.56995504264117,96.18583072258966,0.3958641832898162,409.0
0.47517473441316704,750.8682377456978,746.1766089801395,-0.26462294432436484,3567.0
0.32685300298326225,486.203848886841,478.7562335400774,-2.6610917560979126,2636.0
0.42468189621746855,652.2163976659798,650.7840493144498,0.21873190727379022,3278.0
0.13284910109775094,252.72161866523047,251.96109218958605,0.11291139524916441,1209.0
0.42346614772572555,594.5068127721554,589.9836240753093,-0.0241650796920313,3281.0
0.1402600042583234,185.35763176549892,184.40550717828438,0.7111451584184781,1273.0
0.8975874930202142,958.3442202174676,957.890418829233,0.3690292052492991,5237.0
0.40999811984458945,606.0129148643045,604.7774321199382,0.949065374293898,3126.0
0.09401468013697023,150.14806912994064,148.2971862716839,1.236779283655236,872.0
0.18214996830748176,285.8793564737562,284.9080243688882,0.3163113785178362,1584.0
0.6965991235284112,812.0552817791465,811.9349708635274,0.2546124446606096,4493.0
0.06282932050745538,160.19285230830542,154.29521785587056,-2.087224273253069,598.0
0.1907224098003919,366.31183887504216,364.0904867460148,-0.7244227445451997,1700.0
0.747521511083564,835.9578158603409,835.6698464414206,0.11869377961702902,4690.0
0.6288110601042757,845.4046826617625,843.8318664199364,0.6820409628859835,4195.0
0.739337661665488,875.4680859328898,873.4281934246012,0.6402484071682215,4637.0
0.2840498850937554,402.17860679069867,401.1613652682305,-0.5106832907562363,2379.0
0.04872652047498993,105.65971219473707,104.34879633971133,0.9970186589124138,477.0
0.31293168572698626,482.2607091808855,478.0784100084475,-0.983168009897708,2535.0
0.8855481948591387,994.2369892523624,993.5654126159646,-0.23676333800331115,5189.0
0.8536762055135061,965.7601077865428,963.7167726334033,0.4154490919580427,4946.0
0.5316001294448015,663.5933212442031,660.9055867163967,-0.36275926779962886,3733.0
0.13589750848464022,260.61701822649553,259.8162637813685,0.014258743553022124,1206.0
0.36318301326284397,585.8344192487391,581.2087010988462,0.39732601818044294,2922.0
0.3676393426362119,576.3073928889042,575.657827311891,1.24230356570154,2893.0
0.16751609674549672,260.54182719736434,250.89132160410927,-1.6676101630965752,1523.0
0.02022421363455551,,,,198.0
0.3942356294993734,581.1022187712597,580.44542656413,-0.3282161157880593,3033.0
0.3202246991310721,452.1477247490441,451.0446143070418,1.3589769963319251,2571.0
0.5445841289740141,762.7036166856511,761.0320337667388,0.6694423644458588,3863.0
0.041030676292824864,63.01619600471768,56.235606006969824,-1.029178516947976,403.0
0.2284188768357872,405.553662830952,404.992350626218,0.35440395927357904,1990.0
0.4839869396228925,666.4600258060519,665.436168262013,-0.1448195069347635,3534.0
0.1758999546869875,286.0913408050407,283.3442200270136,-0.5025368334589273,1540.0
0.641983864232405,765.9678920396352,762.5610342165767,-0.5305054267855418,4238.0
0.7674665198463853,937.6505793384322,930.3321224265374,-2.064244963209659,4692.0
0.34794586715074727,451.4799237852455,447.56833293070156,0.22410800928340044,2719.0
0.41689105511973334,566.4896057780642,563.3896389743737,-0.30227832540990845,3069.0
0.24788939550210254,410.8656685238569,403.0635719660386,-1.6489114999629753,2111.0
0.35995968283988844,551.5308842089502,545.1140279739548,-0.2444786482702586,2849.0
0.7657101957756324,875.4734241573891,872.939841563033,-1.1325046999585686,4705.0
0.2674974335904109,405.044068910166,404.150825355228,0.6210688986393855,2297.0
0.28421343282142697,412.7509759375045,411.5790983500138,-0.5770887632000082,2398.0
0.7661313222117764,919.582631268697,912.384813276709,1.2438470666382604,4735.0
0.9125726461266181,1098.2267205257217,1097.7631087162551,0.25924343970960906,5279.0
0.06723943172550184,91.78082208310704,89.10275761461523,-0.6151249057478665,637.0
0.47756495190792647,639.7539696637979,636.9126473080811,-0.8582995399012304,3563.0
0.9116219166737927,877.564213272812,864.0837415355354,3.3468764651015803,5160.0
0.8369968923091279,1036.8288706427659,1029.8562709971834,1.9321505511585362,5025.0
0.4521588753546385,577.5892383897485,573.7886231769451,1.359942413951217,3330.0
0.17040993687873973,253.34081116928556,248.63452829760064,-0.8925485905729512,1474.0
0.6799166508370991,844.1470173471898,843.6274298249742,0.17377652183379036,4472.0
0.39643223003151995,578.8096105120638,576.2914571422552,-0.657598141701782,3049.0
0.6453829370357543,821.1140573839987,819.3257208037021,0.7132098090525757,4280.0
0.4263741539559681,587.2406954514237,586.084504111782,1.0752471391433847,3233.0
0.23704661151410455,378.9753062323296,375.02863668859834,0.9547961924368192,2013.0
0.759127246682939,851.3482605322632,849.583015918767,-0.37620461897066415,4726.0
0.34851033610990445,521.6386599403586,514.2226500068875,-1.4894822428896144,2808.0
0.6226685522972407,807.2377768673468,802.8366637202131,-0.6556894881722556,4257.0
0.9024144183335326,993.6349455774258,988.3123797356391,1.960900322778849,5140.0
0.19455513556140236,280.9742452785836,275.93394127787394,-1.2265374534776485,1652.0
0.33361945620124045,473.99541845057075,472.6085599883111,-0.6761147552624764,2679.0
0.9441781172967849,951.8151785365521,945.6234616109047,-1.9043782083965588,5258.0
0.8841771404603771,988.3887267138069,983.453769386432,-0.15606617549861418,5078.0
0.5555322085335368,796.1401487838518,795.0996909653433,0.6481821579030761,3904.0
0.18104834737777042,328.45867626171645,325.8573757830174,1.3080476939020669,1602.0
0.41276318901968634,606.1397468598167,602.9576160034496,-0.6137205050320207,3153.0
0.08679790348521099,149.8754356486615,149.09729079615772,0.5923737895320039,863.0
0.5506423882390922,763.6700191066911,762.3213027755695,0.9069450177674165,3892.0
0.6979290464447993,761.5602012745162,757.36997462396,-1.635116414471681,4419.0
0.8109184719348861,864.4911857621705,862.0142443927473,1.4202316255258527,4879.0
0.46237824267702277,663.291962959638,656.2754379627055,-1.5324176953654451,3469.0
0.9865758474707434,1019.0746451161463,1014.9201362322668,0.2538164159552204,5435.0
0.12809638036316606,191.91961196178812,190.5912926857783,0.87364812265121,1152.0
0.11961538014273465,235.33360873479373,234.60726240545335,0.3369599047796139,1099.0
0.6347479423483953,776.2474662722664,771.2249405429833,1.8643386242214997,4226.0
0.7608888886626995,843.0857303100038,836.7795034191074,0.11018443758615833,4673.0
0.17547510439464464,289.6094171787069,287.4599434251082,0.06031004364227373,1573.0
0.27855696782307293,481.06398441782727,478.28403283355334,-0.02615863738094164,2325.0
0.7114263083509795,828.5667648855525,826.9879174452437,0.1751820330080599,4532.0
0.6541407803549211,782.8600356508032,779.8972883117046,1.4124641712822015,4351.0
0.9113348222042461,920.7835739635346,919.0107571924228,0.32912656210229707,5114.0
0.22698561645638682,368.770639245565,366.43119297582393,-0.03303750036185189,1992.0
0.0869719889638606,129.7368754561787,126.49426200096991,1.845227455194362,825.0
0.8704178465889902,999.4908811063287,990.0298300917178,-0.6495272204748486,5108.0
0.7102771883033658,686.1040864181373,684.7724261201404,1.2053024458457944,4436.0
0.03651457412262171,102.44141453648237,92.90979402143093,-0.13559852287094476,380.0
0.44499944657214796,621.1196524118191,613.6211884696205,-0.9025925201889505,3327.0
0.49404262235371144,714.2364798185253,704.2799366417033,-0.370475349525398,3633.0
0.9460185925325691,993.4525515274655,990.7966928293173,-0.5566922547145197,5353.0
0.1305215909079328,238.51567207692105,237.5775112306294,-0.40266185327120213,1214.0
0.8803350578643916,995.8879135669476,993.7793907936448,1.0953892905660132,5218.0
0.31607244839775395,531.8659006264861,531.1467446828518,0.638531613904913,2522.0
0.9246722232244738,1015.7729495955346,1015.0049895836398,1.1268093825390635,5203.0
0.9444679063797032,1011.3625629308252,1008.6753273264452,-0.5170744348275601,5289.0
0.7843294434040428,943.3018499401668,941.4385154370912,-0.4111409183423043,4775.0
0.005852351030951941,,,,53.0
0.4246285411162001,622.5313377186362,620.742103688133,-0.4795956047525364,3189.0
0.40265302831157124,576.2854307107542,571.781069021593,0.06583289015012324,3040.0
0.9600543040901184,997.009276477353,988.0480125960115,-2.252103313352097,5346.0
0.8572552230617044,870.2006204501214,869.7856582367883,0.7901365522883076,4955.0
0.5558201802769297,756.573632536848,751.3766837076258,-1.7370806979061648,3871.0
0.1344647384676686,234.04897488182797,232.78915996721253,0.38199317411127626,1168.0
0.8422896857318037,921.5499443505197,917.323119561456,1.255347831346757,5003.0
0.7365647444504174,843.9911006863424,839.4326700709028,-1.4039296557437666,4591.0
0.9981194594011588,974.7660597800569,967.7400947822998,-1.7236474282851126,5443.0
0.6530709266754273,773.6033589060918,771.1473875859577,-0.6527118674923353,4397.0
0.6702872418355728,855.2120385018384,844.3529778786894,-1.692615632309137,4374.0
0.6452359460451574,759.448801719769,756.7426246857893,-1.3419704767767326,4324.0
0.8097724029960781,999.192177723836,991.9493695165894,-1.3934558380615927,4928.0
0.37240418095052163,548.607940375748,548.2075221637638,0.08803991950487408,2798.0
0.1707160098643502,307.16811879568513,298.5503386992597,-0.0958937789163438,1531.0
0.04709507218285014,78.39032168234206,77.57554974032831,-0.5684164287331235,440.0
0.35249298922011607,531.8776864073244,526.3810517976744,-1.8912196134021697,2753.0
0.11356398405256452,174.26248197139557,169.25600081624015,-1.6352215309980087,989.0
0.22920541512765402,378.85040130802867,374.99570662717764,0.14147905150693493,2043.0
0.057539057234422986,89.7523390231317,87.32209767921694,1.820140597072819,584.0
0.889802170108263,930.6265653091249,929.3067679814194,0.8084282366114973,5118.0
0.5345153125606641,671.1201892312972,669.9302973876825,-0.5598973067433782,3751.0
0.12054542569863047,217.61654392926997,216.16570765391634,-0.158840775830724,1094.0
0.34171431437376387,452.79993984070194,448.5720684546489,-1.315507911156399,2725.0
0.16511716199835902,278.26018728791087,273.82018003469125,1.21082208389016,1460.0
0.36096645649651893,562.8697533042126,559.771725316133,1.1146686992936075,2869.0
0.3003698315353419,453.67356572288605,453.131488044119,-0.1720560426654832,2503.0
0.6383844277417356,758.2764490553145,755.6024395305598,1.4109290336723197,4172.0
0.6176608512796921,803.5559704758696,801.8024767456048,-0.03273125389200778,4135.0
0.7153171141968565,895.0266600343334,893.7021846997525,-0.23853120198312214,4690.0
0.8341744334513594,911.5109093996234,898.8649422355612,-0.6497324246893634,4995.0
0.8876546607140888,909.4793088824472,905.2818888190702,-1.3954773499888062,5144.0
0.9555000753638437,946.3085758075674,943.1305993951012,1.78178791217176,5206.0
0.7303856079942566,848.1754043793815,845.0308572499506,0.5904727801310831,4644.0
0.607525844882641,760.0216264859082,759.820099564029,0.3568165999794635,3970.0
0.2854319014573622,454.1855747371044,453.4632062941661,0.35149929358531434,2378.0
0.41264018085326926,557.8334181906538,556.4717445154904,1.1558513817977392,3007.0
0.6863774364978759,847.3917242618226,846.5959300243481,-0.24304842169522672,4472.0
0.26428211655141365,425.47616047250943,424.23955039384776,-0.519419323028771,2216.0
0.9766201449941899,1131.950523443774,1129.780234837123,1.3920641600579693,5446.0
0.8157766395962619,938.897652265492,931.8734196396231,-0.659402104788483,5008.0
0.4357369419615348,707.4187449086462,697.7404248493189,-2.3596376247154067,3226.0
0.5235107199078771,748.5525832129374,748.2228357772426,0.8782776882567811,3705.0
0.020768522109947285,57.47192344594254,54.498420059165255,1.3800531680664148,208.0
0.9562341139981213,969.0902573367457,964.9100098351524,-0.5210843348534447,5340.0
0.8206756848122122,851.3059713880807,850.39396978152,-0.17275996186184078,4891.0
0.614829888825785,819.2861052997594,813.9441023035666,-0.07431729435530834,4108.0
0.3192318613555274,474.38905192415416,473.9595318784643,1.1524222573358147,2512.0
0.26024398135053695,423.95007056106743,422.13432732121544,1.6730101839580809,2238.0
0.8892954647823194,895.0234986734619,894.5459138485006,0.12297986124120591,5211.0
0.2092594053364465,339.13578870377023,335.13368556563296,-1.2878670249711293,1803.0
0.6601810748524628,866.5164732545882,865.5520398327278,0.025764084959151015,4437.0
0.37083084090180907,559.9145935892286,558.7054792234744,-1.0774468143049925,2927.0
0.3054276965542311,447.14660815496893,445.6861855521701,-0.9364469904160889,2447.0
0.9579574028130938,1107.4048658285628,1107.1579015462596,0.5915469230266815,5384.0
0.16245821174140107,257.23488082760264,257.113109840893,0.49677676623857103,1445.0
0.46408983404838666,654.3338704648595,647.9249339383439,0.6693549734634909,3470.0
0.6705938833291372,725.6729609813448,723.4985835270235,-0.5307538007084031,4203.0
0.8477586260712021,915.638252261153,909.4310179839192,1.831741375528211,5008.0
0.05635680657774045,105.24372247329262,95.2613951203212,-2.016978169212217,558.0
0.307160604373372,502.13225581535613,496.88063529224155,2.6434740720655854,2403.0
0.6608500647477848,823.7780377490416,823.1085099827246,-0.3774981524394345,4290.0
0.06715981198657728,147.24960122298324,145.33532121634101,-0.5054711496637042,668.0
0.4886443625197002,716.4154082261186,702.415764771225,-1.325196872863453,3614.0
0.5657506351380429,647.4587511045836,646.0720363625192,1.0916173416862727,3919.0
0.4397254359864733,612.3731984791524,611.6137025226824,0.7039478494323533,3274.0
0.6241849922546008,800.9962639842904,794.6861323968368,-1.4659000793129158,4245.0
0.47037636868668053,695.8745359648299,693.2042231041473,1.790678137267142,3464.0
0.3434759111864042,491.2471153810005,491.0254183725773,-0.11022338721806184,2679.0
0.9218078793573317,943.7414867335519,941.9793045519041,0.3930036356665549,5280.0
0.8033686731492896,897.0978067366782,891.2886521880463,-1.0570981301322822,4922.0
0.7519915921003946,928.9458898792237,924.4339981197462,0.6179919821644656,4700.0
0.7911861300198614,822.724492378605,818.6885856519349,2.1991025812412532,4808.0
0.7229607261927804,811.1413064707929,808.6138199572657,-0.05516731268458002,4744.0
0.9615252965674264,996.4560117931948,994.1419260611457,-0.5690276219709088,5365.0
0.9107476363160469,918.7057451526176,915.4080582191821,0.18721005146459377,5187.0
0.6167844886951113,814.9535837385877,808.2052784341286,-1.313350010715441,4136.0
0.31340425725219767,511.0049609331153,508.3033319871345,1.8136913796469503,2533.0
0.4512258855551651,657.445899104299,656.0197229747024,-0.47658899327400905,3315.0
0.7484519500347442,829.8845803475148,828.3545996711863,1.1556959873701746,4664.0
0.9873200925950474,1045.8197576829093,1044.4399429819794,-0.3679217035162409,5523.0
0.524255636514744,741.4215118928322,739.5683144576174,1.618574605286994,3650.0
0.09327935452913405,202.09905690996163,201.12008585545016,-0.6670994604930452,850.0
0.17309729943960528,288.2306595986699,284.2664315853727,-1.56737396807411,1512.0
0.3433962762476441,488.2898485497781,488.1102331501145,0.7294460264326174,2813.0
0.5642046129297534,781.2087929132531,778.6760466083689,-0.7741814599066247,3995.0
0.8162136328328228,898.1913898850704,893.423764620672,-1.3691787288582675,4914.0
0.38934035050788385,489.0798839433162,488.1306116724035,0.2982570014594718,2975.0
0.8164879408146201,832.9912276644474,824.339933569534,-2.534462874319439,4916.0
0.5268845825310303,677.8621292171018,675.9808729239113,1.0145075221560849,3667.0
0.2879022374043244,475.1658578987767,475.0931388334139,0.68904305190238,2394.0
0.49661262021817365,706.1578837113327,705.8827162071094,0.6042677517362645,3608.0
0.49335970569438714,760.456977701171,758.8879593056593,0.5783230630261662,3519.0
0.961736094829556,956.0384620908899,953.6004435725281,0.10905319457155109,5345.0
0.22714299800434012,380.6782775653581,378.33248473141134,0.5267649821095384,1968.0
0.9235703309703698,1014.4865383166774,1013.808328921576,0.9495252077928881,5275.0
0.5216518867805278,713.1021098630682,711.7617321250858,0.38022477550514144,3680.0
0.6354862149306656,669.8650854393954,668.1190581740433,-0.2716884287370376,4201.0
0.4656281185475517,537.3871765167654,535.1134822141015,0.6402074851132243,3426.0
0.9557531143081675,963.0775367959986,960.9600504160921,-0.6836011554138594,5340.0
0.7219522850962383,819.1444144851625,817.4117069057824,-0.1037019359667902,4563.0
0.5756382296414857,743.9925861547405,742.4856578746508,-0.5556578374866936,4026.0
0.47076374839885726,633.9314939489726,628.8986468649348,1.8075356812449117,3479.0
0.6375111227767618,789.6962401074859,788.3261706527695,0.16077052012419377,4268.0
0.8449013079507995,840.6423377431825,837.9671978534222,-0.7959335148345137,4976.0
0.2322226275418523,317.4035451638726,316.52985601286247,0.05102157211437377,1976.0
0.5784389935105677,727.7626495800007,727.1565384263467,0.17057404056978903,4041.0
0.906179664756142,864.066513359757,863.9624737279408,0.5388994390240188,5173.0
0.18974774317445076,334.6268501406956,330.6458500873153,-1.253968593633155,1723.0
0.9017384043979314,1016.3997020208527,1011.4735054224598,0.7772644155148289,5186.0
0.8130746988022994,869.6098783685986,864.1226259008524,-1.856428824829727,4874.0
0.01313911285733782,22.84262283207654,21.97177248011933,0.4349688820944392,120.0
0.7982192558219472,869.5949397424511,865.1064411282289,-1.486978260387194,4815.0
0.20092524975378967,358.8108508218166,355.21090024967066,-1.2452632771585563,1770.0
0.28615548423590564,451.3555401076495,446.75775761140477,1.2600538993516202,2256.0
0.18621934794785677,349.23435942713513,348.92092870721325,1.1406697268167711,1664.0
0.5802044080957917,827.4828551307895,823.9996112099948,1.4560823237379517,3977.0
0.4462725761345008,540.0435477254567,536.2960251972411,-1.6846698844678645,3331.0
0.4894412256553077,690.3140463584525,689.4899627962088,0.33447999675089796,3533.0
0.5997695829867112,728.2131986208575,725.8626830886292,-0.2662625370296473,4152.0
0.3473618111283153,529.6550730023298,525.8696037172148,0.9536442001162352,2775.0
0.5029741733063219,680.9395604859162,673.2828847508173,-1.0776845769051315,3616.0
0.6113208461668824,697.0618043373801,696.3048869435567,0.1575309929504462,4160.0
0.08032234155839457,210.44306500468173,210.16824160505732,0.09745862510663585,740.0
0.7157357417763474,839.0692412885409,837.9925258119595,0.85153835018021,4537.0
0.11619891839856356,253.17292800701168,251.1139144080355,0.44014450112409753,1117.0
0.35396448459540586,574.3183765631818,573.0050981204139,0.12862837671229244,2868.0
0.48560796234770554,620.6020620470043,619.9102504245639,0.02430986062661166,3559.0
0.6987911686721539,838.7425061221475,832.1715686359511,-2.154843317093791,4488.0
0.15492574367861123,269.112703640357,267.3694074053099,0.7971859124364488,1460.0
0.32663730099131427,435.51512995094146,434.0536739752941,-0.7882336462784009,2637.0
0.37766557079788265,588.3139465281521,586.0872719682628,-0.05692877595907041,2893.0
0.9327852556617732,1002.8927036549082,1001.9810496425141,1.245574455004198,5257.0
0.9956229090246127,1014.2017602722888,1012.5382940372969,-0.10284981794136132,5418.0
0.48040712915563466,619.5684832553134,615.1389509581794,2.3374334950813918,3582.0
0.16063891027284005,288.22584601867146,277.834994910572,1.206076581453274,1413.0
0.9869742131751017,919.6701766807563,918.930430843221,0.369022328589973,5407.0
0.5312032733169504,726.0004286776199,720.6904629632788,-1.289069918333723,3848.0
0.10505077806606633,160.8353906908111,159.0641393812459,-0.78359147805324,946.0
0.2593288302298308,396.22245569022084,389.42486578923257,-1.005164217605602,2199.0
0.7556624445196363,824.4134930911385,822.5217983946488,2.0647059469232047,4660.0
0.03817693547698453,71.01430631924369,69.36014592055236,0.31978316616484415,367.0
0.8036408041629203,949.430146293278,947.0803900347428,-0.11796970059150738,4863.0
0.3494208386836649,545.1999845215203,544.7041584964564,0.11097242013120197,2791.0
0.8824672082875719,997.636939151679,994.3889069488974,-0.030271277438055726,5131.0
0.6386262415650508,815.9653233480102,813.1974978975733,1.0175362928824,4270.0
0.6183662521578719,750.4305726794072,748.496040234008,-0.8794943355130718,4223.0
0.5204234391287064,685.4216797851393,680.3051686409108,-1.2698542947177478,3754.0
0.008720725550759978,,,,95.0
0.10089854114450258,149.5249389653319,149.29934232412603,0.2247253847467749,924.0
0.7440795003546921,829.122755724921,827.5803319325637,-0.34346805441102535,4672.0
0.5021804993377361,723.2859334312778,719.7884569373753,-1.5227630169308777,3646.0
0.8449837718542129,855.2057173024767,852.3834278782958,-0.9218592481204442,4985.0
0.28655108269832985,531.5852148000944,529.3248587285314,1.686203775917222,2367.0
0.8371766785978806,909.631383111307,899.6901067846144,0.16635500196435812,4995.0
0.7077583977990373,817.0917513496465,817.0282178019849,0.5184134053401195,4533.0
0.10323315038000436,180.67326904564564,178.04610294547754,-0.5804025373924389,895.0
0.2815472684716972,451.9409121030743,451.8536645822918,0.39957132865465633,2407.0
0.4545900618878047,666.4719947698295,663.6701311518792,0.2663402682377317,3337.0
0.8900716666614426,845.4711155021155,840.8844058317551,0.7747345640123476,5049.0
0.9668062579961999,908.0495765552179,904.3724880613024,2.3134425025214016,5398.0
0.9303754370021861,889.3155717816887,884.5461311844252,1.592470393209661,5244.0
0.28954283884177645,460.41894865708264,454.236780100995,-1.7270294472841043,2366.0
0.04691641763413634,82.4722144279845,79.07057295413027,1.3115596425395497,430.0
0.31484270162016104,483.86109690386564,482.39857298966024,0.3268159591587583,2592.0
0.8536771905723028,957.8459021898191,954.2779455542122,0.4473940927284557,5157.0
0.4713238618652873,617.8177219517108,612.4910652109081,-0.8614724370279842,3520.0
0.9615624795448512,978.6160451842,975.7456220163152,0.7023160092879821,5340.0
0.9308069714124148,1062.8868455520683,1058.9633967391176,0.12891550602859447,5198.0
0.294815188064696,476.0974754777952,474.1017094971206,1.2629589622797308,2415.0
0.2123973515724712,372.99590208691416,370.17466712092437,0.8337699308291581,1903.0
0.1279535834013198,287.17697462460114,285.8888512571907,0.816715288524997,1198.0
0.09164293908960597,132.19002798411435,132.1449177367208,0.17780898860652372,822.0
0.8146461982680197,832.8809971569157,829.1317171694726,0.5016842065072066,4869.0
0.542274622335742,625.5655699117631,622.4483148350553,-1.1446971893597975,3853.0
0.003232549563224718,,,,32.0
0.9570145558698993,928.6215201801897,920.1859876880029,-2.058622936781177,5294.0
0.7493462185406499,851.6099107401735,848.4033534109197,0.4365233989686634,4668.0
0.32903472011122803,572.0313882436614,565.7336678682525,-0.3601429400201772,2667.0
0.23606717980049607,371.69560286485415,368.06972458548825,-1.4903456296922388,2001.0
0.08194131065481158,152.00029240476752,148.71760116238212,-0.5356544825442455,741.0
0.18750948143858948,325.2488542116438,323.93855919786967,-0.7273383184203389,1609.0
0.054069317525639704,74.99267763924618,73.5367451144352,0.8468602171676008,537.0
0.681885037443161,839.4257202285686,837.8489035223122,-0.6996167871047665,4508.0
0.5894092319158728,733.6300036083292,733.4018702670722,0.29369706864860506,4071.0
0.7613747398521983,965.3912512380331,959.8694355932257,-0.27885875423756634,4809.0
0.20286075043263674,317.33503685187304,315.850566333117,0.5115024095704203,1764.0
0.7516473665378558,814.267740812553,810.9828286640613,0.91896936039889,4643.0
0.24052091380527119,338.9080931692512,336.3431334445766,-0.33399300425370615,2065.0
0.1976195219514545,323.215219131306,323.1056743599246,-0.3576806622416795,1750.0
0.15790058520560335,301.8365879508366,300.75750912448234,0.29769686379728144,1434.0
0.3857361553098628,548.7900220241454,546.8647177604682,0.7112909546473432,2985.0
0.6385560095016398,797.6526709463401,792.051795805156,-0.600257311634004,4181.0
0.3602292985146621,483.2910779236985,481.07374061786874,-0.9149106234237128,2812.0
0.7416913275945131,828.9328518286884,824.6022028527012,-0.3460645842081571,4645.0
0.9176133691518287,854.8818217787854,852.5713134819057,0.07499037821615097,5125.0
0.46192066430207157,604.8781686748366,604.6533109873695,-0.01590795920487347,3438.0
0.31515619549053464,487.3941511029521,480.7839034026849,-2.058715251903269,2640.0
0.17929131275190358,347.18627619202664,346.2129345117983,0.08740375534874999,1614.0
0.12176678126400386,194.46747979639352,192.64642034773942,1.6387105796794763,1175.0
0.28930870523429686,454.36428448775365,452.52165089086174,-0.055554380714024604,2378.0
0.8252565783187233,921.49664824273,917.0495783306413,-1.2894446277854243,4949.0
0.5934842918435708,721.602666308324,717.0014688816384,-0.6779864762381617,3993.0
0.2727282720218268,441.3408916389043,436.01381547270125,-0.9478234785718137,2281.0
0.7850140118507078,939.8589551797179,935.1499584584733,-0.8133465463212204,4888.0
0.6314293804576717,765.6952620355214,764.5623870084897,-0.13920240228283023,4198.0
0.7696493808700288,942.3885611831647,939.026597825991,-1.272159593439649,4772.0
0.7805447642896636,827.910676036504,825.40706654269,2.11123195990811,4795.0
0.13170885182053937,213.68676703382266,211.48723731590036,-0.75086215724523,1253.0
0.571327897793658,828.8357230057745,826.3641967449842,-1.0875675946957692,4017.0
0.9651592999656939,1022.7710987670397,1022.1557014045322,0.6314586340347221,5331.0
0.8452648426368568,926.6219113837964,925.3971571465031,1.739696974554905,5018.0
0.6484870602821016,835.5639917502306,827.953379718092,-0.02548710642509157,4235.0
0.9255355405217901,918.7551214030661,915.8272095035188,-1.1852095381900796,5232.0
0.6320588735437391,754.4680243174022,749.8357451618131,-1.8216474800334106,4238.0
0.7575348157815694,833.1010611908049,831.5356804457354,0.24336401977196603,4654.0
0.1298781792808783,209.3310758237294,204.73039396349697,0.761833963816549,1196.0
0.45587788753630143,639.2877993166248,634.2903144437897,0.2870947085834841,3295.0
0.0581315992979442,106.09691303419086,105.32056400286159,0.04262309233161174,566.0
0.020388787596153923,57.542020905923344,46.784050205690924,-1.7744975059367654,220.0
0.5967304402741122,800.235997597619,800.0755649057003,0.20118577591905978,4091.0
0.1310699687603697,225.5844812343889,224.31379850901368,-0.6199147521979967,1187.0
0.09561198105397994,161.06835930784706,153.90175149957196,-1.5887601424660056,904.0
0.47163044618564587,623.3858653745327,620.7447806937504,1.2317282997652865,3464.0
0.26675751582941654,454.9810995660625,450.7972699829545,-0.5113597939652148,2304.0
0.9486915888361624,1057.787980495864,1054.1848275496086,-0.026798954882367134,5215.0
0.1859090121620749,323.93496154649307,319.97614089244075,-1.6071817070191299,1674.0
0.09766692525904397,149.15574087062168,140.77341999676878,1.8151637538122642,949.0
0.8534770795668829,902.377437639955,901.078814069901,1.3352955662680068,5092.0
0.14537227978811273,232.51972568738037,232.10844643536373,-0.328606057174242,1353.0
0.4313927454869867,593.4331150607712,592.3211404684616,-0.6165338239601919,3246.0
0.7610574338681071,894.3899779485195,890.3402922090455,-1.6953143944374451,4690.0
0.14134401769466365,208.6015251186058,207.49084437410278,0.8188796212958097,1221.0
0.8799334818726463,1060.529543317596,1056.1701807942115,-1.2833962617981283,5109.0
0.8608616930861042,1031.5494821824987,1028.7277776586495,0.11953614919198605,5013.0
0.5120255143576282,633.6474359149944,628.537573813912,1.5833233556064048,3609.0
0.2271855764563162,372.02617749370864,371.43976199055095,0.5448366440251333,1928.0
0.7177710936977337,789.2400031951029,788.7181649416636,0.7008856712467341,4605.0
0.7801864896938132,966.9758014960203,965.795811756054,0.3526411621909962,4789.0
0.37003097783478445,641.5064073926904,639.6818512677579,-0.025650427764159014,2907.0
0.4847665841824871,697.3204596205117,695.2626963476998,-0.9704052601944929,3519.0
0.03613770374815417,118.26661087515491,115.61358949161443,0.5691265895182571,359.0
0.062028641141452234,83.26928475033738,83.00088201690308,-0.28855187592828313,575.0
0.47944103945212335,750.5072094079436,748.7358072671957,-0.05808703508572845,3480.0
0.13758657311545652,249.7617514538573,246.76593652201143,1.3383958433624712,1272.0
0.2915647710801865,448.248961806916,445.62870462894244,0.19476806248073078,2454.0
0.31531704276132777,449.1636596739981,447.86881178448846,-0.40126500732232623,2467.0
0.21665637723873388,358.91308529700126,355.94559042333077,0.38147770309261353,1856.0
0.5926563732013993,820.6305403178743,817.4392293527235,0.325543286735901,4129.0
0.856644465712894,969.0895602614212,965.8960962015519,1.5815217650366207,5037.0
0.7285366011161525,939.9586145869582,939.0073237979295,0.16349867553755845,4656.0
0.6204465089998843,844.1024151035078,841.0014579694933,-1.2902942317778738,4187.0
0.7655130532481847,892.0615766301559,884.412096035088,-1.7558251561194245,4760.0
0.026446196249675036,64.24188796790031,61.287461689499544,-0.7372767476354884,302.0
0.014125844698439693,30.917551020408162,27.57932069367359,-0.471588355616844,144.0
0.24184633690130086,396.81728423536373,394.9135528343327,-0.48250461340464856,2034.0
0.5040980775289209,749.6821690004824,745.4397158081093,-1.2407543407865556,3628.0
0.8039119581230182,891.149616561705,890.6857729843488,-0.3842965088462809,4865.0
0.9674190376522176,955.6286880220545,954.4695419679983,-0.3257363912959701,5344.0
0.12994260317798545,255.14740708202336,251.87772502715802,1.5210173973603167,1173.0
0.7828500331699978,837.2469600924192,834.2929281689809,-1.2415949130573,4848.0
0.30927769938692506,459.5267879080434,455.3667491065166,-1.2852119164059184,2508.0
0.6320584685098617,947.0340600823905,938.7489667648861,-1.6652031915244447,4228.0
0.23351018480034158,452.46791209426743,451.0571019363506,-0.7547840795127775,2055.0
0.10499346529712372,247.68384961391047,247.37356761723794,-0.2808886194949423,1005.0
0.45270791621393336,720.2581883380966,718.7507158588026,0.670308048945124,3390.0
0.5345941799571363,679.6351268368919,677.4554042178258,-0.3717317404410923,3784.0
0.6433477572426844,795.7282842604903,791.5085023302369,-0.29409794027954833,4288.0
0.9187817288720804,1014.1467689120752,1013.957115753856,0.7175757170398964,5273.0
0.38473624517403204,603.9507904019229,602.7068968578454,0.09088272519067811,2986.0
0.1750463747363047,307.07270221798603,302.1367281084986,1.5410211023196623,1521.0
0.056815027392315476,121.30117138524342,119.99427852997096,0.7186812057043813,539.0
0.9173250709954295,999.7676073336737,998.0749380151876,1.1955281012691596,5213.0
0.08338753982470815,142.91912780615087,141.86514108718836,0.0187154646180568,769.0
0.3618160530881863,602.6551270372603,601.4574458062755,0.06104392032000011,2870.0
0.2224081646900452,339.5993923971699,337.96249409232104,1.1951105866351412,1883.0
0.2654523574291765,375.974282516626,374.1065586396194,-0.8938581112508426,2240.0
0.582315335237978,804.3626523189425,799.5234995008187,1.2185559835520967,4010.0
0.4860213080757836,621.9516120721803,618.3758567751937,0.16234177333212055,3536.0
0.13303182348145404,221.82550761336034,220.6218930067059,0.7665373093943293,1213.0
0.9804045533448325,899.0415399839671,897.5812545712976,-0.21543838970781806,5285.0
0.5294636609159916,705.9635850266476,703.0829990705473,-0.05780782763684066,3791.0
0.7804714348758051,854.1644028594137,853.5764094167926,-0.40373109671854684,4855.0
0.9312167071168319,991.9908380298432,988.9924713058223,-0.19650211993871927,5261.0
0.32133435796908194,536.9244330975195,533.6259400253817,-0.5085476132497445,2609.0
0.30499868141892483,462.58740211257395,461.35392287967426,-0.0024781079777563275,2588.0
0.9961640256536886,1016.235289898869,1009.5509089168628,-1.15564456365467,5480.0
0.6234300514652041,809.8935099050198,804.7808265254222,1.223464330693607,4161.0
0.7882675194716867,911.1735353163388,908.602755972494,-0.4802679218968373,4834.0
0.3918597115016653,623.3161530213307,618.8961097194965,0.9290387772164875,2994.0
0.17033581136340004,324.4251037067725,322.17313568489715,0.6258126044859723,1551.0
0.5565824362140028,707.9811016675474,705.8872127339646,1.6441274610822603,3870.0
0.8687192846152381,1036.977580799492,1033.5461463993297,0.05521928503684007,5131.0
0.8274465530875471,996.7473828054751,995.5864167973116,-0.3529753572158,4923.0
0.11721150081378606,154.48157186705413,153.7084711936377,-0.7506968404565775,1038.0
0.806880143855532,1078.2743173785773,1076.5835865479125,0.3437427547083576,4764.0
0.4906412696640007,718.2404873688316,717.4721237070269,0.9271369986838662,3580.0
0.6901121751212513,839.4750165908094,832.9641570479656,0.3876832453313943,4482.0
0.2643042008331592,448.04269606420075,447.08619916491887,-0.09537197247183862,2236.0
0.1417560193929217,236.74008747932797,234.54611881438632,0.1351149594565763,1292.0
0.5465493042961553,679.853452724252,677.7093413996207,1.0803735225190076,3851.0
0.19392592122161068,383.0308705894066,379.39241850255155,-1.2092286494292257,1775.0
0.5916634023525341,752.611920462613,751.8313395983142,1.6167650488597172,4000.0
0.872099597326354,1023.6285893767833,1019.8216499265777,-1.2162501224908764,4995.0
0.9362163885182773,1007.4040203657158,1007.2685532791191,0.9325050978358658,5306.0
0.6864520119162478,748.3782080744757,746.7088695906525,-0.185796872867076,4432.0
0.7980422347527979,858.417096638078,853.7175106045327,-1.040237390928836,4745.0
0.14339328108593496,269.47288869380355,269.09186904074653,-0.046671167442023376,1289.0
0.8793196527567488,940.0422939695264,939.2937613813369,0.4604396666803327,5095.0
0.09327757342176557,177.8697790359681,177.8207341090588,0.09010109074869829,824.0
0.33967206202437306,526.1668763310305,520.4605676844358,0.6843021216028564,2711.0
0.5681546750001354,734.5570384569208,733.6506395324509,-0.21462703435954172,3900.0
0.17957214712935676,339.41804946792746,335.989701129346,-1.0980233462300657,1611.0
0.4793302308202251,624.1830714195264,623.4239952272997,-0.1984946535004228,3413.0
0.6325342989114092,871.4412130957203,869.6487582775314,-0.23568424442024588,4177.0
0.524036433338639,700.382691376271,697.0723410799706,-0.8227007492148664,3666.0
0.8173052269662445,920.3421888985565,918.616530778982,-0.765994456269103,4912.0
0.24603037814023287,408.4894692661822,403.3402548438173,-0.8577216595609156,2080.0
0.5826340532669749,735.7062878058126,730.9058211140588,-1.4534844541403888,4033.0
0.6323323219203782,810.2127118267592,808.0049072105336,0.39698420825687825,4269.0
0.33828800781161505,475.4365043438348,474.6577441835444,0.8825775598703138,2644.0
0.9604727058886315,1044.5341302053034,1044.3298534887097,0.2806523370624599,5368.0
0.32478563029440044,501.247641453112,498.4495710328156,1.1479502650286946,2547.0
0.22064152737877696,403.01829490221513,402.70769308922877,0.14360029138497057,1901.0
0.2080540763349542,333.9606571838436,333.2043568163176,-0.5713866622881161,1788.0
0.2621342786943842,424.42572985071985,423.80327872601583,0.1919293922206464,2203.0
0.9334835161369864,988.1732130184533,982.3140617920509,1.2761452215483682,5340.0
0.08133070843147305,147.7044086813893,147.56731959431067,0.3234057338918094,776.0
0.46090729744451386,619.3781346177617,617.7358692128141,1.0090498822807472,3478.0
0.6551504444190565,872.8325451856821,870.2267177225989,-0.35055340202741986,4351.0
0.46634660080602697,600.607835889741,598.3599258667792,1.1667927804564227,3446.0
0.3541163546377194,562.3288814279405,561.1808603206177,1.2030369720528122,2748.0
0.6981905782280011,851.3786392253721,849.0336908858394,-1.0281544483418201,4503.0
0.7344068412171276,789.2106757471142,788.9375352012593,0.7486929970549403,4503.0
0.10866040806383559,209.02578302268208,206.51542442642037,-1.0311202910780124,971.0
0.15942916547184927,256.84106305561363,255.59815727619838,1.2882070391515394,1411.0
0.25280153125032534,434.4746025375676,432.7895709257281,-0.8660342654266482,2113.0
0.9613646360826972,968.276564479528,964.1164428130846,-0.5446607691728388,5354.0
0.9901466234593705,952.2978985134412,951.0773533285519,0.5884403128642057,5423.0
0.38918636522147265,585.1252090378478,580.2515025836115,-0.46072778196151415,3011.0
0.4993857199547074,698.3635922998143,698.2227191254281,0.9746336400207504,3553.0
0.5434684462602926,661.8305575453229,661.0224474735303,-0.7523840360987709,3887.0
0.5077839926926403,575.466069986269,571.5238572189269,-1.0714215560390914,3616.0
0.39640313721916365,597.1087851108233,594.2951594625284,0.7617251057802429,3003.0
0.9148112942027237,938.1064234647368,934.517038044935,-0.7786364893643354,5248.0
0.9951828858839148,1023.6189538807623,1017.6860906291517,-1.499237902818596,5355.0
0.1578082991229548,302.49558330751876,298.10005827506234,1.785773010402872,1418.0
0.19795168359201398,337.0618111687006,336.9479595296552,0.3648901565892866,1648.0
0.6066850459561149,792.2286076944857,784.5456480232925,-2.332742645029622,4172.0
0.7605432305791326,968.6046887641552,967.5640556457104,0.23869060299917494,4736.0
0.7920292950374388,802.7388241551961,796.6830682180183,-1.5147889403809698,4827.0
0.32602712672804524,466.720360105837,465.85711355553593,-0.08893747000820311,2582.0
0.8034802546993991,838.2087523569974,837.223256482779,-0.2816347546611233,4884.0
0.8918192974427641,928.4682069819136,928.1766763270581,0.7431448192306207,5229.0
0.41600852634539986,561.9636598006673,556.102804640677,-0.6467439314557003,3168.0
0.7897909674910577,936.1590560883693,935.7900521365383,0.8168575974906799,4860.0
0.4169991647186263,589.0679006267047,587.0473208310739,-0.2001356161252807,3150.0
0.22554813936342077,382.57689834800874,378.43001997205033,1.5675085319602706,1931.0
0.3410078802388933,595.0123429341241,592.2592965498089,2.1348592939474895,2687.0
0.8441217268075537,880.9595955053153,880.113131638462,1.56742171423292,4965.0
0.36250046516632606,557.6344358007141,557.2314289407745,0.15167688185496522,2847.0
0.9830271287102157,1039.724594946626,1038.4463288651505,-0.13517689610150554,5463.0
0.6457255161806428,806.0696679476091,802.0460282643922,-1.5757515309078673,4309.0
0.23413276905199465,396.6407746056505,389.73229318166864,-1.3938053195986164,2018.0
0.3110167192096871,545.2625956509843,544.5251467643642,-0.2438937735106744,2535.0
0.8100986945750959,955.9589165355742,948.577322236263,-1.3234143898696762,4843.0
0.729919664161916,928.2269020244454,921.055798722683,-1.9900177174107507,4621.0
0.8966902932579291,1062.2429314626531,1060.0000038624846,-0.14608538690370243,5189.0
0.35024443563851115,544.1698614901832,538.1009443563441,-0.14894402256830647,2815.0
0.973957011824945,978.1431041117968,974.2163588831296,1.808648469640006,5392.0
0.3598901784894255,454.93743734514186,452.3728039715189,0.13371620348247373,2878.0
0.8746765976490031,940.2142329278016,937.6884796930481,-0.467834269484614,5156.0
0.7829048142614573,846.1468224354717,843.9279507354212,0.9039757007756416,4837.0
0.6397666245137992,845.4183859667077,843.9554658262688,-0.6378213575605003,4232.0
0.47129501954819497,656.2994673874341,653.0340924072723,-0.7854512574268618,3514.0
0.725614168334758,820.7747373959285,819.3109688779145,-0.6857204930154829,4476.0
0.5136596580116737,723.4238811029043,719.6872099004378,-1.327939104894508,3728.0
0.10618335458082062,165.30870398567257,164.1921836121749,0.2852689751295993,957.0
0.3674615589596235,576.4559236584699,568.323692773103,-2.2318850888843795,2923.0
0.31520474201135595,530.2865122662326,524.9451295496523,1.0206836255951581,2593.0
0.4428336840403504,670.866496600741,668.3433856999973,-1.0475815134543272,3239.0
0.4124278548535547,656.6668294905277,651.0486862646143,-0.334588887471855,3192.0
0.68262454555019,819.3960782568627,817.2690528757863,-0.6857294685437266,4443.0
0.6763393350168213,879.2276523777344,874.4158847292147,-0.8591145519656751,4374.0
0.014000624583558552,36.21411574914297,35.78767821869525,0.2884228990755021,152.0
0.43146437626450507,649.9510223398903,648.4506378258233,0.35237855630747805,3323.0
0.6270164777992753,823.0793282526533,820.6061366436843,-0.6292758770991211,4189.0
0.835180752030335,939.5168880069162,937.382624727284,2.01008610152592,4940.0
0.8288920590795085,934.3101363736346,932.4569464580557,-0.4052940950798426,4996.0
0.5572602176258143,616.0053094943236,614.936844080448,-0.43131078351713054,3898.0
0.49052649271314697,619.4395117738103,606.743945887366,-0.5074814770120647,3494.0
0.48924711971254464,607.9792761043,606.6880044619463,-0.2379767778448514,3475.0
0.8742314740589707,1076.4155563428471,1071.648531232045,-0.9111224943149924,5146.0
0.7169669652831338,830.2871202909571,828.3779502108121,0.7061414305948617,4549.0
0.512640155706921,691.8668353224924,690.6172152753236,-0.01775132722596201,3717.0
0.28806708972924566,460.92720568563584,456.5529759691732,0.3043290599129646,2299.0
0.6380840580345103,831.6042893166523,829.7201923509995,0.40766309843122034,4237.0
0.46754817613472943,672.7539688463597,669.5487910459234,-0.7806444449861113,3477.0
0.8777270415062834,867.1766463470733,863.391513493691,-0.3260947564888096,5063.0
0.797992514097675,872.2606328430641,865.582560689736,0.6094813872844743,4841.0
0.8942926718234833,1056.9360892372638,1050.9593731928117,-1.388474351505808,5202.0
0.9835931894812578,1031.3048687938829,1029.4282938808292,1.6375858032052986,5320.0
0.39818230689052025,577.3555519611535,576.7253873687853,-0.19217581939990855,3046.0
0.040221399935261304,85.0478473829519,83.96274060183467,0.6208974522266109,367.0
0.3715822405094583,535.918008853275,531.7366317118931,0.6897131246119751,2920.0
0.6929036332323357,812.4103753948202,811.1722516936201,-0.07146413321794341,4483.0
0.06974896168964084,158.5048824845078,158.11054561622336,0.039285488276926656,639.0
0.7041407729620297,848.4879087058509,847.383283940278,-0.18494759978767164,4555.0
0.8906843624058752,930.8848245877934,919.5898052631475,0.9492808103361537,5183.0
0.23661736075148332,333.68274852566236,329.8506527359417,-0.21044088090479285,2092.0
0.6277933156284302,827.377888465649,825.1321345782756,-1.123744102160728,4158.0
0.2835498997737178,419.98510917866236,418.9387457446039,-0.1907968187075871,2353.0
0.04876525342127891,56.94577063090311,54.66040750195239,1.5943669299943841,428.0
0.7450825814271215,894.6294342357933,891.0533784179538,1.7550390360330939,4696.0
0.9758777589084263,997.8906862306006,995.7777839256407,-0.2008112680092475,5333.0
0.20132725212025093,367.5694844261474,362.4270028568984,0.7244171232948661,1773.0
0.1012313258070463,169.60895531824553,167.1601682981587,-0.9762155758063262,1014.0
0.24916140555203192,404.1506211927898,403.3038112253372,-0.08465789554589799,2086.0
0.1687705658298455,306.21747037859,302.75679527348484,1.2757657879535125,1460.0
0.16374507161018836,316.01708431175985,313.570499688401,0.6155274895301504,1520.0
0.11197238962178213,255.67378957429966,254.01215812142766,-0.9457493499522386,1088.0
0.2501358983583535,351.9710096562305,349.43053156113996,-1.2648032846109167,2062.0
0.3631582609671469,438.96237735584526,435.6164633154591,-0.7736053209432531,2793.0
0.6683579475540914,790.3825961369982,785.93032799712,-0.5182113433798126,4406.0
0.6787188752278417,905.1213050697773,904.075201749935,0.13750361681711076,4459.0
0.2541123085641829,362.35006394256305,360.2065341799639,-1.3244512392071839,2099.0
0.786565168472171,849.7251520120759,849.0012055708685,-0.4331437803908383,4791.0
0.3070949066960238,457.2522089832642,457.0796013995295,0.15775036877275148,2488.0
0.4793055284140516,592.3689159845683,586.2223022185605,-1.2686272663966722,3492.0
0.08918410051425174,189.7740740210813,188.41069224425593,-0.7639507140143655,845.0
0.9024365659646056,1022.0307526560371,1017.9612846243623,-0.4782246384299439,5153.0
0.8208902122242053,971.6240804248218,964.874497530124,-1.0242007162522853,4904.0
0.2151116326355521,369.5720578590062,366.2601807402006,0.8561664450848793,1840.0
0.4643408333075898,765.5238771470155,760.2281224936171,1.4021949990964744,3418.0
0.7782243837461419,867.9396089088281,866.6899233566937,0.8329266579184913,4674.0
0.0546369144647646,100.04342998392117,98.23073840483814,-1.1946084145358438,559.0
0.7392026555756559,919.7324181596762,911.8521903175039,-0.7076337293963401,4756.0
0.6152858149676106,849.7409476570081,834.310158920666,-1.3774885602055664,4167.0
0.15027368559138443,327.9148046672461,322.94157907179243,-1.764841079837117,1339.0
0.9369765463085156,958.6740716432128,957.6923853484589,0.5230052612780154,5240.0
0.19095527248305288,328.88060220195354,328.2470180686319,0.964594959892816,1628.0
0.6988362521605073,852.2419266228582,852.2134894817042,0.19852678325981696,4522.0
0.4109566343062263,524.0935088251342,523.4899784356983,-0.4904963306485424,3160.0
0.8498368239725329,883.5042860125757,881.8453406970439,-0.852358140552296,5026.0
0.2634458237730427,450.848725062211,449.3834011699113,-0.7317408019288147,2282.0
0.0024106912838668393,,,,24.0
0.8001949262708126,1027.360174180692,1023.2795410006946,-0.3981215625335359,4752.0
0.2284368026434348,354.2113117071165,350.80807479613617,-0.8340941261366247,1970.0
0.7842759792479592,908.81855981507,905.647895300839,-0.653397715990286,4766.0
0.7109388740353507,881.4324903878154,875.216778034956,-2.102632240892812,4481.0
0.251966499197799,393.3493105413403,390.75093572997935,0.6326809505038511,2088.0
0.22875392802190453,402.40716050985486,396.37757661330755,-2.181232624058822,1870.0
0.8469635769895116,932.5060203566901,930.8235990945215,0.4402911751873858,4996.0
0.8765936615917364,974.8049608938131,971.0501270086132,1.307645225174291,5105.0
0.7542657151711101,900.606753956767,898.3849308393577,-0.03051168211175921,4644.0
0.6841006678142928,906.4364308840006,902.1200278863738,-0.4941581796761361,4376.0
0.9895611005989624,943.2166518765422,942.0267498853065,1.4534363364146756,5354.0
0.2983629529334866,445.110405270761,442.4650753486067,0.35170454790729455,2446.0
0.06296492290184641,134.06103802358206,132.16691907580866,-0.17388820408509592,610.0
0.6782114751922075,804.1205080361841,791.4186714923608,-2.723888203261378,4443.0
0.15663878119517205,251.13088081854917,249.31476808856047,-0.107230564474023,1418.0
0.8662399350659699,960.895311506743,959.6603117099776,0.9633657610381994,5001.0
0.30541945061439024,492.25216007861076,488.3573249363463,-0.4271110992120353,2502.0
0.8850665920371584,919.0771453776231,917.0059362803505,0.3383239945406866,5080.0
0.10268065828200856,153.01716555146726,152.6310216937376,0.2528827817420455,960.0
0.9420979796680761,985.4349843684884,982.9982100506361,0.5225455470045077,5334.0
0.2581091100968087,397.0489126907646,396.9380331165278,0.6186364632430146,2237.0
0.7538706411738234,861.328419225621,860.362991513395,0.5709956787606106,4652.0
0.26093689959010447,427.260890156884,426.2247630006913,-0.3733899598334415,2173.0
0.0689866157399025,148.55754991883947,146.14632278298996,-1.1434742165633605,674.0
0.6771079944561257,845.2636472321025,837.9891466989749,-0.5240858474738955,4362.0
0.8917887776829878,923.9873410440454,923.5780035614338,0.21391581934175566,5115.0
0.9470411542586392,1000.3167078845803,999.9049408487449,-0.28275714123573714,5358.0
0.1154656517515229,222.47943718673,221.5226385765113,-0.7757207475796947,1081.0
0.8479848404477383,937.6410521305753,926.5911863348499,-2.1040052443517077,5007.0
0.3807752131819937,552.0331228448291,550.6604138639511,0.30396812905861065,3020.0
0.8336090857746101,934.191485289618,934.0486698870376,0.4860856453931141,4911.0
0.17709648827285984,314.63544432964375,311.28133175196655,0.8434195441586316,1620.0
0.3766431241567795,661.5086372479466,655.9810498325581,-1.5838488985175643,2967.0
0.05724235148811385,134.30328154720598,131.8530914254832,-1.102115593565309,591.0
0.0031251407404268017,,,,30.0
0.5320913870939459,745.3711514739653,743.2912810395351,1.0016303443037893,3788.0
0.2715413900043081,454.1293441838956,453.9332901161397,0.051595562103236875,2269.0
0.7224074770206101,760.2066684667944,758.0313111668253,1.1455714181828427,4472.0
0.7186209059237003,885.4168172412418,882.5423864789275,-0.25165592441004736,4577.0
0.5088717624671328,633.7575729461158,629.4624222740897,-1.0275696698667902,3613.0
0.9000163822105076,887.759238100844,885.5471218747091,-0.40727208285753996,5166.0
0.454542389386856,631.3899163367918,629.360279939525,-0.5156582228673142,3389.0
0.08648010926677763,138.5773158464305,138.01864084327917,-0.13761309422289011,761.0
0.44776777921371147,653.1636095237048,646.273886508439,-0.655224594846191,3368.0
0.715384200621353,867.1004307876924,864.0625355078171,-0.8954269825003593,4523.0
0.31348535044017145,463.9042626079887,462.75057504379964,0.5658512980466086,2506.0
0.28578150836433536,499.0624325828573,498.1384969454137,-0.17029190041386713,2374.0
0.19605017603068886,397.1330033366274,388.2170618590556,-2.5751182747362464,1746.0
0.21870544144311,415.73150350932633,409.68487642997553,2.1703948029998315,1889.0
0.7283013778525657,862.9949893985256,861.4135286653412,-0.3231562177789607,4640.0
0.4989279452907537,682.0715739840228,680.8181637183807,-0.6147414775020144,3646.0
0.06745707954793889,117.501765989709,115.04074101227317,1.3363260377700414,652.0
0.2798899070875821,522.9213412532912,521.9273005000762,0.13863711597696263,2289.0
0.6313606106164475,784.9532967884528,780.684229985267,0.7791742039161689,4190.0
0.8496150820046344,892.8787042718636,890.3686762786135,-0.5503053339054166,4960.0
0.2919273471966405,492.35686232482703,490.6695045089674,-0.6572335405388356,2408.0
0.8932662400970582,907.7561191895377,905.4370733321387,-0.2273865944927523,5159.0
0.03645119781236783,65.81847373809991,64.95474632452643,-0.2351554443956359,354.0
0.7797069510027046,831.0057938935315,829.0132695648615,-0.463448413902591,4789.0
0.8079186235053799,904.4085989218291,903.2565535744221,0.9905541177697672,4898.0
0.08256019102262524,114.75192460932446,114.54619865889629,-0.1623396948675207,805.0
0.9784004761380555,1078.207051683912,1074.4855472695258,-1.2553098440419628,5383.0
0.5016095895425025,721.9498020233204,721.0026571803077,-0.27077394664153076,3609.0
0.3288265932047628,451.20123786893873,448.3332576187317,1.2427738689964087,2645.0
0.42929676068830147,585.8066954392582,585.4527747654369,0.5449067935250012,3240.0
0.6253502107716377,749.1192603187312,745.6452078006712,-0.5493676998928559,4200.0
0.8797766215379323,928.0149018706211,921.3966890981336,-1.0657178588332565,5170.0
0.5525091786220719,735.1676504542444,735.0468750915871,0.4616164202340801,3872.0
0.3429236664433588,545.9497175096888,544.7689054791006,0.04971158296617073,2795.0
0.04482046236305737,89.73409432647053,82.55509264861665,-2.336341133730654,442.0
0.7283671832235866,977.7114882546512,975.6660511808388,-0.7310119060130987,4598.0
0.6771948161442713,810.2672393778391,807.61762259364,0.5086658505417034,4334.0
0.4078718666213237,586.0929608651091,582.7055019439694,0.2251693059239905,3149.0
0.8937500890606488,941.922150967344,938.3474992882103,-0.32953595067168867,5205.0
0.19634558511022504,319.9505174825237,316.8393140253168,-1.2669305884568378,1643.0
0.30715210489197264,420.63190964479844,417.90210910996973,-0.3366915234827996,2473.0
0.20373564963556545,334.1409406428535,332.1410104262493,0.2579063453388469,1776.0
0.1149479676128149,203.78536282924006,196.15414493306352,-0.5326754041191702,1116.0
0.12871302122275363,231.27879079693327,229.4082008727899,-0.16037538939112134,1131.0
0.0651074453479159,111.8098804728248,106.92799186359883,-0.504432595499874,586.0
0.08759050728219153,180.52749719641724,174.77017550706648,-1.1351245793864169,867.0
0.3678924584664941,543.2320016144349,541.5140592590027,-0.014375952847001832,2883.0
0.02994136430043437,75.15530262680466,74.24978750477625,0.6788548056838289,328.0
0.41110256753548813,562.7162678272849,561.1555997978718,-0.8732752417362939,3167.0
0.9678703244359788,1033.4773213733206,1032.5986756925,0.25672076707084934,5390.0
0.26185522364185876,383.02651034492004,378.8611069198845,-0.3496448823819218,2155.0
0.885770460963075,1029.3209680505506,1029.2573008260078,0.7314576089596979,5121.0
0.5975693972914287,832.664401141285,829.0576198325803,1.3132286057783746,4035.0
0.6745913583830295,825.236255672131,813.6883559192468,-1.535870183060063,4350.0
0.7863952527700293,779.176161369034,778.3127489053705,0.21530073388993817,4765.0
0.8945542150140396,928.1597352490245,921.1864053003569,-0.06099538469923949,5164.0
0.924182407739109,990.0815746483241,989.5093152420134,0.8659346937395208,5288.0
0.49489894880817087,741.7927061613724,737.8574099668382,-1.5919435494223735,3593.0
0.9498443637415858,936.5533192283443,935.298902085679,0.8587302953042804,5359.0
0.5634331347031432,685.1858875467038,683.6792602441806,0.4922047650554972,3904.0
0.8514395740067651,1037.0676176956715,1030.6929619872371,-0.6370511888654107,5002.0
0.35403033170651566,540.5921733329775,538.7790204937659,-0.8463677382566657,2735.0
0.06364665104190059,149.65958463368412,148.08601706417627,0.5483712467282449,633.0
0.5176812937060545,652.2073143541194,651.3640587694251,0.35791037351770355,3713.0
0.7715354189707676,954.0758532558334,952.8593299637473,-0.39197229014019835,4676.0
0.28854786021271883,452.14076907640674,451.56651671520905,0.6278017206113088,2332.0
0.7107725531520183,867.6167444912252,865.7542152080896,0.5969134163811118,4494.0
0.06751982525537148,155.32466528839197,151.4466180425335,-1.6771380895147763,593.0
0.29307327034070063,405.9405252711481,404.8833425799031,-0.33322389322540535,2484.0
0.11855499367486422,208.20820714333811,206.555304198775,0.46711129453491934,1071.0
0.7467106688684897,834.2538270307749,832.4817699858695,-0.2358954164512309,4637.0
0.6152397974922763,770.9609546045544,770.6987193111224,0.02310820887369633,4050.0
0.012382529548860433,37.64718614718615,34.48426630072237,1.375243419647574,118.0
0.005405067124178653,8.865079365079366,8.588811188811189,-0.013988613733173845,50.0
0.8987407292104054,847.1022605371185,846.3980120719865,0.19994119323033052,5181.0
0.7207724953465734,772.9409421312895,760.5690162893816,-2.0213719430459745,4602.0
0.4887497980664911,692.3212034389102,692.074134432951,0.8809315496800864,3545.0
0.03705380089807486,70.20119709885347,69.43615356636893,-0.32516418530189156,375.0
0.9068950998347503,936.5191133340994,934.9311020805577,-0.4784912931012627,5129.0
0.9548655366301182,996.5720259710197,992.957763016561,0.4471428053627533,5312.0
0.758948812192847,883.6215543917149,882.3312821746587,0.6720643978691141,4650.0
0.8273174880281373,854.3315882338784,852.8291695262067,-0.3443157719451865,4905.0
0.5005371961327771,618.341117462448,617.2519309772997,1.4211972959620118,3606.0
0.7738059889324048,837.1067670494299,834.2383467315101,-0.8868355339900218,4746.0
0.2771940741457315,449.94011558042837,444.81724155286776,-1.747687822440786,2250.0
0.858990250972377,865.353219310305,865.2133195037467,0.2366867204720253,5057.0
0.006009925783025616,,,,66.0
0.675994020312612,792.6692889462811,790.8047807475442,0.8143159419266749,4400.0
0.49952608306278623,813.9470366937225,796.6982095348153,1.2389184552221075,3678.0
0.126438982328425,254.03291878396115,254.01666837721515,0.3027870402071686,1184.0
0.1704542426975526,296.47753920713797,294.2456451036949,-0.7670659519189436,1553.0
0.5635274885445383,821.9047855355525,821.0797399670068,0.17856001426244955,3926.0
0.4298128701795926,605.6554059893817,604.7891251892023,1.2490712960482313,3206.0
0.9358976835308978,974.9703208149954,974.5221997825232,0.4950243183769296,5229.0
0.5974987342751439,749.8026461456808,748.8928637142503,1.1515185823519716,4033.0
0.1820077557924885,287.4839698846348,283.9708861131531,1.2287591818275567,1609.0
0.5967885757571395,773.8125954324234,771.4825052326181,1.6629890968035126,4110.0
0.2568578440690007,418.06360999858674,416.39745706714365,-0.5928245624369186,2157.0
0.850420604561209,977.0116083064316,974.2862351708382,0.04907836969195171,4970.0
0.6933797010559678,765.6143068226693,761.5982945519447,1.4738851727634865,4475.0
0.27271834431325426,474.9289819704955,473.11863712963356,0.6133611106990831,2233.0
0.5307533626037029,722.5822889930755,718.3808757717576,-0.17471897357643454,3766.0
0.02833840759557016,45.986341857036734,43.8701709086931,0.20119718882691298,297.0
0.5474595502118418,761.1525764820082,754.8618414787835,1.1772741214490139,3901.0
0.9040544939128243,979.1583445707183,977.1179776878064,0.7211254549716998,5124.0
0.6494831578496585,768.3629473951866,767.6636439859367,0.3699271223259986,4368.0
0.7846144088356991,922.0865562306124,917.9651265644121,0.2066526144947532,4823.0
0.6631212995625017,824.0421777084005,818.7866718189957,-1.4514337174602803,4286.0
0.5163161829492281,675.0248716397732,673.5895519329468,-0.7534932969268424,3619.0
0.6292632697709747,739.5170039427909,738.6879221772625,0.7718869296040326,4283.0
0.06662159296768555,103.32037209834358,101.67315966977627,0.18033698644472534,620.0
0.5056030818668115,669.7207511475918,661.7717108545824,-1.0744194685972817,3606.0
0.05049553377991989,109.75722903547909,106.12348289274584,0.212036587136882,514.0
0.7353083862429066,849.0123592093661,847.1098461400202,-0.5735333288102429,4615.0
0.6866071716836841,915.1213376647271,911.7354615824829,-1.1789652841207399,4461.0
0.6459097594900791,838.9579398338981,837.5980971546381,-0.12752873792324493,4278.0
0.646778076551914,789.5125006243426,788.3207328277537,0.3841048816129319,4259.0
0.19334982268564593,345.7320166640136,343.45552561579683,0.3937807254430912,1656.0
0.812975136463857,856.2559946758611,852.8789170994296,0.22658630216632583,4856.0
0.513119483178112,698.5835301115056,695.1314336248968,-0.6324504051177168,3709.0
0.6163713200759767,706.0609873611592,699.4740555511011,-2.111887712445386,4140.0
0.0915228398622332,138.02750494115654,133.93916181264535,1.2689432855895726,867.0
0.33849983930959504,523.9886757010332,522.441299806284,0.06710946916423245,2722.0
0.4943063174972926,600.0643135351895,595.1571356766793,2.480300995103627,3627.0
0.586988349968331,780.1093108142269,779.314066681409,-0.0165055256368458,4052.0
0.4301922806494015,547.3594772052109,545.7887751549707,-1.1638141098286152,3267.0
0.9251694070148346,949.8573949470383,947.4304656322479,-1.08797996794286,5186.0
0.9356068131330268,979.582384687151,979.2153939457629,0.030484178074180242,5298.0
0.28172360454871637,459.7147030222477,454.21406583029653,-1.4086185077741609,2348.0
0.28984899482713267,490.2282104981262,487.7156060973764,-0.5545863763150602,2446.0
0.5604417239491198,744.5345836456119,743.9972816704518,0.14483495870000154,3906.0
0.47034618173710896,623.603590069065,623.270037808856,0.018823704840015953,3528.0
0.28195798085950874,549.981453805467,546.5399242457962,0.6084982295364978,2419.0
0.9339903911405366,978.8971252593743,970.0783387964499,-1.5682506399375395,5276.0
0.13552539170102518,232.05887948473617,230.51421275256305,0.4478748521269312,1213.0
0.3335425081562877,539.9902434401798,539.2261460490952,-0.09149235809716803,2651.0
0.12511878916611774,192.01298957646702,191.94688741282127,0.009598727423468293,1171.0
0.7704369630065341,858.2802709040626,849.9727320558588,1.7573278314774199,4768.0
0.9897555682559595,1009.3638835106291,1009.061649753845,0.7418696478535856,5414.0
0.9992544737731115,1015.9669789456667,1010.2649244062992,1.2351306869612146,5474.0
0.031616705939500056,53.07811724191175,52.988285026444,0.29419002285077994,277.0
0.45861284264366453,636.1056038573938,633.7682646425088,1.7891734534477772,3305.0
0.9301401747507927,972.4965700136478,971.6589778401352,0.35200033733852376,5163.0
0.5913990286982882,829.9027312884958,825.4905308901127,-0.7941405365172425,4104.0
0.472355421168943,685.1129674453318,683.9372528034918,-0.4286675465211964,3411.0
0.8492860152229684,893.331236334482,891.4880071749066,0.8005600115219551,4999.0
0.29261309729977836,426.3568914504108,425.6880877451589,0.859207319285319,2380.0
0.20789459912941155,295.8858745423437,293.38291699939094,1.402545426973958,1725.0
0.33732489818923983,453.7656340724276,447.4275064524191,0.7050610023421097,2677.0
0.9141695465889853,1043.1749533754771,1037.7611984305156,-1.4755810178005877,5253.0
0.9044589049125717,994.2825270999874,992.9661984726691,1.4231607074938382,5151.0
0.9164485057528233,1001.2393997745852,996.1669745130805,0.4073109626816935,5205.0
0.0778741293300591,130.09899274459107,129.75217600110994,0.6157945524670083,752.0
0.8895193982270428,881.5097812951961,879.4301253130626,-1.1568719384693613,5046.0
0.9174895175736407,975.3013337507783,973.5895371597277,0.7733221933150326,5238.0
0.4605429098216066,649.1054208005093,644.4671369641899,1.4321758665597908,3433.0
0.3219450614348852,478.2694631094578,476.69336785678155,-0.38715002424619654,2619.0
0.8228166105054484,975.7900770659069,971.0657047612032,-0.7237147038380783,4909.0
0.7117283901393369,962.3903029656501,961.2932937422111,0.8476434965790184,4629.0
0.5116548739214657,706.8724620131702,704.6722610451405,-0.7535436454400294,3733.0
0.40112106092887256,552.3198439757992,548.785241957867,1.8898154883766387,3013.0
0.46894205921179,646.0607179879311,644.2109353964726,-0.9485662626296006,3391.0
0.5504499644402245,732.4680419384713,728.6512325145912,-0.5980418377746688,3828.0
0.19338254745307548,354.6319084189311,346.9813342885736,2.124407612876738,1737.0
0.9785436311422108,1053.3587178633502,1051.6593987644212,0.22612432386155262,5428.0
0.9024164181751163,999.7900063924156,997.4757513705324,-1.0178584774335513,5188.0
0.8998487973110191,904.953759221977,901.8114825699881,-1.0028839387684414,5132.0
0.4387164250889155,645.6045937218937,640.6812710093815,0.44948372419878785,3387.0
0.9937923656144446,920.4109799172717,918.0986288585299,0.3872279762914396,5370.0
0.972656566000275,1066.925504156329,1060.0019857939333,-1.155357943962809,5358.0
0.38613414649532696,510.70244979427815,509.5096014324869,-0.7314236907822982,2979.0
0.06523015604232563,103.36125961742863,102.28928082007393,0.5849259171992444,560.0
0.23354182729568496,342.4221373879216,340.0439392062074,0.6453916425945313,2035.0
0.25744483431115006,394.30380856694904,393.4201081711485,-0.2732002708556204,2143.0
0.09258238382322992,170.41032776557947,169.34584406689254,0.2294047972334539,843.0
0.9126174943072094,995.9561446973679,993.0557223874797,1.2037789978756186,5214.0
0.5040675792319084,668.5558800822477,668.3258020417039,0.2569348445130852,3517.0
0.027339743751779166,65.85863794312333,63.29268864423073,-1.0260510123323583,290.0
0.8384016723589729,886.4071431785146,885.0687130089527,-0.19565422752254996,4974.0
0.8718044802889744,938.0504835106951,935.5163953896991,0.5261607934303903,5153.0
0.44127152029164174,645.0935540592354,642.5519316362431,-0.938980404218996,3319.0
0.6864619900267659,794.4624935854498,793.5093387880303,0.9138860503835285,4449.0
0.44596473733063624,679.407334757489,678.3270890720794,-0.5347654913233348,3437.0
0.6286284265220106,771.4187330658825,768.3367678931816,0.10632700823250593,4225.0
0.34996338101726643,518.7219013532948,517.0835171471978,0.5215899283258023,2751.0
0.9707276811037585,1006.5455920404835,1005.5774039896789,0.3826203853208578,5423.0
0.1934089095677799,292.14446758716286,289.9829593246609,-0.7824529943720869,1663.0
0.008886104846557275,8.958980785296575,7.491036380559265,1.1094006214551868,76.0
0.03212865491683736,72.46793694221874,67.13083443999041,0.9438365356443138,292.0
0.2392902358049107,395.6719791486826,394.7152656416878,-0.2532049054003401,2036.0
0.01948962669357024,44.706994299095356,41.23740738980892,0.4703224095591086,208.0
0.33386594097600164,486.46436284296374,485.23175448873724,-0.15277060904622572,2643.0
0.2636483819579051,441.40315763996125,437.4067157908152,-1.3011510665370478,2171.0
0.08515615722312808,148.85530596841443,139.8555644962366,3.1645495462389794,825.0
0.7010334598310186,793.3866660734554,790.6459201257674,-0.8384193888196703,4522.0
0.7418699950306491,844.1033115215436,841.3212053271815,-0.017600531927032703,4694.0
0.7465383845868209,893.105522657704,888.8294760254569,-1.7248741951345956,4617.0
0.8658698923959047,885.7968743901896,882.9852475913927,1.9532253936731585,5004.0
0.6959126446102973,871.0285713880827,869.4331383458758,1.6375372193212288,4437.0
0.35537966745308436,546.2700456421835,542.6589226558182,-1.5879591908111554,2884.0
0.869321811466758,984.0668374067099,980.2839901331045,0.6637711156321919,5087.0
0.959295166773679,1014.0673595971385,1009.2127084277164,-0.7928249714688566,5325.0
0.27132065947857664,427.3030892449454,425.6312159982736,-0.6569585730836655,2331.0
0.8821546102009067,975.0892355495668,971.8959620094022,1.1096111343717274,5065.0
0.08785716056710346,179.29864815694327,178.5526520769081,0.9093908878000055,806.0
0.2406110833364964,356.5613163684641,355.67495910361765,0.5245040941342647,1974.0
0.8134060970043644,937.8896704720967,934.1805640878481,1.4276640582608857,4917.0
0.3873967828906105,564.1840387176097,561.1275715652165,0.39148871581962247,2950.0
0.5137551023701145,705.4932817144148,699.8164742655816,-1.527958332719383,3705.0
0.18446439549039284,329.7750773639114,326.4812137212359,-0.6161268512521222,1702.0
0.030777527073817756,64.7450814046922,62.79231678424346,-0.9130895920644762,310.0
0.3865355227697046,640.5216318971788,637.2375573560837,-1.4090867392456714,2977.0
0.992969618309823,1070.7895759426938,1067.4612570009806,-0.40662253031803947,5472.0
0.7698113338185413,867.1151762366022,866.7313856556879,0.36090817060173547,4761.0
0.33033189044043865,526.0389271756336,524.0160507139877,0.30059953260511957,2700.0
0.12253827441794851,204.35171741880362,200.49571382606888,-0.45724327209314275,1123.0
0.9619419866653071,968.1170054180775,966.7050027610824,-0.3290676039381798,5281.0
0.985453146245542,1082.0026456973428,1078.3505820763103,-0.3144863366451618,5434.0
0.7001607657049175,947.2586449057159,945.4226243538284,-0.540760849127664,4539.0
0.2595022670230027,470.6545778066046,467.4449454635318,0.585741247932708,2219.0
0.8108916834025415,886.7591598112908,881.7770238937167,0.8554177763707805,4861.0
0.6199767267805998,806.344074006383,805.4888415333504,-0.004171885548355857,4204.0
0.2784329517422732,455.247311096413,447.5176389394155,-1.5638206703810342,2450.0
0.9572563326984486,1004.0856966627117,1002.5576661382954,-0.39224103731044024,5280.0
0.5535714481923877,742.1175490134304,739.98812321443,-1.1879903063489656,4010.0
0.500981575874786,638.967186993428,638.0545536745859,0.2715093129052632,3629.0
0.7579619598330257,940.7706450318282,937.8106162162005,0.6367876716364065,4707.0
0.6980632018188045,786.8856781331173,779.2604877998106,-2.078521243318716,4521.0
0.4904575077254467,633.1499985749064,631.159058156685,-1.2110898730771331,3499.0
0.002224120151014697,,,,24.0
0.7511566429585582,861.8136402577295,860.0018460604637,-0.20036030919144585,4680.0
0.9058796984086205,943.303114885833,941.0314169660599,-1.147952412543084,5228.0
0.5435369001759272,642.8565814090732,637.997809230608,-0.4119017583272914,3847.0
0.029602964654263375,52.70256916996048,51.776097238139826,0.8934278526460954,309.0
0.31834796081036554,542.7249653484598,533.3173532749033,-0.3307216020630267,2540.0
0.0394238249651605,63.86911330188889,63.66232858261253,0.06403633250921383,389.0
0.5488958677365258,728.3261694625423,728.0910707383217,0.6713192973276877,3818.0
0.7340786793379896,832.8403406892826,826.122722126554,-1.573845254934358,4609.0
0.30565775232905357,464.2522803456882,463.38685484421916,1.2029262285768691,2518.0
0.7464343690839916,893.7691723265314,889.8411280087199,-0.2759059298638663,4696.0
0.39621787756380866,621.9132546192124,620.8033031293386,-0.6956460653422799,3028.0
0.8068328963145667,979.9921424114665,976.9202988223566,1.0805058030645043,4856.0
0.9378716190276422,964.6890486204086,964.1225738440775,0.3756792543639549,5296.0
0.9600693226553596,1038.9427556755177,1036.703774075867,-0.5968548194315445,5333.0
0.7378384794420055,959.2927743940141,952.4655518834766,-1.8634746120686896,4623.0
0.8852318255795829,978.7335218047036,973.6617622658582,-1.8453110825684504,5162.0
0.9428130972838714,998.0688259868443,996.1306540313069,0.793631109965743,5271.0
0.9009256931248472,917.7945994450627,914.966178932815,-1.0038841085001642,5185.0
0.023261739546046267,47.16266791916526,44.44585822005544,-0.19702155692667025,226.0
0.456424790619987,642.6376928343228,639.7679566667779,0.8896133570353006,3361.0
0.3530433362261025,563.3267248869521,561.7078733813853,-0.061107391516226336,2828.0
0.6529675038963754,817.2395118584893,813.0927919718931,0.11059019670124157,4306.0
0.6111300536982203,770.935978525108,768.5755206437279,0.4237668078490572,4147.0
0.7643825682055981,864.6998678127284,864.4073745080793,0.47418742434960526,4717.0
0.26225365626419495,415.78596321717356,414.33638918308185,-0.4110016483352792,2210.0
0.5088634585058558,677.6667494741787,673.4283900138379,2.1999201330986873,3528.0
0.031055690850350315,49.0112373823554,46.04375149728958,-0.5071801776889493,293.0
0.3422808483409856,556.2445825301103,554.4044946612562,0.1886735187814443,2731.0
0.7460759594847199,775.2519680746733,771.019036150948,1.1614138185541625,4659.0
0.18262597863260754,361.8434136214547,357.70767845623226,-0.12070995533011027,1673.0
0.3394719477580572,501.3899933517863,498.24577559920505,0.09152711342062729,2712.0
0.9899664934978591,1017.8143768851412,1013.8503745353627,-0.348460706873957,5393.0
0.15396249766548153,244.51264057852478,243.4858685116006,1.1306271321358046,1359.0
0.4497847540846409,654.7792109510806,649.773687899383,-0.36384486511669056,3255.0
0.9392025723213894,1024.1138161751235,1021.8722893099134,0.2127177741353316,5334.0
0.5996250144373727,668.8389645508993,664.5293911048503,1.7124955458416016,4055.0
0.8072459811632178,785.5501258059484,782.4799011221842,-1.4934167137070895,4816.0
0.6741102364451415,814.8824358114556,811.768368175966,0.09410679046747772,4459.0
0.43005555576729837,622.8631700016199,617.5357462316944,0.1540182919774509,3334.0
0.760899802453741,841.6373607156625,836.4604354758816,-1.2748285406501512,4718.0
0.1871616499014982,328.49264540333036,321.9104458156374,-0.29281747226409194,1721.0
0.6095137941833912,789.3819159869183,781.1434213672146,0.13280158554950025,4042.0
0.20854448948863846,353.7995354870804,353.43613934086324,0.7814865082766788,1858.0
0.9062562228656891,1011.8080812951251,1006.5136707077701,2.4019109243037535,5137.0
0.3920244193854039,622.2824629717608,621.0931783804077,-0.31971499704665557,3028.0
0.03097152765107325,104.1510002473846,101.77737761507424,0.3941395952435136,306.0
0.45553156668849515,670.1902235974118,668.6668470755084,0.38218603196378925,3338.0
0.5706532882750884,736.8869413251849,735.6719327906442,0.10271859483552774,3988.0
0.00756199086284115,16.55064935064935,14.749895673946305,-0.6057112019779936,75.0
0.36838945740581186,529.5847914492512,529.2777933625111,0.580513178658982,2888.0
0.08822949277336556,147.41555811181195,145.0842506423283,0.8851834770345727,836.0
0.6243314695478889,835.8718328043849,834.7863185611515,0.43612700818325695,4191.0
0.39602794159729016,473.8863927398987,470.7368577529548,1.2035073525084596,3068.0
0.19969082202167576,354.60773135229374,354.30034402350395,1.0134419049720786,1805.0
0.5983191348211826,735.5748036095722,733.909896574,-1.0831987741012552,4056.0
0.5677627536586723,720.3551977830152,717.3309827962147,-0.24006239570403815,3944.0
0.7042367957987443,894.6616761529192,885.6885847287526,-1.7907548106202924,4515.0
0.00705688799473092,,,,71.0
0.9697581580611899,1088.6633549668595,1084.3675375173693,-0.18578107772243618,5253.0
0.9262398124348389,909.9957130683379,905.5617162409113,-0.815070077924166,5237.0
0.7708099545203714,886.680010268645,884.3355638088038,0.1636771465575744,4862.0
0.5139320848984671,727.1987426741293,724.7285335108907,-1.0551600061964914,3656.0
0.2039884352729473,334.41405327756337,331.94162426559575,1.7550803317064416,1766.0
0.15977056307800575,242.49300661640382,231.956664136316,2.4239129082439472,1426.0
0.3470487565716248,530.070485450233,527.9329795860253,-0.520352817023052,2782.0
0.05446379073743901,115.63222212421408,110.74404015082175,-1.8237539232948963,539.0
0.4702872834068408,645.2089236954578,644.508822888412,-0.3696984731456354,3443.0
0.6044089825933259,794.2984983723644,788.8792394020509,-1.4534562133494253,4094.0
0.6669260296006884,855.9716334321336,855.0468817351278,-0.2578924833538912,4408.0
0.10765268579515563,215.70088723464565,214.06876019165023,1.1902236100307662,985.0
0.5101063439253404,731.0690880009274,729.0873497916489,-1.121817657056677,3627.0
0.606068189028792,692.9053763396212,691.3752711499874,-0.9530718174854796,4147.0
0.42636330953127255,596.7982207730948,595.3038890514224,0.8058580000710251,3330.0
0.5427203750647648,733.4704837526533,730.3198165861897,-0.33848788830224685,3839.0
0.9957812722334378,1005.4056511914615,1002.1175231529387,-0.23067632914784517,5463.0
0.9753257055807462,998.6089723865272,997.4680025682015,1.09375630223622,5402.0
0.34634970233094375,534.4328622393692,529.4694565885023,1.0410636234514195,2812.0
0.6419432912578124,854.5379058257965,852.5204036484098,1.946519049245667,4284.0
0.9031068685201219,905.7582959005505,902.5455873695047,-0.50141819453559,5202.0
0.6446467405918743,747.6890749630909,742.8779432830422,-0.4532488804850584,4257.0
0.7243479454551844,779.7316783739698,775.8311644454185,-0.28737524844669654,4467.0
0.17590982775444286,321.85958298064975,320.61883337159105,0.11363197300365929,1564.0
0.005782582203639142,11.269047619047619,8.89761473008788,0.6838788687017193,51.0
0.9474983325159132,1032.5766239881589,1031.7759926353542,1.1038062725681332,5274.0
0.5409464467223468,626.6179355756017,622.8015889029487,-1.2573859261851936,3799.0
0.27702719600307923,419.576308710595,418.4954595999025,0.8603282034486118,2317.0
0.8719673580204618,901.0289582214946,900.5556155403494,1.0575986327070184,5111.0
0.6378739672555276,749.9047470956845,749.2569280563752,0.24609793048409834,4215.0
0.1981417670854072,296.56053819760695,296.12299950295073,0.1862963666425866,1662.0
0.9871494918634733,1022.4191907336958,1020.7021614999769,1.5760549892100957,5423.0
0.47476221565393817,652.2561383516304,648.4670890388077,-1.835643604184747,3573.0
0.34821848590309556,566.6561998938349,566.3211503681715,-0.18877030327005334,2790.0
0.30744248947223385,462.7523173437661,462.01884325887295,0.3687634672088033,2572.0
0.6480509097052313,817.0494883816237,814.880512105701,0.08374571355036954,4209.0
0.5782437160142899,696.1916472510043,694.0008823865974,0.5734709494238676,3936.0
0.005309068750218304,,,,63.0
0.5893612236247202,749.4046707611259,745.6495091307482,1.1643518554260288,4012.0
0.30561260593217754,447.4852567636226,443.2750782613174,0.5029163842675404,2408.0
0.7663075237463933,881.7158900368463,880.4934497630069,-0.10924852103245838,4732.0
0.6450755875177192,760.8946028111509,760.0628799520421,-0.5049920201874828,4244.0
0.8601854287049661,854.9094040485289,853.538805975285,-0.47344315731189995,5060.0
0.48002646494546986,641.9871612801817,641.6224922437693,0.49536903346358296,3468.0
0.2503304773962831,403.64190738180645,398.2254457106044,1.2098127134285912,2074.0
0.6442019083941981,750.9203185979123,743.9440146049606,-0.5150753843196928,4236.0
0.1854915810106148,284.6082703520469,283.374920217979,0.9811685479360678,1600.0
0.283940404879069,488.7248808027176,486.1934157889801,-0.9927419559286509,2430.0
0.22050323133823235,344.99346024382993,344.35512434242787,-0.31982414211451743,1862.0
0.4008011442953917,621.1858801274504,615.7813548380733,0.5711421213134815,3122.0
0.2060427546803295,378.3479832330855,377.8475661638111,0.7518690203485422,1720.0
0.7273213375869924,753.9178201877786,753.1241469082263,-0.03098944993423096,4627.0
0.30105597710795684,511.1558236751427,506.11189504017756,-0.7918241346236079,2554.0
0.16124721412853338,250.12034247161316,247.15933341756104,1.2850063521036257,1459.0
0.8802515692735529,1030.6602883977405,1025.18253066765,-0.61872239462973,5179.0
0.6004059504043922,818.9029365428565,814.6865965015954,1.5259657173026275,4049.0
0.2718958843918059,408.0951023750783,407.46148292310926,-0.5785351231428975,2234.0
0.9636059454763235,1055.154620943483,1054.2195034927327,0.4357151648319782,5392.0
0.16233085477313536,220.1547162292519,219.40495707787832,-0.6146001736228265,1375.0
0.9554022383476805,912.3920405313559,910.6120287963555,1.221962061169182,5251.0
0.528988100290155,709.2854665410241,705.9510071541866,-0.6533020682453485,3733.0
0.5578726743420526,740.2384891669458,737.6952820772553,0.8383300687690936,3851.0
0.3917470814332722,650.0872545372166,649.378074528129,0.6929909903149659,3005.0
0.8131967971527171,1028.7515878770541,1026.100837453567,1.7073408269127759,4953.0
0.7832763983129606,868.9233087134942,866.947772793988,0.11438700656218036,4734.0
0.9567696333547471,883.086169509208,881.1328057568469,-1.0653485805136085,5254.0
0.9182050507019235,996.5280231082298,989.9217352263926,-1.0063075950371982,5286.0
0.009024109892612597,,,,90.0
0.2414409067930231,382.88706135247776,375.0518192404864,1.5458117147547186,2070.0
0.18424439953900196,261.6869618839894,260.5171014770829,0.46228786886285245,1595.0
0.2070634013070437,339.1287165766881,337.91428753179713,-0.11124193722844569,1802.0
0.7338332385596926,807.4700275430951,806.0073268560336,1.4058766367631481,4559.0
0.5406083883035109,653.731036337944,652.270758512837,0.9156625428082044,3727.0
0.13926135272148765,220.18729106217262,211.37997569329633,3.015779991470137,1277.0
0.3686244341347491,512.6131642866209,511.1045137356306,-0.7494201613088977,2917.0
0.5777937130900028,826.5082721071592,825.1666912761988,-0.27959648554379624,4034.0
0.8063446163383335,947.6994297173097,942.8736993761372,0.6931925823444283,4869.0
0.35818587166774674,516.9199711188675,512.3370815013307,0.5587702623716807,2814.0
0.303800124292845,521.989156958726,516.275852654564,1.2947316216312004,2477.0
0.006317686364173958,22.509090909090908,20.263196251952103,0.12759153002955104,68.0
0.39997146820931284,656.948100324008,652.8298970855842,-0.754103485529872,3120.0
0.1112367736249642,207.33920847542788,205.6184273934298,-0.29545425645578366,966.0
0.70280151247671,740.9974899708386,740.4240881074553,0.07983131698569902,4449.0
0.08285255400159752,158.13906555637973,157.24969426068205,-0.025383647885238347,792.0
0.6647801643265122,897.0573943058137,896.1439976183417,0.17439822547490463,4395.0
0.8104504804350203,849.5397890073812,845.7976929305448,-0.17477580203304233,4901.0
0.07418231408722109,128.09616673207654,121.0293975405893,-0.91675181890278,692.0
0.6336181379707868,867.8900410569319,864.7321331061728,-0.7799838329799778,4194.0
0.8066369760468874,991.3491646488806,990.2187212454169,1.570703272642313,4850.0
0.6153935568564656,799.6412506647667,795.3477130483858,-1.1915622885988448,4120.0
0.4751853750992262,719.25989142452,717.1269877275344,0.0367950748749292,3428.0
0.45149595588177494,635.6357773103464,634.0548872454967,-0.21204329510034758,3394.0
0.832557843730147,927.9538221674528,923.0906584176198,1.5333890885190953,4947.0
0.6010799546400565,833.265693790467,832.639223050858,0.2284941892932754,4063.0
0.021364169925503607,59.23979007174153,55.90198569570214,1.107945078014654,236.0
0.32965763631911127,504.184778240275,504.05842414614204,-0.2694658745979544,2616.0
0.17127105529560882,293.41227653395725,292.4429752753729,-0.5799436235499495,1460.0
0.8979947422326059,867.4732217231956,867.1077942039868,-0.1994115271501095,5120.0
0.6378589751313284,786.6982145116734,781.6875331279678,0.35219973927270404,4265.0
0.7626247199980272,806.5545872837173,799.0894297928236,0.5881483219267036,4725.0
0.5223435627804734,777.5337698576301,768.747514382331,-0.673699203919642,3845.0
0.7979641655234677,936.9114500542079,926.5077858580386,-2.5023445924562098,4856.0
0.14778740799078915,276.5838405773556,273.5111549018876,-0.49705457052346064,1311.0
0.7201440808704713,865.7492596764222,864.641301422641,-0.46219504033475345,4563.0
0.8865564221781824,988.8109810911541,987.1218158905662,-0.2497700645380442,5150.0
0.25164256686909525,409.92121797706926,402.77027800431284,-2.555464980102633,2170.0
0.33036456685237037,436.7781892736754,430.6885369555063,2.5513145042793637,2678.0
0.9394632527708365,898.1702832551491,895.7172897121715,-0.5574030436569242,5196.0
0.621890682818428,731.316840122344,730.0647696645065,0.8629728854234873,4191.0
0.3257860963345335,463.07157700479934,461.45714345502466,-0.7376605297907742,2674.0
0.5260176479907998,720.3537119076553,720.013276891014,-0.1909752310360142,3739.0
0.7936812235033122,976.1305952560615,973.3630955772522,1.7214726945298089,4936.0
0.4479516850416132,620.4115001946302,619.0495583906355,0.28242522204366427,3229.0
0.42826006084210366,626.485784851391,623.2929378092207,0.6376633184496621,3256.0
0.2644791005106062,451.08068258667663,441.35036469655563,0.8300346856156042,2272.0
0.8847711107806351,897.2766339312237,897.0180009987112,0.8534330653378013,5079.0
0.48121390028053024,609.1824040155042,605.822004031161,0.48703162991109694,3564.0
0.4820986515213779,732.476157165171,729.3589767078988,1.0333870705533579,3446.0
0.7196122529314822,952.441621540106,944.5160872885384,-1.6717249131231038,4678.0
0.5126095804417157,623.8920147877416,618.461887627833,-1.1033972487956374,3654.0
0.8603158616740679,927.9315147336688,924.312485998653,2.2783386937777426,4983.0
0.8401771355539636,989.9190954327631,987.7588799229069,0.3234939261656492,4971.0
0.2505535868663846,416.90355771176576,416.4068898862101,0.26184855841679483,2056.0
0.6704283048824545,830.5774662773866,825.3101282762199,-0.38772720610823913,4294.0
0.2091981599350854,364.86185485056694,363.1398057556875,1.2791452302673567,1803.0
0.6846705826447038,833.3723620732422,832.373548237823,-0.6179856391011782,4349.0
0.9564711442837288,957.2692035184934,952.237296297053,-2.1901838215343825,5263.0
0.1367614213998266,255.714334195183,253.08486463852896,0.2596055844859586,1259.0
0.27945086263252605,452.5444361892343,452.1730119264746,0.7484073373339437,2268.0
0.6042008585794257,730.9336987814686,729.2445647753282,1.8726298736856275,4124.0
0.17309789150396981,362.38777075411707,360.4951845983385,-0.21312258849234053,1620.0
0.5871161309975866,849.305068383612,845.8426805282764,-0.3067806312092637,4014.0
0.3530721173194046,495.7195904959344,494.21373771015425,0.4640241048676256,2834.0
0.9049711735369415,927.0578438016746,926.6773249843022,0.2989552662602505,5244.0
0.7585163656051358,874.602306255546,873.6636415994253,-0.6133090519984902,4714.0
0.9340198036110766,944.3311135215802,944.1165596754295,0.21008335697842892,5199.0
0.7831641986662468,1044.9699290228066,1041.218915297783,-1.1411473403227024,4756.0
0.885960276193874,1025.749928991402,1024.410016687308,1.270384867689506,5108.0
0.7881435732743345,913.8189694349854,912.0932438889396,-0.2755933162882389,4828.0
0.26926354819022547,443.3797371684784,440.65945188642996,-0.6392200339503502,2277.0
0.6995231540584567,930.894316520943,929.7685317168254,-0.06896726224103053,4383.0
0.4457532192048803,614.0364356441477,607.5944450070768,-2.214647992472694,3282.0
0.981035085938506,997.171503563125,992.6390661691323,-0.6553481932151273,5335.0
0.4411029309628115,656.4782456567395,655.6510973571583,-0.11786598041442607,3303.0
0.5979310231307803,781.4299176890892,780.6411924589479,1.1084506480640512,4050.0
0.20262917638089628,360.7509240173613,359.2443671522309,0.34754340355377983,1785.0
0.38511424368431746,518.0805147183851,517.4252646909692,-0.3765924307777273,2976.0
0.46000909917417576,576.0770548768769,571.5776264398831,-1.4783258812202318,3330.0
0.8662533267643036,942.1716832171022,933.7889279940912,-2.422918196249495,5043.0
0.28698707276059787,420.41279325061026,418.06172856621,-0.2250672371205537,2428.0
0.542953811105095,707.8431888980492,705.9454710956148,-0.26127747118400674,3746.0
0.2900557265896653,496.2728580459119,493.5725165387573,-0.8844073213684461,2399.0
0.5673224210850523,784.633238101265,783.0125221685265,-0.700988404273774,3951.0
0.8109121792307076,868.4027033734297,858.4527898064341,-1.5775561080486986,5000.0
0.32466614767038726,482.22754489763753,481.38631531840906,0.36868445541442324,2612.0
0.9737599341308664,1028.6864369777181,1027.7338411335572,-0.1736322168961982,5425.0
0.8325583512913567,925.7776531159788,924.124440585942,-0.026271772324623365,4945.0
0.1727976242473166,287.1872660796373,285.75647139649,0.9649965870783472,1525.0
0.13261770514643223,219.24443081890362,216.020623198714,1.1644854663232969,1208.0
0.6530399434449116,762.6205565009005,761.1834600361411,0.0022946930900387464,4369.0
0.7512657991487176,906.1509288674215,905.1984400742003,0.7719833562346983,4715.0
0.5773407808602916,857.3107958664312,853.0461884629291,-1.5821929216681128,3984.0
0.27724125406611255,404.309292032196,397.89545225889805,1.5045109639368504,2275.0
0.5047493341937765,697.0139470996821,696.061265825426,1.138431510808264,3667.0
0.47937096358476017,679.7025892562963,674.4868159279656,-0.7500507254029175,3577.0
0.7984779687440128,828.464264468567,826.9830095926577,0.03920373637617817,4859.0
0.4005965063419996,541.8942470729547,540.7449444780194,-0.9713623481209684,3088.0
0.7552624929629083,967.0273598800545,964.592569684548,-0.8727453221489608,4769.0
0.3621480349771006,511.9494374958369,511.5004121077223,0.48710317082241616,2803.0
0.7661865309131133,893.4570880818798,890.4059721854992,-1.1969269173352222,4717.0
0.4387320478103105,569.1328025310919,566.9515354531575,1.962383236511873,3336.0
0.5168116438600899,663.5950716833119,655.6596567558503,0.6445526815914204,3732.0
0.7566381720657563,886.868579642686,884.5784155633003,-0.7313195864788481,4688.0
0.4835043996508709,603.444489662689,599.4763362972561,2.132885800807061,3562.0
0.06656598259369662,132.9450326885521,130.3414805119619,-1.5323502418467754,662.0
0.9966676243470989,999.8208042518266,995.2930192226427,-1.7241142366226934,5471.0
0.4245236033834451,583.7521692108725,582.4302521727501,-0.7589763839084368,3167.0
0.7609812780869898,922.6854513577563,918.7450120358161,-0.36953307615223424,4749.0
0.5975379258288855,726.8115700793524,723.4687545956906,2.2398929604910927,4112.0
0.2054886381834259,351.5357247816014,349.76429782585365,1.228605510566245,1802.0
0.8780882240723163,1002.283358909776,1001.0637284647911,1.2282827214740792,5122.0
0.19885651226818724,338.64286903375165,335.88053612656296,0.5045408928054111,1718.0
0.20191181380804823,285.1026172789387,283.66584319812915,0.1326053690585185,1733.0
0.5358634722364051,694.747325585453,693.4332562547033,1.2640954600164818,3855.0
0.2878454298093027,421.81116292833804,420.29289001349315,1.282370339788512,2404.0
0.6993012276265603,798.3691814923635,797.4771351586611,1.379677305229431,4491.0
0.5497995315805931,711.0237594523123,708.8102670465481,-0.95291945004867,3831.0
0.7387940835356415,827.2209843595655,823.5053613025756,2.150297262179228,4579.0
0.1915703011019102,304.1010958555477,300.26706034965713,-0.09967083541776543,1642.0
0.7055646126088494,795.851143180471,794.3912997946427,-0.5852758540515434,4412.0
0.2555848758837148,384.78030726490283,383.89761658055625,-0.18907907819753542,2202.0
0.4088790522263718,545.4147299570731,543.64680467477,1.248538066795621,3088.0
0.6045350451336554,752.7135057130155,747.4611568868271,-1.0095045863489862,4087.0
0.6292099229341791,887.4609039374524,883.7512878136454,-0.6401532485168635,4297.0
0.6473297846164332,828.9385827640579,821.9377763600036,-0.3840299575565034,4251.0
0.04870433621513859,76.09091420534457,75.52837074053748,-0.2475493700134842,470.0
0.33157138684781706,482.3111975851677,481.27212081393355,0.3316391940436931,2699.0
0.2938630812840589,494.2903296549125,490.3646256535941,-0.027054345999949235,2409.0
0.21759642870756335,392.89352574158715,390.3061884877378,0.6366646636733052,1868.0
0.9159810189061932,1094.0355958257658,1087.2272736736784,-1.8610987084245876,5185.0
0.9632860490593039,1067.9093804667468,1064.4149468271999,-1.0957325836929677,5344.0
0.6497451322216532,829.4152383587701,829.1483908954976,0.9037560232938406,4252.0
0.46377296512030086,582.0954157663814,580.1039598822944,1.574157959589861,3383.0
0.8300804706916816,925.7419577402135,923.3759270058126,0.6295782960944795,4855.0
0.5511949621892337,770.9194896309375,767.754687897069,-1.0786635396630122,3813.0
0.7257122274612209,803.4091043387338,803.2849694682161,0.2728897740425758,4506.0
0.913462377089091,832.3257772811315,827.7418478711562,1.7638171447672712,5145.0
0.4497230237411459,628.8057891216595,622.8306757471315,-2.0065951636400854,3317.0
0.6877642675502142,806.6406270946203,801.0544709053211,1.1564940913717008,4460.0
0.2823520133204228,461.1844336977913,452.7116870371217,-2.5188522365767128,2390.0
0.6016476308384792,811.3254860355522,810.5924933178312,1.3697928791075316,4144.0
0.7634146551536971,826.2292582633087,824.804747475655,-0.30784811520477057,4755.0
0.9775246305822423,1051.4826394273005,1048.89214540417,-1.069662845434002,5392.0
0.6242355045789473,830.2159550854323,826.6730191954806,-0.6150396379349409,4188.0
0.42911190551387146,618.4733156084933,609.0217119950305,-2.5771389843038404,3205.0
0.4714176882392116,611.3248518627852,611.0170072084607,0.5305111404837103,3483.0
0.2285583124956284,384.66123247460524,380.6581463958806,0.3361447425206186,1968.0
0.9999111785121725,930.01580195724,929.5241344655842,0.37273383402167437,5382.0
0.60583012063956,808.9062991236121,807.5078966575954,-0.667552045703244,4109.0
0.7567283012796724,875.2371574515026,872.148080421985,0.5476144809044085,4676.0
0.09028086331972796,96.85662931273922,96.2337411205591,-0.44744422471083145,805.0
0.03866332134977257,82.24743598879701,81.8559507657731,0.02647394831605495,361.0
0.33225041656051935,488.79596767564243,487.2997967407597,0.9167413315792583,2710.0
0.0918233022501298,171.12433038003937,170.42238938088772,0.24722037424253054,877.0
0.21435288385828544,328.27232290785116,325.98193325254056,-1.1864340044415174,1875.0
0.9086310105468041,1006.8921696871337,1002.7339965049515,2.610439864861731,5229.0
0.6761057003611384,831.8603756888049,825.2152989549608,-0.2673945146320802,4334.0
0.6451961592375973,771.058564837341,770.2816466561064,0.1927526396939893,4255.0
0.561692854508432,829.3418431131084,827.3697775989581,-0.3782150298131165,3926.0
0.24231437658702337,428.4381267463245,424.2812243857369,0.16069374431258665,2138.0
0.3381598911497987,455.0872154150654,448.17982320579785,-0.9097478958050552,2669.0
0.7089337992010085,789.2975757791828,783.2042053057643,-1.4022518716964893,4552.0
0.8185720338869956,908.9877744204482,906.7865157176249,-0.4688098110140826,4921.0
0.5633300729927699,762.7658053963817,756.3749980388989,-1.3388376776453286,3808.0
0.5021216162564012,642.0579405248897,633.2475265756246,-1.5927530746311345,3620.0
0.5284511502929533,704.3877616814895,703.2608786160267,-0.48381009893960886,3789.0
0.49400322967498045,623.2444506747306,622.1898381420312,0.11504486411590499,3580.0
0.12875147726662195,232.99619789191922,232.91405187116425,0.4806826460191811,1195.0
0.5580015592313395,712.7024347319882,711.5876232224272,1.538189288488565,3991.0
0.08421817796563924,156.35256452694387,145.47932791115656,0.32497348007683957,792.0
0.6925767390430942,803.8531983546623,802.9890305108413,-0.2408458182671335,4398.0
0.3375163453670297,522.3423765440864,520.5653999707032,1.3991279560071515,2722.0
0.5884732766534287,708.5692388801224,708.0011459047979,0.25433215309430457,3996.0
0.4056768526610719,609.2722478914449,604.6114204051306,-1.5331597930049152,3182.0
0.14874197603144867,213.22299264336255,212.462153538318,-0.06272732202271718,1364.0
0.2885801874854095,474.4661253791264,472.7510252463236,0.19616724825259846,2368.0
0.43001986102492695,616.084165967764,614.9134258072116,0.17835170265019898,3345.0
0.9266321932649402,941.7147995584986,938.842219539188,-0.7784385748988976,5188.0
0.9110420970036104,1015.9403442755164,1008.6580737662379,0.10361287766484321,5189.0
0.4354932681834395,612.028641719348,606.7380546928173,2.5534973330060877,3220.0
0.1001573491545682,179.9351074579334,179.87505547756146,-0.060659903769395104,940.0
0.39326366500711085,659.1526971121506,653.149510965932,1.9234293135507836,3084.0
0.5319295905061232,711.6653684061998,709.1993871238317,0.2538563866572456,3749.0
0.8189658479141311,852.1285513242831,847.5641229776933,-1.0707578911915625,4853.0
0.38603396627898734,593.0727259934808,590.0655443564749,1.96022708638992,3006.0
0.4642482920393951,610.6709175240077,601.8386195161225,-0.9412377794131483,3415.0
0.4783818284197735,535.7005021097857,535.1916843032053,0.5462823899921828,3476.0
0.5007550135642279,727.6110359376347,725.092585278398,-1.2901311737594578,3624.0
0.1221858686127989,195.92333291906803,194.473685742292,-0.5572825756430279,1092.0
0.2121817521033118,410.609082184249,406.88737650472063,0.4399343939223075,1896.0
0.29725940459869193,447.3606334088359,437.8668063703457,0.6810093061930889,2484.0
0.8719666593875213,949.6962376159062,949.4611879952423,0.48011873220408324,5122.0
0.16550130151026177,341.3782768932896,340.07434981304465,-0.057135913659263765,1513.0
0.6157077904066715,815.2281475120737,813.597745726591,-0.6683190808935477,4092.0
0.057372801125659456,57.397025838921984,55.44891000999023,-1.294791864311862,541.0
0.4400050868930174,617.1645963239696,615.453238999228,-0.10521542458788448,3277.0
0.182249755179126,299.7424893407079,288.41824851223964,-1.1667941200478948,1641.0
0.016254231673245023,38.12571428571428,36.04792549714615,-1.3409889969345694,164.0
0.8944530895390158,950.6859969944059,946.6180625333584,0.7133798917376124,5149.0
0.3160099944324737,459.74284813114133,458.6304207416017,1.2440670429764575,2588.0
0.7520244061777045,821.3065284824507,817.6355872623647,-0.8518943077727379,4676.0
0.5314643022503626,696.8292729176031,691.1646663310529,-0.1756311862441152,3707.0
0.7193592862376815,986.5782130066004,985.5863146931281,0.1952038362598296,4544.0
0.34510499824608465,488.97740115552966,488.29767043261836,-0.48980186603645487,2804.0
0.037894693486380415,87.98892371007565,84.14798461872736,-0.9760537141089407,368.0
0.14927564867671705,275.0411429780869,256.2305793522041,-2.0582766221684112,1350.0
0.5794117082719671,788.9126745270096,785.9163737246969,0.15242249150809384,3946.0
0.527693582893764,695.8807373502184,693.3889288599376,0.3428105807364275,3839.0
0.31057098029983854,484.4313211437838,483.0875940192011,0.8130661421877664,2498.0
0.4727907951078497,686.6243917727717,685.0632715636992,1.2298811360168873,3484.0
0.7400731567493741,907.9997166660852,904.5724364987217,-0.28286939675901485,4566.0
0.14536969059846083,204.583410531041,203.92511320979264,1.0611770010552797,1300.0
0.014496926570324198,8.44296450767039,7.401975366412085,-0.06859462228339491,124.0
0.6842620874315778,913.8992524372925,912.8155842436425,0.5019544979547363,4572.0
0.9545853344579339,1064.3211769969741,1053.4853268793474,-0.243713471719356,5348.0
0.5227805676173657,650.3520095373855,649.4494175886339,0.24297834792406187,3793.0
0.4938144652373955,681.8724151176795,679.2927800720272,-0.7140984193193213,3576.0
0.32921539037548064,484.3861849737478,483.10606652435365,1.1083370665935972,2638.0
0.8730385175803544,889.2470514810394,885.9927155269334,0.596952273089239,5058.0
0.18861628410786713,349.1158851315457,345.6414221691105,1.312135417007496,1691.0
0.6579205571610497,792.727613648769,791.6029999895658,-0.37195957225253784,4371.0
0.10370840600741615,203.44584584437607,200.8149947034447,0.6855188268766905,966.0
0.9892572830564615,1066.3693400356158,1066.1125922305814,0.12852840096029633,5379.0
0.3382308297774278,536.7096176020076,533.717478600365,0.8372349226050648,2783.0
0.8761829757325326,990.67038608099,982.8772465666807,-1.52104555686398,5126.0
0.14688675619035751,291.02103126881593,287.8771962057127,0.346183488444994,1336.0
0.3122138509072834,541.6221212196974,539.0390333386435,-0.1136080844492903,2565.0
0.7490259680181901,857.1293900395655,852.3362161018512,-0.9273437701997016,4656.0
0.174459170073493,321.01668030381455,318.74572369231896,0.9438914526601028,1578.0
0.3110449610904086,535.7130192412261,533.9894237353776,-0.05745624851338688,2486.0
0.2883410647837843,473.59180618232654,466.51345376911604,-0.6894766816269355,2422.0
0.12611814179684033,233.0096275122986,227.6541807993788,1.7304228819756795,1151.0
0.7023801334012096,831.4237420753774,819.4180201755797,1.7508228634711858,4465.0
0.20095162468749583,338.2668640712128,336.59142142835657,-0.7882345464165601,1736.0
0.4200925931444466,636.6313335968349,636.1742201694508,0.3231164332078844,3177.0
0.6149700538530036,776.3687542810726,772.8514933319311,-0.5248585544541019,4167.0
0.3879501925512032,588.7341073935329,587.0588221524905,-0.9044738930193694,3110.0
0.5065969374993476,682.9417118672634,677.3696577157506,-0.2756414268944137,3633.0
0.46887796898781664,656.295928655579,654.6617409893961,-0.02957555609427885,3459.0
0.45251446735285905,640.6446293864743,633.7569986359948,-2.02497378113424,3305.0
0.0003434273227861384,,,,4.0
0.5792005384726163,734.370233671509,730.4443909531283,0.47304971912835575,4043.0
0.47171194085286094,677.1033336543915,675.3414986512081,-0.7043392435132864,3494.0
0.9105456608808289,1019.7704178191559,1018.2647696325714,0.39589062792620056,5162.0
0.06693712475622537,105.02376336416641,101.10130391123054,1.902472061886049,631.0
0.1071003041266887,183.82869558607322,180.86051966782432,0.3444068984113776,1031.0
0.4855620945033581,693.9130653605063,692.0526709688472,1.1415883566338816,3524.0
0.742112640568933,890.4524262836704,887.3419779597536,0.9189178690134175,4625.0
0.18224648069789573,352.60935918195565,346.8268742646632,0.8249508375246772,1610.0
0.1370428815187965,218.98037030632963,218.63480513863948,-0.10037097108988015,1216.0
0.9001005004371485,1076.5435777433327,1072.433935322998,-0.2569482970555397,5175.0
0.5553614589058045,692.9267641591964,692.373906023252,0.43374210652393375,3901.0
0.2568027815947509,361.68984276373993,360.0055010297126,-0.8011209424408136,2178.0
0.21165442820838987,386.0734770933054,382.8708380927921,-1.2413607191871732,1834.0
0.4267869942202337,630.1879377513616,628.6411706401541,-0.4592145351822076,3255.0
0.7300708578720774,926.7134490030691,925.2935408879468,-0.27802801781246533,4584.0
0.4505031719809771,661.0285672254644,655.8189979975064,-1.7725131154708114,3236.0
0.3639281443365354,593.4046785726435,588.7013175021042,-0.3727057403759205,2834.0
0.41653835077339374,549.5270709932975,549.3121575346137,0.7124020812524293,3109.0
0.6736604452056747,807.7044641329062,805.2761571056476,1.4855754217467263,4365.0
0.7635583427546943,867.5211226618594,863.2032871294045,-0.16708847560099827,4658.0
0.7648867625784656,800.4815104306698,799.6186619734094,-0.14033556886554793,4691.0
0.14207551055883716,311.3687366182043,301.59110790079376,-1.2172001745303374,1295.0
0.07086537874885446,121.81385375772821,118.97106704147185,0.9757135298852196,653.0
0.37315254179946766,548.7420850652219,543.176968217905,-1.4398126236436533,2887.0
0.7555835366447075,838.6961901016205,835.8242912856547,-0.006471937711660538,4617.0
0.11605037019875541,193.54562924519584,190.2155504627618,-1.4773739599607356,1097.0
0.20434537648768425,305.8160712890354,302.73986116171994,-1.1097555971092476,1705.0
0.25112485396275674,483.3624293739283,481.01980217620377,1.929455083715714,2159.0
0.37933850191434815,604.5313410484575,602.9437527694815,0.4727793319216494,2968.0
0.934625503992371,858.0872117686241,858.059950248412,0.39828795848453946,5314.0
0.22546363116666135,385.5062551204125,382.67216633956525,1.5625098816169771,1985.0
0.19323815995754134,317.69768516832016,316.04629490849703,-0.5656261146476309,1705.0
0.9329101432890288,932.018197239109,924.6218624411097,-0.6072056759911731,5223.0
0.7467881762034132,874.7939979911882,874.0034220506653,1.12467263654149,4636.0
0.3606611603329446,553.0641140658022,550.1398057952911,1.0015877134319289,2909.0
0.04757340206757299,62.64587243516133,56.51089288443549,-1.469329222864009,460.0
0.5702083705316687,724.0156466246193,721.6512887580429,-0.7268253526832511,3888.0
0.566201864191377,717.0773879410733,713.7737629216276,-1.3704587191076498,3968.0
0.9657676813396157,855.9873059895317,850.68991018844,-0.6960840679568864,5300.0
0.04176597924199277,82.97653934554619,82.09329463698778,1.3232388660342205,378.0
0.6340439718636359,837.1113779806192,831.3060581110739,-1.6405311786957388,4222.0
0.19866651051477424,404.7818825746139,396.4738174596847,-1.3355640611746922,1791.0
0.9047323585629364,952.3170379191379,947.7808364878903,-0.5976212225517665,5186.0
0.865749574282438,933.2796552757873,930.7083522287827,1.6251478894177143,5093.0
0.5452763322742911,734.8466838793231,733.9703428102097,-0.11319035861263525,3956.0
0.34955045681699226,542.1230317201104,541.7771817695251,0.21066880641156793,2805.0
0.7266331152775448,928.7956215110916,927.3831236602855,0.443027913607453,4616.0
0.316877619385347,544.5791683220838,542.7603781003662,-0.09323634571609721,2657.0
0.19178636852540853,308.0619796351505,306.65622418975806,1.153500704658064,1599.0
0.8054798188216677,983.1575968002036,983.0290781305166,0.5597587308051815,4875.0
0.2198064284272373,321.73187284969345,321.6111226269331,0.1085235577927742,1898.0
0.35649241322248615,521.2738132270997,519.47505391942,-0.5511392346739481,2724.0
0.543968457863922,687.73754105253,676.773295319539,0.8375217990780738,3821.0
0.11680878108813231,202.3779032268361,195.6781310528494,-2.106107792358486,1081.0
0.6444928557821891,902.498713193776,900.8496885618354,-0.21582967428093972,4284.0
0.04039017757757202,69.82495759947814,68.39979195436042,-1.0235388558192797,413.0
0.08264617418468045,194.37734548140762,188.0783397255662,0.17602565388928965,764.0
0.43697420808264986,584.1092397508338,581.1034583633086,-1.4164985100234315,3267.0
0.0005492986739285,,,,10.0
0.9968617638327015,1009.9878031694656,1009.4538488193299,0.22958055063906735,5404.0
0.5487573291231512,681.6184677835288,680.2446858330096,0.020699136543639283,3836.0
0.3118000197240336,475.3376126155645,473.9913916408999,-0.4750481520276159,2570.0
0.8377614436947002,894.0095249737811,891.7677020527011,-0.2602182915567587,4980.0
0.43784903963233557,714.2974146076257,714.0284189283067,0.3248161413228877,3344.0
0.14740550752519543,281.9721572662047,273.8932259348589,-1.2643786537309627,1280.0
0.5095671280651156,716.2676902456313,713.9934243781604,-0.06253174518138355,3665.0
0.335050742751843,506.1995250236034,505.4686163944394,0.9237820548188301,2716.0
0.5046816884360084,663.258514284761,651.5785164992708,0.7340526825212775,3653.0
0.8766709404780679,988.4677101992722,987.2740762497588,0.3742745524129576,5095.0
0.029598801382988427,77.64353949096997,76.61335171729394,0.15180687164326523,306.0
0.8463130236453059,977.122834539354,976.4032633258853,0.6514057631036311,5024.0
0.5331119655558596,702.7259215797475,700.424780480496,0.13519042467820772,3744.0
0.8470343642603338,874.1898059418446,869.4651062342339,-1.4020770270745437,5066.0
0.07319346647069858,131.47184782218483,126.40272890153048,-0.08524037687314011,706.0
0.11750559951492923,181.2215715505458,181.17496671694144,-0.00215978523174359,1102.0
0.8563753415146027,911.5209814034208,909.0269319740113,2.0654571528121166,5016.0
0.11646567520347595,193.37822266730885,191.77620480880034,1.2991173130568627,1086.0
0.06499234087703498,134.32724662320015,131.8880222175612,0.7504365897969082,638.0
0.4149915510428004,641.4545497848382,640.0598671798606,1.4308903261674915,3189.0
0.12489717007996715,247.48340222922454,239.98291663313714,2.718385981726629,1124.0
0.23759838642790332,338.1012063275639,335.73582200040335,-1.2358836131671416,2061.0
0.4494154977442302,653.824488705513,649.5868589564873,-0.7365483401642237,3395.0
0.9261690397199209,1041.188067316152,1039.235219493275,-0.45278382228666686,5192.0
0.06490082112760931,140.74531027881892,138.39568221285404,0.47874936939307583,646.0
0.34774079745664166,530.1907041631773,528.7152744989672,0.5716762224794796,2751.0
0.8345390822878513,968.9556667187405,968.171788247299,0.1095160922857169,4908.0
0.28925625108031217,437.3512277828778,436.4260503808847,0.35504857000019185,2386.0
0.3500860747429546,486.1495307448353,480.8251371507617,-0.9363688704240617,2760.0
0.4507134377354377,693.6522558089329,691.3158551312047,0.7110860521846267,3427.0
0.8007418069280061,894.4212825773803,889.0309588967291,0.7553512725791964,4891.0
0.30532313614489137,475.58920157036255,474.2136534522028,-0.41053391292218877,2441.0
0.6133712645355317,801.9331245477985,800.8281746707396,0.09482787626513978,4125.0
0.055007716649944305,132.62970855099627,132.2898194707741,0.6695374672716695,540.0
0.8241067791953033,775.3261597005389,772.9249602915891,0.1765032994497439,4882.0
0.4160637539422145,650.9101898575722,645.7864579815431,-1.2837690491920146,3147.0
0.23566970144052224,364.13412021691653,357.03888892723535,-1.2639398740498613,2034.0
0.7484373098841421,944.2690279018852,936.218837617378,0.4241302812014214,4759.0
0.4567595431025194,625.6588003969603,624.2299058613291,0.6984690592819595,3394.0
0.49944303656164446,662.9706044900784,655.9439584103885,-0.3983867831166907,3585.0
0.26342910127709807,376.02583423518627,375.1906681460647,-0.3885079387351688,2139.0
0.9372614484684932,992.5441313827168,989.9958304963833,-0.9861258675693823,5318.0
0.4746766707501171,662.355229578194,660.2277827751205,-0.9097744628377352,3529.0
0.7821321027121866,828.6365993012529,827.5997518007621,-0.5134411076552972,4762.0
0.39389715655727175,515.8250878075226,515.1539879505161,0.4169840241850096,3031.0
0.10329770435269747,170.11657157008108,163.8403085256032,-2.2762292632905283,929.0
0.599574160478946,739.6868323765483,738.4413373412629,0.7533206278661804,4130.0
0.06309746079653178,125.39076453796316,123.64785834158187,0.44547669768530235,570.0
0.15015570674593126,273.3390006062871,272.95087109847515,0.22630080724792706,1313.0
0.28779050621397273,392.0613590154694,388.3461272694253,1.815134193779633,2372.0
0.33047718609177346,445.8714453653077,445.24979233649304,0.9182025186739815,2608.0
0.26595491630077783,395.5264900086144,393.34978716424075,-1.1664633635172634,2232.0
0.3429733017702823,550.1798430207356,547.6214210013812,-1.4786702652566137,2754.0
0.21021548537038282,322.2893938690743,318.79353777868477,1.7587566411008408,1804.0
0.0030981918515583518,,,,32.0
0.18023601121814037,328.4126636187378,323.84291926470155,-1.8167828533195731,1601.0
0.07300002254909632,162.98441466446027,159.60137143758126,-1.5213204593855385,716.0
0.9958822081132576,1023.3212205325713,1021.2142475652934,1.1755747188991412,5485.0
0.008028273714516199,13.687301587301587,9.162817269240188,-1.1494880312904858,76.0
0.7168235087854847,790.7594735263982,786.6881228795667,1.072347325468052,4600.0
0.044793079949767334,83.47070639652489,83.26722910040048,-0.0257861528160533,420.0
0.6624281633629094,803.5990757562736,802.849233162916,0.6683215953704231,4320.0
0.46196145758912965,650.4874555337647,644.4928174261512,0.12367906607933231,3299.0
0.2212324500965943,353.7513431069784,353.145916629123,-0.3252646115495001,1875.0
0.32581864043794573,524.0291686489246,522.180079978701,1.3142499470874198,2683.0
0.5008732622853347,734.0908187818442,731.353933844225,-0.30386258094755497,3664.0
0.9802514012567739,1014.1315061219483,1009.786260474271,-0.19087273088593235,5400.0
0.6194967422683595,711.629693488307,710.879370970731,-0.1694502439542736,4158.0
0.828193658840486,906.1432561665156,897.1136277132473,-1.5762573269735196,4997.0
0.42605369478882316,646.6353934659721,643.0112519516223,0.905877357926279,3215.0
0.4061229781625725,542.2397764635376,542.1634214769049,0.2813237014911032,3130.0
0.7880557142586424,865.7697122380023,864.5170674342273,0.4843354597328731,4800.0
0.6574025092997711,799.4036731262609,796.5476396845522,0.2672132617490336,4302.0
0.03861781500978034,72.89533360167135,71.04966522914211,-1.259070574365003,364.0
0.7485591707309724,835.1313386507437,831.9529468608617,0.9248187767566836,4753.0
0.39598059813190367,602.228166946296,601.53940462145,0.03197050786341648,3089.0
0.24580729274099333,484.236553715369,482.3589277517683,0.9226521855840857,2140.0
0.9027887377287824,941.6841111699167,939.2119756486725,-0.381454446667983,5169.0
0.5408768305001096,759.8850547963129,758.8928040301555,0.6546158426686558,3797.0
0.31747320722824657,451.1624440444973,450.62271974023855,0.3452802821355927,2575.0
0.9686890039116252,1017.91610956195,1015.1305886096706,1.1735365722970472,5355.0
0.8912452991078121,953.8574827685949,950.1751232366673,0.367849637686146,5195.0
0.2615533855175083,398.37168933097956,397.3066740865451,-0.14707690543977753,2226.0
0.41373411620380596,608.9073677137093,604.2599592883989,-0.612132310243663,3195.0
0.30654503777515496,483.0856459560772,482.5863390316351,0.7349036363546348,2474.0
0.14676727548523594,222.1306648659116,219.49362204623662,0.8260285067386752,1317.0
0.9317393550223025,936.0670657813398,931.637128879174,0.8073636725613433,5199.0
0.2999807430712744,457.9650686621149,454.6095609800906,-0.3372915683454068,2509.0
0.6081288149050947,839.2397848584164,835.8837603876019,0.3565853072341036,4159.0
0.5101857818787664,726.8719818150337,721.640309580928,-0.919104926002815,3611.0
0.39373192167892423,510.7049820691137,508.35406388328715,1.5198983372305541,3059.0
0.906769357550927,1023.821965925126,1014.7360350423841,-1.7663731664695965,5198.0
0.34676520607228745,551.8706194802885,544.6516776577831,-2.256784069352424,2695.0
0.6023394093207767,787.8797965936677,785.4572376930339,2.017721209514396,4022.0
0.37462723260863606,542.0877340408017,541.7245082218474,0.6656123928770669,2935.0
0.1226113464471057,234.78815320539331,232.3179026803356,0.251323086452693,1123.0
0.341191585043659,540.2383785703847,535.2912908526374,0.9977550494387604,2769.0
0.9801794340399329,1018.4607281039571,1016.6547741164466,-0.1764015232745516,5471.0
0.43306961340719674,601.5557308543393,600.9751512677437,0.8722013336955465,3213.0
0.32460120202180187,541.643989181534,540.9462815112062,0.5247698636463745,2604.0
0.3621640331908387,596.3671794694851,595.7977204466317,0.4224083842648274,2778.0
0.2661125407935394,435.6731122321944,434.22470957203063,-0.6355365688090328,2275.0
0.400196766609606,518.3651585240848,517.9544822949397,0.09639828886611268,3056.0
0.044464358898526624,83.44196351981171,81.21633125278994,-1.17430959194308,390.0
0.1908180827823398,344.0744576853205,340.3067385184189,-1.4464144624609496,1663.0
0.3842752712422455,577.6531233594852,576.2754101752614,-0.24726201107838516,2980.0
0.6078038594942022,747.8253644016274,747.3916904358362,0.4436521370414314,4131.0
0.691101143533856,798.2805525677094,794.5110375145813,0.3853072198464458,4414.0
0.2802154669087744,401.0486078215735,393.3524343016422,0.32415064319216447,2311.0
0.18186106331123852,287.8240153621012,283.9071273128036,-0.27056008448046653,1621.0
0.35337797971750795,496.38513868109686,493.6866925952189,-0.9275326153344728,2792.0
0.6853664040184431,800.0075086190751,796.3064285278115,-1.1794633384731308,4548.0
0.8638818339541667,875.9971557645921,870.0757284525852,-1.320560768445687,5075.0
0.7265855794322879,876.336781952872,872.5784844441418,-0.7375880862949414,4640.0
0.12480577422306449,242.58342586276763,240.3578026450303,0.624371353087823,1136.0
0.8367029706449157,921.3846425448421,907.4534157791571,-1.043244640045159,4953.0
0.6827307878740688,825.6117432924332,822.7509001721204,-0.04779903037684016,4462.0
0.7081301377189202,871.7884778032073,868.4584973730801,0.32611643322050915,4508.0
0.9357021014866703,989.1502642261037,987.0636898107067,-0.5077961524149467,5259.0
0.49008924674618726,775.0590212632799,769.7127649077522,-1.512017706794482,3573.0
0.42096461682336317,624.7628457083209,618.6443071191504,1.9805912730727477,3229.0
0.11956605318356328,237.95181999547583,232.37200924806743,-1.8506582279618689,1116.0
0.46228635579755595,696.3842674436256,692.675233261818,-1.4817918207427692,3405.0
0.18505447667429709,260.0049273663241,257.3556263591985,0.9451487419236588,1550.0
0.8933090557419416,983.0828233781839,979.6220615690427,0.1174029091506615,5061.0
0.16430039268852092,329.5985636859976,328.7894170246379,-0.10864220973676385,1549.0
0.8951686545899971,920.6395298367402,918.6122214245748,-0.9566178102434214,5181.0
0.9023672822955299,903.1364648166042,902.1264022437574,-0.649845923270846,5224.0
0.32596570458006835,487.1152890911684,484.2914021723851,1.3761832336023678,2583.0
0.5321465578873215,690.4624004489665,680.0455698275634,-0.56265459963961,3802.0
0.9834019461861975,1016.4672495606711,1015.0996395554241,0.13982941420392297,5543.0
0.5488741798593861,752.9366736910804,750.169756623103,-0.6071552760746269,3815.0
0.8657942761820991,908.8850485191741,906.0206479741847,-0.2749907828696728,5056.0
0.18662081650904294,246.07770842861765,244.51534572611567,1.4649082623034357,1588.0
0.7340477247072501,867.841492929392,866.3623393414385,0.08224709630685106,4678.0
0.7274972551171972,880.9995789788376,878.2687755626946,-0.9054022660047566,4587.0
0.11989389406416806,178.70216750380433,173.43901314865104,-1.5880611928048183,1083.0
0.6102807288770423,781.6080519017419,777.2619129742809,-1.7513812979496495,4081.0
0.04412502211405844,96.1236074270557,95.3662528791094,-0.3968890822340448,412.0
0.8336855663822276,954.0841409293544,943.6068682570013,-0.21348073393165576,5014.0
0.16733690211285068,261.8946626470671,259.9538398196559,1.3276550836426961,1541.0
0.43468423443271076,618.1747533264721,616.5960830137309,-0.5404270078910296,3256.0
0.15534318975417505,271.72026354963646,270.76306293351587,-0.5607170979807973,1422.0
0.1873024786740619,278.66005384693136,275.5877716827856,-1.2074104810055495,1609.0
0.12415181224162974,211.7367095427283,204.44410244458874,-0.8802167906559065,1104.0
0.7555752215863472,856.3914064842087,849.1346893763068,-0.859499352266342,4680.0
0.24225182544153423,479.2437976785172,479.1184405932383,0.1934251467688073,2087.0
0.40330968363288666,635.3644988771189,631.4174947134885,-0.9308566610917972,3090.0
0.04437908131234747,88.34233908948194,87.20790306726775,0.9045422283676939,436.0
0.08860311061823689,174.8464786418757,170.40009546072264,1.235119928882167,862.0
0.22128433201865627,390.7954362830094,386.02150342249473,1.368930103558999,1931.0
0.5392707211957702,828.3922697801078,822.9882238827173,-0.3089796586883194,3835.0
0.9890109364868427,1065.685182406874,1064.6911315333007,-0.07291774505793001,5415.0
0.3599392705549671,531.7522421939173,528.2780029427373,0.3931095577298601,2793.0
0.6030320781931267,717.8229017702613,716.3815746944516,-0.5704441168449957,4187.0
0.5692036892283969,860.4869069210245,857.2096576051081,1.2255000042511208,3922.0
0.9917874750200026,961.4982241202325,959.7144972001184,-0.5599710997272767,5372.0
0.824857661877678,897.6180016866526,891.6270621858695,-1.7970272293362164,4930.0
0.18165183435593268,322.2913642116454,321.6236099935445,1.0101877185261965,1604.0
0.7907619050263851,942.9788671060314,938.0218871906148,1.2215589506886557,4842.0
0.037231234056070095,75.26364014938825,68.58165238247032,-0.36985151989750215,358.0
0.28909321649266995,525.7831447616369,525.6037175406585,0.6046105546203694,2377.0
0.7774911048166786,868.0399610868161,865.1940681063345,1.77671776934668,4822.0
0.5964865611036978,781.7341897558471,778.9637105469347,1.464210673609586,4051.0
0.3414333760738165,507.32075334613756,506.9186705722519,0.08457906343377562,2759.0
0.5077226957901928,686.0425520721693,684.0849653422321,-0.8283358385076129,3666.0
0.07836482556887547,161.5080804526364,160.3298346896448,0.5871789331882404,728.0
0.44692333571379594,661.1773016013257,658.78933686409,-1.270745365320283,3270.0
0.8147162331523015,845.0731149004394,843.149093426393,-0.5362730370072712,4954.0
0.31262611218154024,494.4387644935397,488.6836936357205,0.3187611226409379,2529.0
0.11602559372627319,140.00349661301348,135.19827029912366,-0.09717386100225373,1070.0
0.6085060301623092,792.9658466750404,786.3480142079684,-2.190961032286924,4222.0
0.47054278503419245,629.7878031963563,625.2129319058198,0.32113315299182665,3374.0
0.4221086163621983,567.0151427873969,566.4861126794333,0.6881510173078159,3119.0
0.8757413532943827,850.7207644691588,847.8377391637722,-1.319713163360511,5150.0
0.8700046446787708,956.3327422389148,949.6520561697121,-0.7623135824480939,5110.0
0.8483170363462733,897.4881671567399,895.2643288601907,1.0611973841029505,5042.0
0.8083068279771607,922.1311271133568,920.3784392326606,-0.2492248635333832,4948.0
0.44824431531375575,724.7991819330168,723.3001184514984,1.1231069522596715,3316.0
0.5969101004999584,738.3656083070714,737.033302763801,0.10952199061868421,4022.0
0.4138282749771316,601.3378935478647,599.0156141571935,1.8307778232032874,3185.0
0.733206192427886,832.2926684130524,826.1213740011509,0.5165275419503867,4680.0
0.5365157290630753,741.8933521710809,740.7611748884349,0.6400563898474296,3785.0
0.12087808320724525,215.3693235944513,209.68534082929827,-0.8008136279504772,1071.0
0.757160202085197,923.7862412973701,922.2421661459664,0.3384104697642236,4815.0
0.9949840855734304,1001.2992429362197,998.2165449480794,0.052490374648825125,5409.0
0.27406782394527307,478.32849996238787,477.4281165845693,0.13171157714301143,2317.0
0.31905626909738405,482.35299021190343,480.67813745751664,-0.7452481440753408,2550.0
0.8580076654021077,956.0632592005187,952.6731871780236,-1.4368876261096704,4990.0
0.5367707658351443,701.5793000780161,698.0859264737305,0.3382215922361008,3801.0
0.003213159953329825,,,,26.0
0.4582722812807837,678.5040533999995,673.6025697316175,-1.0360558835021185,3452.0
0.2308372178885647,417.6783745226172,413.51215386262527,0.1719446429615495,2021.0
0.8355294600669432,988.2143161041114,985.7506731783374,1.2894579400836608,4886.0
0.47212131102465116,606.8903265942348,603.846850845204,0.6863263020117975,3470.0
0.5397129005771396,709.820344014768,705.8722331468683,1.211385739704801,3819.0
0.0026657578195127263,,,,32.0
0.24481358612476745,446.29683719413634,441.9748840013522,-1.0577888072755117,2136.0
0.9814954590256932,981.0962109611221,979.5927401316162,-0.36416088794380636,5316.0
0.25303803187364327,427.4991637327387,426.79846674745414,-0.30742206484381357,2153.0
0.15905414747505464,259.3165305673798,256.04387533617273,-0.3145733168264275,1398.0
0.6673767636933564,883.4234508807498,882.5135643613654,-0.12319775400848226,4395.0
0.2852759579362293,413.1008513846006,412.80254390119586,0.08680810324127573,2418.0
0.9432367310677564,969.9724417332142,968.2879165939888,-0.71830115075408,5238.0
0.40164637336680153,647.1188700078834,645.121165764443,-1.210892848720542,3158.0
0.8821793780943533,917.0689525845373,911.2713916266296,-1.202919186727221,5170.0
0.9747864757371403,1002.2702577496285,1000.3207822829742,-0.8961040895212468,5405.0
0.6439977317701614,882.8352611032477,878.6412235733214,-1.5187369531613886,4229.0
0.5865421105731494,807.1859317104457,804.7470256078861,-0.47211220073271437,4015.0
0.8815554035860571,971.6574759579526,963.6972617220604,2.655531044367916,5150.0
0.2846854987169274,441.7730840275123,435.0902700774098,-1.8640194880235894,2387.0
0.32542651028330216,502.5664819583953,502.16757192528604,0.6668428856424513,2592.0
0.8341202378646142,812.558101798795,811.6544123946578,0.19192446827935417,4936.0
0.4634641701624628,622.1724363737127,620.7932112315871,-0.11377837910185125,3398.0
0.7992485606597414,991.3099462152784,989.9874716623077,-0.13597102822240667,4873.0
0.5864433350046786,738.7140787277434,731.996814036432,-1.6956764253711405,4030.0
0.599964201634245,739.5601502958903,733.2974108304833,2.0388474235050738,4009.0
0.4499825255630642,553.7180749687718,553.4920455047779,-0.2161682979785022,3322.0
0.5692999479911814,747.6907435147225,743.8028639571861,-1.183477873160101,3929.0
0.8374332136943095,958.7402871670882,956.6755847805417,0.2362165777009373,4992.0
0.2808198145813493,489.3431177927201,487.3745379391892,-0.33390114675544524,2335.0
0.9278110879825406,983.725596211685,980.0060955313123,-1.39591290215573,5251.0
0.15924339119301167,254.70183406830662,252.09735195194688,1.6434075831695316,1427.0
0.07897204240306677,159.8716409923303,159.53931930519167,0.15005220296006236,785.0
0.4594625018978231,753.7177688935907,750.6745843243963,-1.0393602627083838,3385.0
0.6815789382537749,754.6271130550687,751.1086599731532,-0.5600688058528189,4477.0
0.5605077671311675,758.8173066642481,757.7796398751269,1.1636507751477723,3810.0
0.7801323285982241,916.8111500573492,910.2485245314796,0.8789247202988849,4775.0
0.7262961731828976,897.8095453056014,895.9294050504768,-0.27115678286569256,4619.0
0.3596438323738329,616.3497258650892,613.0499835017464,0.13076528070356294,2879.0
0.8224101412578992,885.356022030548,879.779063657484,-0.642214152939919,4791.0
0.1753511508869735,278.8810016036898,273.19563343514915,0.6940356317284299,1516.0
0.12312824858551019,225.45482625653545,224.26767373088157,1.0818036878612545,1143.0
0.990305652333261,1020.2465520103069,1018.2617888817554,1.87826232543377,5383.0
0.9307996586929124,970.617506477478,968.7903277119974,1.7417709154564,5295.0
0.1707722626223962,334.94683340382886,333.4005014990701,0.5165115955013045,1636.0
0.2863733745161062,427.62366152760086,418.18020986060554,3.127370470945694,2363.0
0.004777195243826138,,,,44.0
0.8962075267914758,855.550827664896,850.3171634224631,-1.7048931303411157,5212.0
0.21816541540471157,332.71352509771003,331.95251411360175,0.5836051420903338,1820.0
0.25628169053223426,387.19049703288255,384.4160198515243,-1.2143211625279748,2118.0
0.08273819666830462,152.846162645643,150.10914369595966,0.37038414724595353,801.0
0.08288714011940712,135.73426541908242,133.83443474241284,-0.978402803588881,818.0
0.6706846992577646,846.0543612836309,842.6617494260091,2.129560351956272,4380.0
0.4441350931426651,581.5302046207988,580.0823168300631,1.1764482374764587,3301.0
0.1942336870821313,298.10220565597064,292.11459044326244,-2.238135293102123,1736.0
0.039998914533783014,74.74155140177007,72.24762831298563,1.010472128272371,409.0
0.5325001161273238,726.3952578921896,722.8585477294793,-0.884396462702171,3737.0
0.6572101550332051,788.5438480836204,788.2973088949306,0.9317398155615864,4313.0
0.2267115798167556,350.7182085775858,347.4317991698313,-1.2373192826746389,1974.0
0.4261883369852383,572.5536946791884,572.2476735535173,0.026962905642495035,3162.0
0.9970133353302847,994.3021286489164,990.4501657039748,-0.7887151003891566,5471.0
0.8935176444237751,958.8965292042026,956.8260465864533,0.6269194669327602,5185.0
0.7746708715924169,870.0956864902923,868.3850952985235,1.2919909838760393,4766.0
0.260927819669565,406.51403323176373,405.3795784791115,0.8777050454904965,2189.0
0.03526340667372674,68.41757461700277,66.89132284907214,-1.0631931321898027,323.0
0.4838702567028107,643.9729548662809,641.6605731995,1.888403198378491,3530.0
0.410335410799592,642.3600240928729,641.7583241641731,0.0006678936706333353,3156.0
0.23957176782434741,400.5780015371662,389.4887540673625,0.024528736909823084,2112.0
0.9266785591052459,903.0989145953722,899.0478293293843,-1.1460667710462744,5185.0
0.49168926309164795,693.0828073897123,691.2452177284979,0.4526233615376605,3492.0
0.6909229113317712,799.7006497362805,796.9623811639163,1.4186649062264178,4355.0
0.374526024935797,611.1033374532632,609.2244132920774,0.41382851795507314,2974.0
0.5876908673432238,716.9684040999405,714.8192214784261,-1.1550964453360217,4039.0
0.9045646235819701,1011.605701494076,994.4827808510149,0.9061924506200699,5192.0
0.3763707731903997,577.1762103912406,575.0906837861195,-0.8775726350865599,2909.0
0.08763561411376786,150.34592183960956,149.1753614004325,-0.9260794638860665,752.0
0.37309275898727357,505.4946900258106,505.0461709958528,0.16744835798189106,2869.0
0.08560183805773236,157.6486773591983,156.83747719999022,-0.6480734830760861,772.0
0.036275032780623606,91.46284630359906,88.7167904340438,0.4334340948502496,378.0
0.8644078132297573,957.4391467130973,956.299411819704,1.7394545510474586,5072.0
0.31451196098476064,530.451678951397,529.7413586517227,0.6486855940388506,2532.0
0.2976234915301703,497.5538161212218,496.2454018901039,0.5588904315295482,2426.0
0.17617678467277187,296.3159952230204,295.8443381100566,0.2950247292055746,1591.0
0.9982924663612194,1044.0234203942575,1041.0547379146744,0.33740552750817204,5325.0
0.4440390764397726,661.3953193542936,660.09663189674,-0.6214723585189849,3323.0
0.08451687754120718,121.46152828638733,120.89855892797316,0.6731699905559482,775.0
0.1495230409764705,309.762645546803,308.5047558656265,0.36701249348728354,1367.0
0.6453952043518295,796.7245463453391,794.5056991098324,-0.9580105451560159,4223.0
0.10220996266200455,126.82702209323926,123.68396120262562,0.4857756930691769,934.0
0.7540678430217347,884.6047879313668,882.0650125027634,0.1450091090187769,4687.0
0.7989348911307832,818.2301470764677,815.5435275842393,1.2247691466862154,4942.0
0.25402876633090343,360.0118822602945,357.79324476319,1.5635441460163264,2180.0
0.47147662980804517,650.0313449248697,649.2450384918553,-0.4804070192602476,3424.0
0.47936505535714014,687.1281891816728,682.8191548495089,1.9445940612199728,3565.0
0.21943459356103956,420.59118752723145,411.4589881095063,-2.038984426653797,1849.0
0.8258172954631029,927.387707231805,925.1215597158458,-0.2852024927923306,4980.0
0.3550217215153022,529.3618483031364,528.0321121851861,0.6937377315410345,2806.0
0.9868443825916706,1079.0464707472033,1073.0586824515563,-0.48889523610560837,5424.0
0.21661295913586898,371.5865770787535,366.67623365977846,-0.786535468156293,1974.0
0.04263264128919897,102.91967646422799,97.77827922413712,1.3554182186915351,449.0
0.5582393216223945,711.1350818190327,707.2051184759057,1.2792976741736763,3902.0
0.7833251773388045,909.3136040355962,908.1833147177786,-0.4466891040339304,4821.0
0.0787515815097013,132.18134561166664,130.48152967334443,0.8398143815158954,748.0
0.7180071121643947,758.5359716783004,751.6914010667308,-0.580276438148812,4520.0
0.8397622307156016,864.7439880405808,862.0672892859899,-0.7477762106886248,4963.0
0.5412155777486312,645.6706973817733,642.7456282066703,-0.3539416862406186,3824.0
0.9200853845013094,1045.3045045755655,1040.1926137153062,-1.6307742510667735,5233.0
0.23979798075625014,423.83020349419365,422.3819179638637,0.7223420808342003,2018.0
0.31627562764094563,531.2760013353493,529.4319631440312,-0.5450058060021657,2567.0
0.5665423004290596,738.832577895003,736.5590202726091,-0.028809212877897082,3985.0
0.38989511685928746,574.1040836703353,571.6925145928473,1.199650433398527,3060.0
0.17324141292263162,354.8568229860706,351.29208390550775,1.0519771613833988,1556.0
0.020068273273352255,42.31624136114689,33.928255701833955,1.7621836504079356,186.0
0.9695423189990765,979.8826640481226,978.701232991578,0.657306871963052,5310.0
0.695404296192297,836.4137449951751,835.0453450590944,-0.005734424386865104,4491.0
0.9782535137808923,1003.1756465402359,1000.3900845815649,0.4325308732432022,5431.0
0.04542352666419802,78.66097371834856,77.45441087497589,0.14105284376079902,434.0
0.00786215047081984,,,,83.0
0.06486170757684173,116.96737304407561,111.25613976485943,-0.04505906059718572,637.0
0.5067746561691566,688.7453427044885,683.9814208658461,-2.046919588444894,3651.0
0.2123567083670862,287.01043249315495,286.2135525436031,-0.2555701643494757,1842.0
0.5824337681523625,743.7887317425601,742.4407902860411,-0.5799499542495509,3975.0
0.9975610849777913,927.6669052012628,926.3792460331042,0.3772999417171412,5465.0
0.1321523712213677,265.3748638236658,260.4227732359787,-0.7030140918131565,1220.0
0.2032397064710949,337.82542903281677,335.17814188592433,-0.7883515211240019,1785.0
0.872464185581471,871.369815449388,870.4815484083787,0.8950917046457972,5024.0
0.4597039610699206,686.8274602893057,684.9989133711226,1.1702030594931159,3355.0
0.24822184312393725,416.2923107161382,415.50831839258876,0.5931148726229302,2060.0
0.46864902901568906,644.5139974243999,643.3944295215366,0.4055675580989418,3409.0
0.41993981690657456,596.7012027369925,594.4154139489341,-0.8964662019619829,3223.0
0.03184447556039316,74.52648874934589,71.6397397328307,-1.5194938817730006,313.0
0.4035882891594832,614.2769792823875,614.2216877825322,0.502495055507453,3134.0
0.5676102005485363,718.6045628168943,717.5930104196204,-0.3908852315455308,3920.0
0.7174245914354275,859.4820693265008,854.4705346545912,0.06222569638241227,4563.0
0.9210709201305637,1007.1311557052023,1005.015492675767,0.6699626411083442,5221.0
0.9962148537479333,1031.638807201423,1025.3371512584656,-0.7751252996386944,5446.0
0.5491380510580708,750.7408684468804,748.9030230375696,0.8356362459813501,3919.0
0.19607217710285152,301.66809134117113,301.5865270959729,0.2735962883098418,1734.0
0.7876176225330077,948.7958695181594,945.3671302638783,0.5341192271735402,4844.0
0.7114423145178883,832.1089291964788,828.120992897204,1.7081330377937498,4493.0
0.7998875915570509,903.3253932675734,901.8589997628936,-0.1216274028927532,4898.0
0.6948923822125376,844.6561366070456,844.1859751855588,0.8366330996359431,4499.0
0.27548754529293484,462.10276821364437,457.5095034791728,0.2595093700743859,2318.0
0.38047769855790214,597.2899543084609,594.5605379488081,-0.6003139597268706,2993.0
0.2710957486428953,480.27065872146227,479.2512976570863,1.1978855367525456,2286.0
0.49307262244999783,690.7574360136556,685.6077244030956,1.3047623077763573,3613.0
0.5259268155300055,670.4897428429377,668.3717707738084,-1.0724889179034034,3778.0
0.5432174679558214,721.3843724406164,720.2846268594456,1.1633442885892324,3808.0
0.1806877163248738,348.98197717369237,348.75592674530145,0.35172624471873243,1579.0
0.5997490966180137,751.9477877196664,750.924770323845,0.626466696209217,4015.0
0.6086936988495864,783.9201512820649,780.7987916369665,-1.1972176608783986,4101.0
0.5762986024008178,798.1482333952955,795.3323028133955,-1.038993753057604,3965.0
0.22295421102335955,366.44157434071053,361.65766015017437,-1.8846682364131235,1918.0
0.015337381698508179,,,,170.0
0.678834001410793,829.3430748786118,825.8686513193868,-0.46124106327671766,4348.0
0.09521727025128979,165.27689079585477,164.41351488735293,0.8855780179367726,869.0
0.9248118423281445,939.4602332333044,937.0224078575569,1.3389501063081761,5329.0
0.8681781089154303,1027.7087025439519,1019.6863502736809,3.301912182169584,5051.0
0.6980707926865833,755.9399180334607,754.1358515324512,-0.7221958323406197,4487.0
0.4940921367148967,618.0657018188022,616.7339333107444,-0.5201588309711753,3552.0
0.8914707030790446,938.1616040718487,937.5002197192466,0.5461139004657739,5123.0
0.5243630901499924,754.9482542644361,750.712899264072,1.2596253348321884,3774.0
0.883930676800081,1093.5752056650883,1092.7307515348555,-0.1906824214855974,5109.0
0.4114881191054086,554.8104250008626,552.6933139999506,0.8992080270097745,3103.0
0.037568741208947265,87.93714063714064,83.76517871698306,2.1472555068865553,391.0
0.7109635525169026,867.6878035238559,867.1342894983272,-0.2533627992585072,4508.0
0.3759034789972785,517.7422726443798,517.0990919714068,0.2833366433118534,2922.0
0.9890066952664496,945.3601022000429,943.3313117327237,-0.262700469987776,5504.0
0.5415770994083997,637.6803428853485,629.460034196551,-1.8107709702832866,3781.0
0.8347580905509545,980.2450192927838,969.1392580761564,-2.815276951561494,4933.0
0.7897524596110712,852.880943549791,851.3048528999552,-0.30234783702800916,4926.0
0.1980861791748617,394.538531759119,394.17055021695944,0.8175520127051878,1733.0
0.9445149894508921,857.5785390141082,851.5007860446232,-1.9073337529758152,5259.0
0.3836238358497778,530.3584472079355,525.7252201806606,-0.33001695854359575,3008.0
0.38438367655062333,529.4684939659858,528.4633075429211,1.2023618735642785,2930.0
0.6550530026987378,801.465835444617,800.2443367772009,-0.06277414652699585,4328.0
0.09170792400556993,149.47014614458223,146.27782404112486,0.14089000657094866,805.0
0.3017075730850127,563.6780857980524,563.4084047212631,0.5524733613379,2391.0
0.8740469833146689,864.9548019753857,863.9944535736701,1.539488463539786,5099.0
0.17906833194171967,264.8332900139905,264.27792583085505,0.009199246339884583,1588.0
0.7519733243585418,895.0753494455352,892.0435952575833,0.9390873743777196,4705.0
0.42600107778536944,728.713134916632,727.6229772688087,0.4742815097062787,3307.0
0.030583900358717164,58.061014669710325,57.69207565770824,-0.49789303462487683,304.0
0.5848444645356439,769.5082296073674,765.8959960941098,-0.21517697000339028,4023.0
0.22884788037941928,393.39830872317384,388.7131690307757,-0.16531433759949218,1977.0
0.2251105120375666,384.71006225384247,380.9997973920907,0.4242285937559744,1916.0
0.12384604918134923,241.068593442635,238.6788522159516,0.47604576131826604,1202.0
0.052651923010387236,78.36255192922422,77.27758910295913,-0.579386340594216,562.0
0.7846646516292334,837.0764426032251,834.2730841754296,-0.6500792208498135,4776.0
0.7998051017271391,906.8558043881512,906.619825474215,0.6418443687136874,4848.0
0.9336421569948122,1007.1406164497296,1005.2780201147488,0.8901782217862323,5234.0
0.9467399535915648,1037.162309231436,1035.390362010977,0.6634883142544907,5352.0
0.6682932974292478,723.3886354096529,719.8384877016118,1.2212123457070803,4331.0
0.4566979741598678,661.2238466514705,660.1594250565522,1.1721377117938216,3377.0
0.07936061526418359,119.37619427638592,119.18406072312783,0.19510504964964145,733.0
0.7837485049055498,831.4089455851589,829.6995307047749,-0.8573270962044816,4680.0
0.385219436104139,497.7037822274909,496.67520908888093,0.9172884755327234,2953.0
0.7198358578639723,898.4707954412359,897.7457386466475,-0.0467337852580518,4568.0
0.39719694052547805,658.1629987407564,656.2689893300438,-0.1758896769414255,3061.0
0.160205157643452,310.46917749911256,309.01062684253543,0.6367463454433767,1471.0
0.5642953223268401,749.5555807401549,738.5457499194642,-0.43895155677173814,3959.0
0.40850096821062887,658.3109824542997,655.120207342922,-0.5693806595490875,3150.0
0.1707317706546807,260.53975299902197,259.1559048685546,-0.20437713427386808,1472.0
0.9779967161214347,1053.0749246726816,1051.4692332749357,0.2169307504292696,5380.0
0.2927655524076208,436.1892787438542,435.700108025245,0.5693405178992312,2352.0
0.6751507610478518,868.2786931016642,865.9611425494757,-0.3822867976667512,4464.0
0.21967128058705243,372.7258782497146,372.242147466136,-0.35963332866198544,1854.0
0.9364224312935643,982.9813209945016,982.2050335234142,0.42147575400321724,5234.0
0.2584161142088224,384.5905925692921,382.4170955564512,-1.3549019134239189,2185.0
0.5161099833224683,695.4800895743565,691.5370866315766,1.5203159971018094,3713.0
0.5260406577447868,718.7112048706565,712.9319313061117,1.9373835704446285,3723.0
0.6162332981164925,830.8006573212331,828.9560839179569,0.2031873688279724,4166.0
0.2533839175081052,375.28257370142353,374.8836154499461,0.0004533832987732095,2128.0
0.245734506744268,348.72620985586235,348.16444583734085,-0.2504691366113119,2034.0
0.6819878499622941,835.343894109142,833.7713543259805,1.5031464252232494,4451.0
0.7219238052415922,931.0574167766147,930.6217593178111,-0.24286207191528308,4576.0
0.11568907145810736,219.07856784827948,216.46311958214687,0.4603816809787816,1036.0
0.2122807300992049,341.1044961381414,340.6979923547759,0.22724199392018904,1834.0
0.4027484039690472,530.1615635239771,529.7244577835844,-0.3525676914745192,3134.0
0.6550496976000902,771.8599110055212,767.9565428164352,-0.10198363555276015,4380.0
0.46794198857640656,696.0125249609924,694.5168478400616,0.6370260369953668,3522.0
0.9545989039410708,900.1729792733719,899.5111879763922,0.5570269431187577,5310.0
0.34632466612403445,533.5023517230079,529.7541125360322,-0.614836933892444,2669.0
0.2891314509784684,406.0855485791344,403.7156192082319,-1.3420530782598519,2324.0
0.0045688281485826154,,,,50.0
0.8901742114811092,969.0916115102634,967.1381645850336,-0.41041670519823265,5049.0
0.8278485388646976,918.1174625689144,918.0533105279424,0.4379820427861242,4852.0
0.9783243391416471,1054.966118865608,1053.4849551905734,-0.3675490974161491,5361.0
0.5402013032489108,698.4750894575087,697.0708945340743,0.4722171705100696,3807.0
0.06427196096377341,125.64012882013,125.18943159058874,0.9812127971888599,607.0
0.3829152776172835,561.3819827076823,559.5242867621895,0.7489875369246933,3068.0
0.1827433409175271,330.4088354451035,328.4895539045926,-0.19395426053420736,1668.0
0.33034602127537194,507.8123224256519,506.5168459403846,0.9326586689966869,2740.0
0.6704400518838246,854.7459107100618,854.5146240034162,0.7223293321389179,4428.0
0.47104707458021366,616.8387013782501,611.7244321348358,-1.2926699009126021,3466.0
0.9850496662044583,1031.3128889217496,1030.7948414929226,0.9830795104342578,5315.0
0.15842861967197341,219.59316774137793,215.5685301222929,-1.2419477146136353,1436.0
0.5932511475891123,698.5871970723274,697.1364622586179,-0.4186773922286658,4026.0
0.7669301526417572,819.5601677266127,816.9154833628677,-0.7524779816009691,4670.0
0.4204249472088637,571.4054407289503,568.2459518079504,-0.7165687481888607,3214.0
0.18448498379277156,269.25340646046686,263.46543209550384,-2.075297142142773,1595.0
0.8054699245394654,914.0907577863308,912.7801669912664,-0.7511882300289098,4816.0
0.9214224947313073,958.8485111572285,957.846455713747,-0.06796278154252891,5213.0
0.6114951743165341,684.3967980464579,683.2880034087021,0.3642368960825084,4099.0
0.7939206903063478,957.123036369115,953.2561693721552,-0.6910065947456288,4718.0
0.041601477905110595,91.90294960953193,87.89201856934136,-0.25482818518835393,414.0
0.645954578870473,783.0348201115183,777.0809362470319,-0.24015730238722674,4298.0
0.18214964488123675,293.9129471166854,288.59128558564794,-1.3117127470501464,1661.0
0.07637367258046679,119.51295838459207,116.6402124818951,1.7215152282926551,785.0
0.03435178374631287,97.0406589927387,90.87563469430344,-1.6393789494790987,325.0
0.9233922926861168,1004.200338450221,1002.241688675909,-0.17442035960679225,5224.0
0.07596882080845613,142.22430195883814,140.04607697170886,-0.46060936498848337,687.0
0.7987780755139646,870.8365098501317,861.3440474855287,-1.8829787829248947,4794.0
0.9848014841370513,915.8148480467527,912.4306304572906,-0.011343040177259029,5440.0
0.37757284375636957,576.5385739106636,575.433690063261,-0.12993301991272213,2984.0
0.6250289707251033,777.2345451122037,763.3922193566386,-3.100020593366608,4121.0
0.8711503975894799,1032.665969889564,1027.1028622179922,-0.13735302494462137,5092.0
0.39070220010768875,563.5447047669126,559.7807772360052,-0.6342834335657355,3118.0
0.36467254657878645,543.0434494808761,541.1919636396191,-0.3553679662656045,2901.0
0.3528972943217624,510.0063272868687,505.83023954467416,0.6615787923268136,2828.0
0.04480072127258117,79.44136428377827,79.31696465881858,0.1412550843034849,425.0
0.5567498023757423,725.0274301248108,720.1934450119309,-0.48523599259014694,3890.0
0.08000897784906325,159.8182674480729,157.0644402506462,1.7834905463237964,782.0
0.6368863753497522,790.126323723552,786.7564941171947,-1.0116825004384362,4226.0
0.7070943241032863,879.8070624832052,877.4476725911967,0.6285692608961057,4621.0
0.20765460285308635,367.60781512028285,367.2518537018593,0.7518276811058888,1813.0
0.028839320843964344,51.540792540792545,49.91648916051202,0.08905942108958284,235.0
0.385716670358072,596.6494298130083,595.6297293585875,0.9830025343649952,2982.0
0.6727877769697148,877.9168586797215,872.4558466489472,0.03875477097200967,4296.0
0.9547970995499103,961.4386457475756,956.0913955047893,0.9304759149214936,5230.0
0.7714049891743898,844.6594802319648,837.620944257695,-1.7506957422791507,4777.0
0.5905364484360278,811.0541418446055,809.5167566075681,0.5625276750782177,4021.0
0.8794658069699092,978.6129620529081,973.789411719386,0.760614389257492,5098.0
0.4200873065297417,607.9679440867623,607.2233664716824,0.020610106572023876,3163.0
0.5103221723485444,674.9845560615645,672.6258844134555,0.3265938925232348,3632.0
0.1303836765644686,234.08812641683474,222.4759601653451,0.9719853094532983,1201.0
0.1905294671959068,294.18639623700483,293.45774703673624,1.2714157816765386,1753.0
0.3780050372028819,583.3736712233489,582.641836507509,0.8505054419946957,3000.0
0.6140503593420535,794.6875083647084,787.0664593013905,-0.9748982641631996,4170.0
0.010997819155314281,52.33234993234993,48.499016309192086,0.8604714610333032,125.0
0.7626052900379473,907.5635804531847,906.3841853676512,-0.814104847342339,4763.0
0.2200923238018777,358.27917682446105,356.16811947153667,0.5064038751421551,1870.0
0.13622502097624123,282.88118357844587,280.0138221523966,-1.1299920917141757,1266.0
0.06219176015692318,122.84094130356485,119.57440899109103,0.506296531470658,596.0
0.8530365891028278,910.5471302685831,905.9370549599585,-1.3074068883929697,5058.0
0.48832221693786626,598.2627113029952,596.8343345535541,0.1907076682957438,3529.0
0.9778416191346067,1052.5996979429794,1048.6990640769936,-1.4744402753992258,5398.0
0.503648402345472,621.1573532799498,619.8348275193466,0.7446158484193834,3727.0
0.4115388227366803,577.3477601199826,576.3863548867295,-0.058273502302313825,3178.0
0.44988598725468887,634.3177724435586,633.9388272121159,0.6535972924171746,3272.0
0.2825939332544801,458.4155288004392,453.29471392091983,0.7161311379563126,2309.0
0.7799762574968738,989.3814755809217,986.4478341859847,-0.2193255805486715,4773.0
0.9146452699842824,965.6996873802414,956.9372125966618,-2.4630773509871835,5190.0
0.6700538570495258,737.2968769600457,736.4931951668797,0.2016734352884037,4399.0
0.5884153273393965,730.890110729997,728.0750664973043,-0.5455708058665784,3998.0
0.6396317080634917,719.2151149366895,713.5639043028477,2.3192819320980167,4213.0
0.8664734619026037,945.4346463724385,941.1024146490015,-0.8975970369964132,5104.0
0.9828655526822454,999.8002468989442,999.7185274222542,0.43123010042070414,5351.0
0.2561651263282423,426.3805793363471,418.2663241841477,-1.7616995668636137,2092.0
0.45577859095116624,625.4542287310302,622.9749040213158,-0.9109218518509041,3375.0
0.8844283547389475,883.4837154117508,875.5392698548039,-0.951226417222996,5125.0
0.6635060723845162,863.246590198808,860.6927387570197,-0.38807893739089666,4351.0
0.4485425041081651,577.2042269000932,573.0552959866691,2.011043351330148,3398.0
0.9310341083489646,1030.333398977633,1029.7246569551248,0.1346248742453447,5338.0
0.41905092316635806,645.3913317180453,644.2892916951666,-0.5943848205992037,3202.0
0.2781343735488374,420.4832569903922,419.51912097893836,-0.039452839896669714,2206.0
0.7522782762093713,929.2622517227804,925.4774840595296,1.7667450547412529,4660.0
0.6994408474139036,839.752755623247,834.5168094988619,-0.961499826150821,4479.0
0.6897715936618518,850.0976776144878,849.899136938072,0.25922089835271167,4403.0
0.6353609370287955,822.925535939946,817.3244877624863,-1.1393877634500058,4213.0
0.6815257801907965,860.4942586861027,855.7865311539773,1.4769067575657973,4387.0
0.9719704942453508,985.8117925883138,981.4436427716423,0.42412268367489325,5385.0
0.7547984779435034,889.486545228218,883.7705217828541,-0.8352663758334037,4731.0
0.36644791258677334,512.7269471261624,504.6819203963679,-2.2978983327795905,2854.0
0.5510099012327222,808.7021064573958,806.0308416432708,-0.8981525885494119,3877.0
0.42117067361908633,568.2893104165909,565.0265315454504,2.2429148741616776,3218.0
0.655062802904352,817.8367055338143,817.3731749800654,-0.24501540831603927,4326.0
0.28168538306239266,474.8264644947841,468.4891254330788,-1.4746295034177086,2319.0
0.23301916064664463,386.05128539561775,382.1068260583248,-1.7526001283863017,2009.0
0.31838088552780597,513.3805781500472,512.7813826891831,-0.5101582482915484,2554.0
0.8837725617214622,891.5997528649287,888.2441462775028,1.4858428789967815,5076.0
0.6514587177105564,744.9441362390859,738.8313165520286,-1.5839382850870223,4317.0
0.5073483146205133,852.639574167568,843.3397405927641,0.8444847809774272,3557.0
0.15847686517078619,256.7976661826934,252.60841312801358,-1.5527742146520067,1441.0
0.7210531705272011,793.2566743380571,792.4773861599805,-0.22080636946852744,4497.0
0.9876620349990441,1043.7543489622378,1039.3630076332556,-0.6199136817068083,5368.0
0.3348255385115604,439.08770890252487,436.7475388401586,-0.8736808672199727,2667.0
0.1564178213267594,243.6632036166521,242.84645656023716,-0.011164495904306413,1388.0
0.24809539959523896,355.85173131652436,351.38279627130515,-1.496645242426132,2101.0
0.8033084541133569,856.1203729522289,853.5828748487127,0.6341270862245071,4816.0
0.030633537661384436,59.36523356368718,57.809924891720925,-0.795831229080059,284.0
0.4533529511969384,646.6143512762338,645.3556103105359,0.8307378150182484,3436.0
0.0536151959206862,98.4695284518898,96.36698998837852,-0.7478044251237611,539.0
0.3163204065895251,408.8940834632638,407.9763093355998,0.6590240814991046,2515.0
0.7237800386922131,812.8391842726487,807.3388934090995,-1.8011273535406949,4572.0
0.3155219700915336,511.1784424222003,505.84018597053534,0.03364491678365819,2559.0
0.17011131529972856,343.03069535062144,334.53626165150104,0.6186112852215118,1550.0
0.24723186712856604,364.06280454387763,363.5699969798318,-0.22802023414646252,2141.0
0.41732742172887927,555.467418672829,552.9151882804618,0.7185226251351304,3167.0
0.13078654669874568,245.73693905455977,245.07662401519198,0.4509856708257978,1274.0
0.6107137904128349,849.8776322261518,849.2720991922463,-0.11841159671252972,4185.0
0.6542931599471166,913.115918207051,910.793197564693,0.46917449046502696,4337.0
0.7515202002041866,829.7715693427061,825.5010083888209,0.9167084422312033,4634.0
0.9538291316497517,942.9224241628287,935.8313677761064,-0.9114477122771081,5267.0
0.49955897461972054,718.0157083255344,715.8743315599415,-0.9307554160314033,3642.0
0.5904649027138462,737.9007890214755,736.5199671978015,-0.3714846898206105,4016.0
0.2700329034394111,431.03325263237224,426.39610169862164,-0.8354218795668836,2238.0
0.14901350858505102,251.90087113015684,248.07413771017534,-0.8846773420971688,1306.0
0.7157407748117157,894.0932663410176,892.2939104632227,-0.43747005113160464,4544.0
0.875885838277074,914.0660782012661,911.7566924866022,-0.2607387061422829,5080.0
0.5774263051572845,780.1933651487145,779.4621671262685,-0.06245527178178307,3973.0
0.1320372934873647,214.78220848664196,214.26109703899021,0.8564687955113061,1259.0
0.7420655919843737,820.178381096223,814.3903926338074,-1.296855894547471,4697.0
0.9858592794897959,986.502976576979,986.2487773018287,0.4774677163707411,5403.0
0.2203056479108645,343.95331043100595,338.09365068304425,0.6513612062398436,1849.0
0.5440511039432225,699.0144707914974,694.4823675860798,-0.41440771707469953,3844.0
0.8141769321657482,780.2329179105299,774.3729763061111,-1.8796605580566947,4900.0
0.7065246016191316,837.5770708602221,836.5175494364976,0.5555243820879867,4472.0
0.7248871585562047,847.662499971808,846.061834957148,-0.2678534124039764,4576.0
0.989354477232163,976.6754775680895,976.1214712528099,0.4012112747673293,5287.0
0.5891505734947629,725.159035740323,721.9122373525861,-0.5436926452665765,4041.0
0.5776618747554214,735.5863935342361,734.8413843802409,0.41397078324279496,3977.0
0.22071221893017556,326.73353158901176,321.403056345543,-1.5505849910501932,1876.0
0.5508798383417589,800.4121366015918,796.8524045108586,-1.2923209986512858,3876.0
0.44392369457385306,630.0245548809827,625.3459698751789,-0.9085529516437317,3273.0
0.15529739379277951,274.60329164932017,274.078041466351,-0.1473013087884448,1462.0
0.3738915302622746,534.2866971487208,531.7968264428617,-0.006171301946468518,2920.0
0.019744477811278638,42.35259595730184,41.528691807225535,-0.6941060598011813,214.0
0.5907711440260024,739.9270072273116,738.9689735048104,0.005900262615874864,3994.0
0.025680770490333682,60.86422799311408,59.94107412602505,0.6327837764100382,263.0
0.18892695049601427,304.7346497649076,304.3309992819956,0.4166467494176963,1617.0
0.25803666111284773,437.2464048168545,436.85318406278145,-0.08377811077057426,2152.0
0.2528101044791835,442.1713306478275,436.3425673436545,-2.29688142891565,2096.0
0.6847117622591241,856.8423125462276,854.7931887431331,1.9933400593398414,4378.0
0.5308746011583076,653.0820102755475,651.1263102179047,-0.06954986497444411,3750.0
0.18969653378355633,297.72319412015173,297.06900306046424,0.31755592613023825,1588.0
0.4823216426132422,646.3629403863268,642.531529683141,-1.5176590803988603,3490.0
0.7999243382517254,937.5581351108298,934.6812897879852,-0.09629696716867629,4843.0
0.2959435443225037,410.32955328204366,407.711034309983,1.0169468559272086,2435.0
0.8512353278241888,864.6047103192723,853.5693941821751,-1.1043634149883161,4957.0
0.27242427704434036,433.9294497967982,432.5681484170444,-0.25434339165385783,2290.0
0.3042171329133816,479.1090442446481,476.9578156482064,0.9272113159201774,2433.0
0.3071085504272184,477.64051259252074,474.30890523842373,-1.45224739065884,2546.0
0.05863978491173827,117.27461999233675,113.28928783966927,-1.619206772349312,579.0
0.9967666366734317,990.7379322859425,985.3334588131353,-1.5640816863907667,5370.0
0.8626411196252538,990.7061113019884,988.3669630552519,-0.7390608665411349,5226.0
0.9409524822375567,999.6634020627301,997.7503038962908,-0.1984425866806807,5285.0
0.6614009871517564,785.8788464134207,784.712483093226,1.198741280018869,4399.0
0.10119777482524661,206.11728505268863,204.6985500469288,-0.3102105808443434,894.0
0.47094180400845176,633.8416344882019,631.397478822067,0.6556409016459472,3416.0
0.31986353263973555,468.13622953816423,465.85703865724895,-0.7114200870045468,2592.0
0.6534705363255705,819.2775980834803,816.5459473431303,-0.04506384217251485,4309.0
0.024698469699011016,61.184182888820395,60.19886051032511,0.4795778085599372,248.0
0.42257662518768524,620.4003679743499,615.7891061656561,-1.0809018109045374,3273.0
0.7980665945592968,935.3452226091972,932.2856900639433,-0.6888734330603501,4811.0
0.4655643608698351,586.8110337408448,585.3469307485917,1.2357432939175264,3398.0
0.49331087876346513,658.8735711727759,651.8697698131062,-1.8826465277978308,3625.0
0.3947882469318331,515.0231708167822,512.7102167300872,-0.28884644817173005,3111.0
0.3051373835131078,436.69047614852,434.97822002748336,0.49828137017424484,2429.0
0.4992120157240606,762.6240794951904,755.650358768391,2.7700133826926154,3663.0
0.0622360241286789,132.5059718523106,123.703313712893,3.2328678571193605,616.0
0.855629012484853,856.8805576779065,855.4811492035199,-0.5833640725693303,5094.0
0.05037278257242128,91.40751871410617,85.61780756696614,1.8207815488083645,472.0
0.3856392429585368,549.2495523796113,547.8942951906806,0.7267483409192318,3004.0
0.3311037508007333,544.6255628632344,543.6034665134887,-0.4379515968142129,2693.0
0.29574858974515617,370.7037177497788,369.9111457443554,-0.00131700132628288,2422.0
0.16529226836025823,246.05858845658463,244.345984960893,1.3579488773093458,1454.0
0.8894033542955443,978.6477134197764,975.5155736593965,-0.6130233641869082,5131.0
0.580539483722062,689.322836248384,687.8242625382467,0.016285817798740835,3986.0
0.8038553439111454,927.9698830885467,924.4159388588531,-1.3960982309239558,4903.0
0.12234591110521209,220.50528058950354,218.1495370505641,0.24280491675650673,1112.0
0.4619492893762517,615.420456349173,612.3167800483783,-1.309804017949958,3387.0
0.5376594023911587,684.0143699855784,681.085386694575,0.4149741612490766,3732.0
0.16386268306946583,310.7824725542838,305.1329893677116,-1.9755459896838456,1522.0
0.8241703477427818,905.7214466282502,902.6414328079827,0.3562799537456319,4908.0
0.48316124390219206,554.700349586924,550.4465118979389,-1.6168781942710517,3455.0
0.12792375625543528,194.35324832764445,191.0637773954521,-1.0535840247720127,1132.0
0.8476450834718631,944.8946102256537,943.6729165010771,0.23821311204167264,5076.0
0.15956876684403176,250.35884592411992,248.99828191143027,-0.47908546139879554,1413.0
0.1524126801436383,249.02783380322256,247.36558398216013,0.5376609976990206,1357.0
0.16907246801586784,282.61792535123334,281.8530561031848,-0.23060240615104088,1453.0
0.6478677674858685,737.0959875392571,737.0680006817037,0.640427952067467,4398.0
0.8627105570040403,933.2341751815435,927.1556622750101,2.8338348766192345,5050.0
0.4092784092956474,670.480731268515,668.6705525658657,1.5789766268127305,3215.0
0.8970631505582316,949.0417750641205,948.1994394754819,0.5765748255492938,5232.0
0.7910662658410402,800.2738343586396,798.5698360569239,1.2438212044734696,4773.0
0.5680352157082652,752.8040917703426,749.7342133475864,-0.18007880519479363,3985.0
0.05173050468572382,122.23150888313239,115.8429913857139,1.7385749374797104,476.0
0.7810601806624706,1001.2657279817837,990.5450932272523,-1.250551601316368,4837.0
0.2829328809253089,444.3258431108692,443.7361419505899,-0.33256414843834364,2352.0
0.0774162943029868,121.1282575483777,115.88348221888754,1.0168907577491928,729.0
0.6331653301419129,814.5907271926775,810.4311406984648,-1.4632991989527546,4169.0
0.19089753456603709,324.22202170756907,312.60009282688543,-2.7192124674494695,1621.0
0.32281323371998416,556.6634099886688,552.1777552833183,-1.783777701133932,2610.0
0.31098658876720875,475.39548175065977,471.4615956525639,-1.5572079857834586,2546.0
0.9126643585656516,946.1953843218831,939.2874713385785,-1.9358536581222505,5121.0
0.3027912593495464,420.74940473409816,417.8695265112295,-0.8327436800997334,2437.0
0.6792251101375527,754.0058021455287,752.5244789803019,0.3408301183754076,4431.0
0.9772663354822293,1013.8429015156057,1010.4216960873044,-1.1239740040093076,5286.0
0.4883761270234037,628.9259839903493,624.073743550533,-0.3777437470764288,3544.0
0.9064803896601199,904.4919522442005,902.3030791872843,-0.41562789424722063,5162.0
0.7879156300481862,822.37848512988,820.1989572425903,-1.1522083369776601,4713.0
0.24362818374107875,405.43880127269847,404.11509493037084,0.997813354864128,2077.0
0.19490362129415173,357.3059217270259,355.00571461504205,-1.1337996028393416,1686.0
0.5294002572213848,741.4253305311532,739.3053509467712,-0.9615333202008977,3813.0
0.7944703478011582,853.6802929375848,851.7880009491644,-0.8557891756019497,4866.0
0.3894424928688901,580.1683903786326,577.4302865491421,-1.2393769819365366,2993.0
0.23991483433803373,393.0090407813465,392.3569790611262,-0.5823611033623209,1999.0
0.7570744994063472,935.8428356941969,935.7184189591986,0.5759969086302682,4726.0
0.7686808649468392,1012.5882413498011,1006.9084604170893,-1.9745526826065987,4781.0
0.6968069897985247,934.6274500866857,932.506439376838,1.3096689410239761,4475.0
0.9657128405996199,1046.4153833309397,1043.6886788499942,-0.6702859082087745,5362.0
0.16611991631137923,368.5426074013917,366.73589187055074,1.1711689182128073,1496.0
0.01192480775161231,,,,109.0
0.26077836624513084,409.6629854081047,402.4668124170351,2.3221069636460983,2207.0
0.4787806122374699,711.3513653422652,708.3745338797996,1.281217048192541,3481.0
0.7834123906573025,966.166853471229,961.6122527318194,-1.5389037670102026,4771.0
0.10522126257974607,198.07650119088748,194.64478243307587,-0.9098690207889034,993.0
0.6245838534190282,755.8437533442356,755.1193624086034,-0.5449455845895945,4219.0
0.18283791487102152,329.70941502895045,327.66077924873736,1.6733146240205719,1615.0
0.5335624795822811,716.8228512872448,713.8515307328335,1.837749789100457,3707.0
0.620934251090289,740.6366266687567,738.71982818353,-0.22709657874918757,4123.0
0.6332197789786341,746.9517862722242,745.5385775728759,0.08161649043412356,4173.0
0.1685164770897194,269.2929864623674,268.6083823747533,-0.19511781040823464,1488.0
0.6303831760130859,797.4432742924478,796.4319233456665,-0.4355496833181944,4208.0
0.3247102139819754,477.7049517659907,476.2614618055736,-0.25410606071048086,2677.0
0.7333566046801598,842.5416675548059,840.1187840558688,-0.7143310124594622,4582.0
0.9820637331997741,1008.8942522798179,1000.7640518790629,-1.0037616206202153,5339.0
0.12230818287860934,174.52794499618028,174.1413273247562,-0.041927582198646535,1088.0
0.855535135297315,882.5979513820297,880.6784470502764,0.8553631352967958,4964.0
0.597321891324487,803.2451356734487,799.3734365214509,-0.2707793000380784,3970.0
0.7247583040702388,875.2695704420485,872.3766414143219,-1.2539624066248072,4592.0
0.6320447203399072,842.9561486527014,841.7450547956764,0.06045849946508298,4191.0
0.7085186534761119,904.0170902440317,901.950986389517,-0.035584284366714125,4501.0
0.07025356107266545,129.03795203959817,127.79110812744493,-0.594312796275791,672.0
0.19428137924023192,331.8635394662855,328.39531026823454,0.41160229951499583,1762.0
0.10049581966979282,233.73894407010584,230.98874487740946,-0.16877707695441443,900.0
0.5257610515861391,672.2515468904506,671.5356516928184,-0.34994680147437524,3715.0
0.8438021603743879,1018.9267677891046,1018.234676472953,-0.16270330959114265,5107.0
0.033549609771945654,70.87065898974521,67.08625833767492,-1.9676930888946513,331.0
0.704977993923262,766.7502110964207,758.8092616854672,-1.3330765224982206,4525.0
0.7075057207810029,877.6648263336393,876.771718110028,0.5208793622930326,4526.0
0.02365995613929861,39.98439008815375,38.339905811966624,-0.5644736701469315,223.0
0.5452007711889924,791.2193170229666,789.6747506067314,0.06814267580472683,3865.0
0.21229645128619434,351.95856668974676,349.73065463285855,-1.1567061207402896,1782.0
0.1402645689804506,254.3327646221145,251.2637542748216,1.359870972020167,1299.0
0.46643576480476834,628.7117914678731,626.9273583524077,-0.6123591928928186,3491.0
0.30214385794562393,439.5739182681263,438.17159627841477,-0.10187526469768081,2493.0
0.44832883674517066,605.7909482453769,603.4059586549109,-0.06781028109904157,3375.0
0.06766731006729287,138.87741578005316,134.59922302980252,-1.7514566242834864,635.0
0.4549796625124358,728.3427674932193,725.432988063657,-1.5034830350007757,3408.0
0.09838831577336693,138.27187228708834,135.87293109326794,-1.3581120521402026,927.0
0.8097357002120261,884.2232105230175,878.7604918458015,-1.9291943863204843,4946.0
0.23560197274362138,359.8309167537059,357.57888336508034,-1.2472453540301225,2004.0
0.4680160470397481,593.5069718326474,591.4477564900761,-0.7075473570175439,3404.0
